# AUV Synthetic IMU  — timestamp,ax,ay,az,gx,gy,gz
timestamp,ax,ay,az,gx,gy,gz
0.0000000,0.4308749,0.0447752,-9.7792095,0.0034455,-0.0150936,-0.0043349
0.0100000,0.3197754,-0.0474887,-9.8346498,-0.0006119,-0.0076780,-0.0022095
0.0200000,0.3777288,-0.0253759,-9.8284561,-0.0064881,-0.0088132,-0.0019454
0.0300000,0.3120159,-0.0204495,-9.8109416,0.0022152,-0.0095704,-0.0074663
0.0400000,0.3265004,-0.0462585,-9.8438968,0.0003615,-0.0084902,0.0021103
0.0500000,0.2833117,-0.0874223,-9.9087765,0.0033337,-0.0089207,-0.0000460
0.0600000,0.2865288,0.0361150,-9.7751542,0.0027770,-0.0076176,0.0008273
0.0700000,0.3176678,0.0509132,-9.7040119,0.0010023,-0.0096163,0.0061637
0.0800000,0.2110315,-0.0022019,-9.7483774,-0.0013876,-0.0103115,-0.0003404
0.0900000,0.3209372,-0.0140054,-9.8705887,-0.0009104,-0.0111864,0.0009581
0.1000000,0.2888100,0.0699038,-9.9235594,0.0016560,-0.0092270,-0.0034160
0.1100000,0.3339772,0.1320724,-9.8982546,-0.0013925,-0.0104860,-0.0021456
0.1200000,0.2863537,-0.0105881,-9.8372819,0.0022588,-0.0099841,0.0006694
0.1300000,0.3263312,0.0226853,-9.8147798,-0.0043788,-0.0059692,-0.0010145
0.1400000,0.2134903,-0.0002877,-9.7840596,-0.0007580,-0.0064273,0.0041095
0.1500000,0.2483725,-0.0883125,-9.8076364,0.0017714,-0.0110152,0.0035199
0.1600000,0.3350398,0.0798860,-9.8404592,-0.0032680,-0.0054458,0.0028614
0.1700000,0.2725621,0.0979069,-9.7454374,-0.0040761,-0.0079575,-0.0026900
0.1800000,0.2413662,-0.0647068,-9.7886867,-0.0043202,-0.0056415,0.0000830
0.1900000,0.1216883,-0.0133025,-9.8729803,-0.0005108,-0.0111455,0.0020721
0.2000000,0.2474793,-0.0190297,-9.7417658,-0.0018543,-0.0080123,0.0003716
0.2100000,0.1980572,-0.0682372,-9.7827831,-0.0008543,-0.0136052,0.0025025
0.2200000,0.2174222,0.0045171,-9.8202669,0.0026126,-0.0074862,0.0000694
0.2300000,0.1621832,0.0333789,-9.7760286,-0.0015300,-0.0074429,0.0018381
0.2400000,0.1611479,0.0624512,-9.8101072,-0.0018423,-0.0089024,-0.0001856
0.2500000,0.1436753,-0.1132728,-9.7399313,-0.0009706,-0.0087416,-0.0052701
0.2600000,0.1362367,0.0294789,-9.6652926,-0.0037786,-0.0006363,0.0001664
0.2700000,0.2028297,0.0428720,-9.7797402,-0.0016043,-0.0019140,-0.0015841
0.2800000,0.1892682,0.0624908,-9.7977908,-0.0010463,-0.0062505,-0.0008929
0.2900000,0.0594138,-0.0183178,-9.8864685,-0.0050804,-0.0079515,-0.0007056
0.3000000,0.1237971,-0.0444913,-9.8146481,0.0051713,-0.0039980,0.0003952
0.3100000,0.1084400,-0.0041441,-9.8347082,0.0004203,-0.0103311,-0.0014628
0.3200000,0.1848160,-0.0253379,-9.7697692,0.0036716,-0.0107853,-0.0005279
0.3300000,0.0731721,0.0047680,-9.7599539,-0.0019760,-0.0084798,0.0059609
0.3400000,0.0465063,-0.0407551,-9.8319129,0.0008259,-0.0073709,0.0039494
0.3500000,0.0245960,-0.0223565,-9.7353863,-0.0001947,-0.0110830,-0.0048925
0.3600000,0.0048923,0.0820070,-9.8917011,-0.0064732,-0.0094732,-0.0056291
0.3700000,0.1367186,-0.0368037,-9.8760888,-0.0014341,-0.0096646,0.0020020
0.3800000,0.0574274,0.0286749,-9.8110406,-0.0073594,-0.0061395,0.0028185
0.3900000,0.0578758,0.0051489,-9.8625632,0.0021259,-0.0062161,0.0050989
0.4000000,0.0574569,0.1035242,-9.7714105,0.0025544,-0.0054318,-0.0017949
0.4100000,0.0483481,-0.1234210,-9.8411864,0.0009810,-0.0045506,0.0036413
0.4200000,0.0318748,0.0014395,-9.8027638,-0.0026820,-0.0080334,0.0027927
0.4300000,-0.0019994,0.0277917,-9.7522125,-0.0099079,-0.0075545,0.0028105
0.4400000,-0.0598336,-0.0452317,-9.8508781,-0.0009980,-0.0112773,-0.0003895
0.4500000,0.0078350,0.0121662,-9.8378791,0.0016347,-0.0075160,-0.0008432
0.4600000,0.0658211,-0.0429285,-9.8047431,0.0020028,-0.0113671,-0.0012827
0.4700000,-0.0731617,-0.1611247,-9.8419172,0.0008070,-0.0018093,-0.0021385
0.4800000,0.0373306,0.0188030,-9.8015484,0.0040186,-0.0098593,-0.0010782
0.4900000,-0.0525365,0.0269503,-9.7605578,-0.0033151,-0.0061815,0.0021733
0.5000000,-0.0497290,0.1029185,-9.7460319,-0.0047450,-0.0096357,0.0005111
0.5100000,-0.0673995,0.0446603,-9.7653519,0.0012738,-0.0074551,0.0036145
0.5200000,-0.0432702,0.0246754,-9.8152354,-0.0014932,-0.0049529,-0.0005612
0.5300000,-0.0565547,-0.0260260,-9.8679337,-0.0012117,-0.0066626,0.0072317
0.5400000,-0.1164420,-0.0066737,-9.8190417,-0.0056700,-0.0067968,-0.0021298
0.5500000,-0.0456809,-0.0252732,-9.7026376,0.0010414,-0.0042644,0.0015839
0.5600000,-0.0190320,0.0309292,-9.8146779,0.0048968,-0.0050752,0.0035169
0.5700000,-0.1594459,-0.1303092,-9.8343216,-0.0009608,-0.0052077,0.0037187
0.5800000,-0.0850852,-0.1300294,-9.7909280,0.0018723,-0.0066130,-0.0006706
0.5900000,-0.0552941,0.0295409,-9.7907242,0.0009628,-0.0068183,-0.0026526
0.6000000,-0.1230418,0.0817048,-9.7657995,0.0023868,-0.0033223,-0.0046653
0.6100000,-0.1584843,-0.0212523,-9.8258592,0.0000624,-0.0038260,-0.0003020
0.6200000,-0.1122289,-0.1115530,-9.7707886,-0.0000567,-0.0083510,0.0005078
0.6300000,-0.1884535,-0.0144372,-9.8472997,-0.0004314,-0.0112538,-0.0015172
0.6400000,-0.1347606,-0.0018082,-9.7649524,-0.0019337,-0.0066313,0.0020731
0.6500000,-0.1795124,0.0077963,-9.8534145,0.0029795,-0.0066885,-0.0040067
0.6600000,-0.1284424,0.0766264,-9.8662001,0.0006518,-0.0067322,-0.0008657
0.6700000,-0.1589561,-0.0593107,-9.7307758,-0.0017574,-0.0059626,0.0040121
0.6800000,-0.1083117,0.0825577,-9.8223691,0.0001626,-0.0088930,-0.0006629
0.6900000,-0.2215650,-0.0409288,-9.7959386,0.0026902,-0.0139145,0.0033494
0.7000000,-0.1979933,-0.0840251,-9.7837568,0.0009670,-0.0044481,-0.0005032
0.7100000,-0.1537881,0.0720261,-9.7442966,0.0004546,-0.0113832,-0.0084438
0.7200000,-0.1418678,-0.0603695,-9.7090937,0.0081376,-0.0074044,0.0060865
0.7300000,-0.2539203,-0.0616255,-9.8189682,-0.0006511,-0.0076721,-0.0006927
0.7400000,-0.2990856,0.0108962,-9.7276766,0.0040002,-0.0139618,0.0005618
0.7500000,-0.2451884,0.0005748,-9.8034350,-0.0022958,-0.0056747,-0.0070540
0.7600000,-0.2674206,0.0688216,-9.7460796,-0.0014608,-0.0093962,0.0003760
0.7700000,-0.1964473,-0.0891320,-9.7958510,0.0004064,-0.0082442,-0.0011495
0.7800000,-0.2008315,-0.0104605,-9.7955822,0.0039595,-0.0054998,-0.0001905
0.7900000,-0.2389778,0.0115264,-9.8058431,0.0021995,-0.0022366,-0.0037484
0.8000000,-0.1573030,-0.0148712,-9.6929441,0.0034262,-0.0092713,-0.0000407
0.8100000,-0.1928846,0.0717105,-9.7894320,0.0026606,-0.0083318,-0.0014952
0.8200000,-0.2505943,-0.0063326,-9.7971466,-0.0007087,-0.0044110,-0.0021907
0.8300000,-0.2555072,0.0256887,-9.7593976,0.0007984,-0.0085295,-0.0013637
0.8400000,-0.2758663,-0.0368767,-9.8115601,0.0016959,-0.0082827,-0.0035229
0.8500000,-0.3217139,-0.1060283,-9.7948465,-0.0026436,-0.0098617,0.0016199
0.8600000,-0.3416681,0.0115034,-9.8656120,0.0019014,-0.0080315,0.0006193
0.8700000,-0.2524998,-0.0523072,-9.9004804,-0.0050074,-0.0109749,-0.0040045
0.8800000,-0.2905299,0.0461901,-9.7321281,0.0027734,-0.0112718,-0.0060238
0.8900000,-0.3748450,-0.0226748,-9.7856329,-0.0028633,-0.0100509,0.0005341
0.9000000,-0.3247872,0.0091937,-9.7623817,-0.0007941,-0.0054003,0.0046264
0.9100000,-0.4005909,-0.0358339,-9.7292156,0.0019375,-0.0107585,0.0048404
0.9200000,-0.3095005,-0.0835885,-9.7686968,-0.0018154,-0.0028013,0.0026769
0.9300000,-0.3136655,0.0427471,-9.7662551,0.0039499,-0.0047233,0.0018501
0.9400000,-0.3968800,0.0263667,-9.7034605,0.0036086,-0.0086783,-0.0002149
0.9500000,-0.3470161,0.0346466,-9.7155750,-0.0017344,-0.0069059,0.0026683
0.9600000,-0.4138276,0.0894401,-9.7807044,-0.0019271,-0.0087668,-0.0008429
0.9700000,-0.2911511,-0.0394759,-9.8075133,0.0024119,-0.0090755,0.0031467
0.9800000,-0.2894942,-0.0359711,-9.7350910,-0.0014296,-0.0062896,-0.0001046
0.9900000,-0.2657701,-0.0921589,-9.7381992,-0.0005778,-0.0111389,0.0018014
1.0000000,-0.4082967,-0.1176311,-9.7834805,-0.0019558,-0.0088740,0.0019132
1.0100000,-0.3814201,0.0373593,-9.7224294,0.0011637,-0.0113851,-0.0035962
1.0200000,-0.3479593,0.0357543,-9.8624919,-0.0003353,-0.0135245,0.0038665
1.0300000,-0.3469289,-0.0932145,-9.8380159,0.0018125,-0.0076061,0.0000930
1.0400000,-0.4230737,0.0177174,-9.7162944,0.0012124,-0.0085869,0.0023059
1.0500000,-0.3931702,0.0031982,-9.7892451,-0.0001686,-0.0047001,-0.0045880
1.0600000,-0.4723650,-0.0135023,-9.8419628,0.0016119,-0.0070283,0.0041533
1.0700000,-0.3705216,0.0647473,-9.7082670,0.0002282,-0.0066440,-0.0046086
1.0800000,-0.3933086,0.0056322,-9.7476348,-0.0026664,-0.0061614,0.0007324
1.0900000,-0.4365473,-0.0152484,-9.8606938,0.0026503,-0.0066586,-0.0014873
1.1000000,-0.4726930,-0.0526383,-9.7689125,0.0001142,-0.0107279,-0.0010822
1.1100000,-0.4248412,0.1016490,-9.8342979,-0.0000847,-0.0046092,-0.0001781
1.1200000,-0.4388814,-0.0724274,-9.7700992,0.0011188,-0.0073702,0.0019256
1.1300000,-0.5807353,-0.0471160,-9.8429433,-0.0077604,-0.0077619,0.0007679
1.1400000,-0.5533270,0.0682755,-9.7424213,0.0005165,-0.0066334,0.0011525
1.1500000,-0.5156371,0.0606618,-9.7304483,0.0067450,-0.0087730,0.0044174
1.1600000,-0.3788335,-0.0453304,-9.8329809,-0.0034366,-0.0069180,0.0025016
1.1700000,-0.3933024,0.0142327,-9.8175329,0.0024138,-0.0078900,0.0001562
1.1800000,-0.5257742,0.0385174,-9.7760346,0.0005198,-0.0135764,0.0012207
1.1900000,-0.3863980,0.0171546,-9.7608375,-0.0022704,-0.0068888,0.0002609
1.2000000,-0.4975703,-0.0541541,-9.7856777,0.0025934,-0.0069921,0.0023684
1.2100000,-0.4422196,-0.0782200,-9.7614070,-0.0055399,-0.0070549,0.0030455
1.2200000,-0.5639823,-0.1044624,-9.8225695,-0.0015948,-0.0060650,-0.0001744
1.2300000,-0.4864727,-0.0153413,-9.7955639,0.0005153,-0.0086845,0.0006834
1.2400000,-0.5362682,-0.0475920,-9.8535023,-0.0015041,-0.0104764,0.0004727
1.2500000,-0.5609350,0.0273988,-9.7160822,-0.0008567,-0.0069510,-0.0010036
1.2600000,-0.5186675,0.0574562,-9.8376339,0.0006590,-0.0072534,-0.0048721
1.2700000,-0.5465727,0.0488851,-9.6943812,-0.0012500,-0.0105349,0.0004319
1.2800000,-0.5103985,0.0862976,-9.8396903,0.0034680,-0.0102848,-0.0047971
1.2900000,-0.5502726,-0.1261983,-9.7703821,0.0018154,-0.0073394,-0.0006374
1.3000000,-0.5554011,0.0203319,-9.7724946,-0.0000879,-0.0069238,-0.0042313
1.3100000,-0.6146513,-0.0224701,-9.7896065,-0.0002851,-0.0071918,0.0040210
1.3200000,-0.5817999,0.0207828,-9.7395387,-0.0000624,-0.0124846,-0.0001152
1.3300000,-0.6200419,-0.0501161,-9.7648086,0.0055256,-0.0084679,-0.0005511
1.3400000,-0.5369547,0.0492104,-9.6819376,0.0023210,-0.0108501,-0.0012722
1.3500000,-0.6848095,-0.0152519,-9.7323241,0.0013992,-0.0041202,-0.0001964
1.3600000,-0.5965547,-0.0189906,-9.7134209,-0.0006487,-0.0058041,-0.0007585
1.3700000,-0.6164048,-0.0176563,-9.7122292,-0.0012310,-0.0097731,-0.0023514
1.3800000,-0.6394367,0.0011843,-9.7159666,0.0023910,-0.0036172,-0.0048020
1.3900000,-0.6187529,-0.0198566,-9.7831905,0.0027067,-0.0157581,-0.0038143
1.4000000,-0.5420831,0.0620003,-9.7752920,0.0035917,-0.0125407,0.0047562
1.4100000,-0.6197247,0.0216952,-9.8457391,-0.0053316,-0.0124843,0.0002987
1.4200000,-0.6276053,-0.0151616,-9.8071080,0.0003307,-0.0090219,-0.0031543
1.4300000,-0.5940443,-0.0566758,-9.7542777,-0.0046945,-0.0132344,0.0007209
1.4400000,-0.5550100,0.1130837,-9.8164892,-0.0014791,-0.0075873,0.0078788
1.4500000,-0.6427716,0.0087667,-9.8047955,0.0005534,-0.0079846,-0.0041455
1.4600000,-0.6767248,-0.0187070,-9.7633778,-0.0017629,-0.0085284,0.0034923
1.4700000,-0.6411995,0.0149194,-9.7512199,0.0041622,-0.0102426,0.0026101
1.4800000,-0.6091683,-0.0825038,-9.8371513,0.0030692,-0.0107206,-0.0006975
1.4900000,-0.5522219,0.0654246,-9.7587268,-0.0007991,-0.0055501,0.0012461
1.5000000,-0.5971274,0.0040714,-9.7720367,0.0006923,-0.0033079,0.0020631
1.5100000,-0.6053073,0.0326673,-9.6072136,0.0020747,-0.0070910,-0.0039849
1.5200000,-0.7341506,-0.0011909,-9.6929085,0.0032243,-0.0088777,-0.0008514
1.5300000,-0.5953819,-0.0143619,-9.7738470,0.0015560,-0.0073592,-0.0024979
1.5400000,-0.6548245,-0.0575528,-9.7275032,0.0044325,-0.0123285,-0.0003603
1.5500000,-0.5699144,-0.0752131,-9.6349556,0.0024621,-0.0095284,0.0017448
1.5600000,-0.7580686,-0.0111807,-9.7799828,0.0026532,-0.0086202,0.0082753
1.5700000,-0.6291960,0.0910743,-9.7392642,0.0008247,-0.0077916,-0.0060789
1.5800000,-0.6998561,0.0657841,-9.7113031,-0.0041917,-0.0091350,0.0056955
1.5900000,-0.6999829,0.0139129,-9.7872698,-0.0016819,-0.0062971,-0.0046802
1.6000000,-0.6608248,0.0037824,-9.7717762,-0.0030525,-0.0040425,-0.0007108
1.6100000,-0.6223959,-0.0802769,-9.7310510,0.0013268,-0.0067053,0.0028674
1.6200000,-0.6332249,-0.0528690,-9.7748334,0.0015468,-0.0135003,-0.0005781
1.6300000,-0.7192093,0.0364400,-9.7442281,-0.0016997,-0.0063544,-0.0004626
1.6400000,-0.6916620,0.0530928,-9.7968060,0.0001194,-0.0087891,-0.0033318
1.6500000,-0.5717124,-0.0294038,-9.7778676,0.0033169,-0.0073628,-0.0013671
1.6600000,-0.7086576,-0.0834273,-9.8359369,-0.0012054,-0.0072070,-0.0018751
1.6700000,-0.8067458,-0.0104309,-9.7208229,-0.0012442,-0.0065167,0.0051100
1.6800000,-0.6611351,0.0299337,-9.7290912,0.0002318,-0.0075015,0.0017713
1.6900000,-0.6775503,0.0230671,-9.7454233,-0.0031919,-0.0080793,-0.0015734
1.7000000,-0.6713267,-0.0321406,-9.6717565,-0.0035860,-0.0039941,0.0048010
1.7100000,-0.7964046,-0.0129123,-9.7761529,-0.0021953,-0.0112266,-0.0022000
1.7200000,-0.7923508,-0.0414256,-9.7531589,-0.0024658,-0.0134578,0.0024557
1.7300000,-0.7775031,-0.0087925,-9.8169339,0.0046665,-0.0089920,0.0004218
1.7400000,-0.7619407,-0.0814346,-9.6669124,0.0012994,-0.0070861,0.0056461
1.7500000,-0.8240928,-0.0095228,-9.8357032,-0.0014534,-0.0061270,-0.0038236
1.7600000,-0.7694774,-0.0102478,-9.6745473,-0.0024355,-0.0093943,0.0000331
1.7700000,-0.7510880,-0.0582744,-9.7489298,0.0006673,-0.0088897,0.0091412
1.7800000,-0.7453809,-0.0511739,-9.7587790,0.0089453,-0.0121359,-0.0015573
1.7900000,-0.7969025,0.0333141,-9.7564164,-0.0022472,-0.0068014,-0.0007178
1.8000000,-0.7814396,0.0279440,-9.7214760,-0.0010502,-0.0081684,-0.0014783
1.8100000,-0.7567236,-0.0441191,-9.7462216,-0.0020499,-0.0120092,0.0021254
1.8200000,-0.7831591,-0.1139633,-9.6912855,0.0006362,-0.0069204,-0.0028406
1.8300000,-0.7379547,-0.0608134,-9.7578249,-0.0040590,-0.0038298,0.0027248
1.8400000,-0.7502357,0.0070719,-9.6111971,0.0001487,-0.0066553,0.0009030
1.8500000,-0.8188186,0.0281571,-9.7402431,-0.0007019,-0.0063127,-0.0013598
1.8600000,-0.8638413,0.0191576,-9.6864700,-0.0039384,-0.0085716,0.0072117
1.8700000,-0.9065084,-0.0516709,-9.7629588,0.0036523,-0.0071647,0.0002017
1.8800000,-0.8160876,-0.0791738,-9.7556370,-0.0006657,-0.0101918,0.0002796
1.8900000,-0.8863456,0.0908039,-9.8222759,-0.0010367,-0.0148186,0.0009949
1.9000000,-0.8492583,0.0459003,-9.7083783,-0.0053497,-0.0106068,0.0065538
1.9100000,-0.8209682,-0.0278875,-9.8256472,0.0016390,-0.0109659,0.0001280
1.9200000,-0.8494274,0.0153232,-9.7092381,0.0010152,-0.0082223,-0.0019701
1.9300000,-0.7058203,0.0938174,-9.7542289,-0.0034159,-0.0060632,-0.0009207
1.9400000,-0.8260020,0.0157829,-9.7717873,0.0012618,-0.0069416,-0.0003088
1.9500000,-0.8632521,-0.0253177,-9.7277553,0.0053377,-0.0122384,0.0051989
1.9600000,-0.8304027,0.0092048,-9.7301601,0.0028858,-0.0097244,-0.0059623
1.9700000,-0.8136865,-0.0015278,-9.8106437,-0.0011587,-0.0063749,-0.0011986
1.9800000,-0.8862964,0.0157849,-9.7130520,0.0059984,-0.0052565,0.0068456
1.9900000,-0.8464808,0.0840785,-9.7112157,0.0004736,-0.0066595,0.0017060
2.0000000,-0.8788670,0.0858761,-9.8382414,-0.0019491,-0.0063935,0.0000653
2.0100000,-0.8510092,0.0538479,-9.7037000,-0.0032802,-0.0098300,-0.0056740
2.0200000,-0.8706566,0.0109730,-9.6742043,-0.0023045,-0.0043085,0.0044699
2.0300000,-0.8442042,-0.0287037,-9.7101813,-0.0009356,-0.0060562,-0.0026970
2.0400000,-0.8301576,0.0044545,-9.7101561,0.0012938,-0.0100126,-0.0006396
2.0500000,-0.8712985,-0.0181968,-9.8085199,-0.0015250,-0.0125050,0.0021384
2.0600000,-0.8473332,0.0165712,-9.8027893,0.0035313,-0.0070135,-0.0006306
2.0700000,-0.8297470,0.0337751,-9.7638315,0.0023437,-0.0086393,-0.0030840
2.0800000,-0.7937898,0.0315953,-9.7514633,0.0004559,-0.0055908,-0.0016681
2.0900000,-0.8520535,-0.0358826,-9.7067285,-0.0009377,-0.0071974,-0.0035219
2.1000000,-0.9168004,-0.0142382,-9.7307662,0.0026315,-0.0080632,0.0048074
2.1100000,-0.8561584,0.0115255,-9.7751802,0.0044710,-0.0069226,0.0019929
2.1200000,-0.8978300,0.0087047,-9.7672907,0.0048655,-0.0022447,0.0041050
2.1300000,-0.9278556,0.0190690,-9.6786928,-0.0002301,-0.0101509,-0.0070435
2.1400000,-0.9094620,-0.0201042,-9.7794280,0.0030711,-0.0067066,-0.0010101
2.1500000,-0.8495530,-0.0539251,-9.7394406,0.0011187,-0.0078248,-0.0036533
2.1600000,-0.8106405,-0.0036354,-9.7937907,-0.0031090,-0.0097944,0.0020251
2.1700000,-0.8480046,0.0794652,-9.6617756,-0.0011059,-0.0116446,-0.0008618
2.1800000,-0.9098081,0.0092867,-9.7151499,-0.0042578,-0.0097901,-0.0047289
2.1900000,-0.9612385,0.0418865,-9.7158846,0.0014154,-0.0054170,-0.0016147
2.2000000,-0.8276439,0.0448241,-9.7226026,0.0018177,-0.0065670,-0.0012869
2.2100000,-0.9206835,0.0150066,-9.7817341,0.0004662,-0.0074377,-0.0020956
2.2200000,-0.9033287,-0.0455646,-9.6610763,-0.0027905,-0.0046839,0.0007389
2.2300000,-0.9208706,0.0055122,-9.7485143,0.0025455,-0.0085880,-0.0027152
2.2400000,-0.8638751,0.0002975,-9.7153190,-0.0057661,-0.0174247,-0.0020308
2.2500000,-0.8804210,0.0039846,-9.8036778,0.0002849,-0.0118389,0.0017903
2.2600000,-0.9471065,-0.0039180,-9.6984152,0.0025513,-0.0077285,0.0017818
2.2700000,-1.0467496,-0.0615508,-9.7159836,0.0032893,-0.0101773,0.0056183
2.2800000,-0.8784764,-0.0758178,-9.5682454,-0.0075512,-0.0072235,0.0003662
2.2900000,-0.9403231,-0.0736111,-9.7294298,-0.0076834,-0.0114129,-0.0017111
2.3000000,-0.9429316,-0.0417582,-9.7248738,-0.0018334,-0.0020513,0.0006150
2.3100000,-0.8293158,-0.0568581,-9.6950967,-0.0015525,-0.0072435,0.0009140
2.3200000,-1.0352115,0.0186615,-9.7541340,0.0008229,-0.0086869,0.0001162
2.3300000,-0.8810970,0.0152680,-9.6848796,-0.0003357,-0.0075946,0.0004567
2.3400000,-0.9421325,-0.0782047,-9.7028253,0.0019001,-0.0095458,0.0014200
2.3500000,-0.9673676,0.0268613,-9.7418246,-0.0047245,-0.0097031,0.0013144
2.3600000,-0.8799586,0.0152127,-9.7629405,0.0012860,-0.0046343,0.0027128
2.3700000,-0.9486435,-0.0214256,-9.6128411,-0.0023807,-0.0085609,0.0036615
2.3800000,-0.9971841,-0.0104564,-9.7055000,0.0008251,-0.0079955,0.0028464
2.3900000,-0.8808879,0.0263064,-9.7458726,-0.0036584,-0.0065310,-0.0035360
2.4000000,-0.9889648,-0.0099849,-9.7077683,-0.0014222,-0.0051245,0.0012884
2.4100000,-0.9884029,-0.0226368,-9.7505403,-0.0023487,-0.0024428,-0.0047545
2.4200000,-1.0434781,0.0377392,-9.6253053,-0.0012027,-0.0091963,-0.0008281
2.4300000,-1.0422116,-0.0897515,-9.7212997,-0.0012561,-0.0037013,-0.0054727
2.4400000,-0.9977174,-0.1030898,-9.7638227,0.0000574,-0.0099278,0.0014768
2.4500000,-1.0667178,0.0594441,-9.7355602,0.0047809,-0.0034234,0.0051573
2.4600000,-1.0174367,0.0097623,-9.7478947,-0.0002319,-0.0040293,0.0004955
2.4700000,-0.9910791,-0.0759516,-9.7356772,0.0026818,-0.0075383,-0.0017501
2.4800000,-1.0811640,-0.0062957,-9.7179343,-0.0010624,-0.0085550,0.0051515
2.4900000,-0.9526388,0.0009202,-9.7304648,-0.0035618,-0.0088272,-0.0016849
2.5000000,-1.0022371,-0.0461909,-9.6675571,0.0031175,-0.0136021,-0.0005179
2.5100000,-1.0849381,-0.0430091,-9.7262642,-0.0015762,-0.0132261,0.0016956
2.5200000,-1.0267020,-0.0487884,-9.6969024,-0.0041675,-0.0047811,0.0007993
2.5300000,-1.0643579,-0.0081855,-9.6533272,0.0020825,-0.0070378,-0.0039537
2.5400000,-1.0337313,-0.0542052,-9.7004822,0.0024556,-0.0110076,0.0026369
2.5500000,-1.0279185,0.0374748,-9.7230930,-0.0009757,-0.0051547,-0.0006649
2.5600000,-0.9740132,0.0075134,-9.6715522,-0.0054631,-0.0080205,-0.0001682
2.5700000,-1.0293012,0.0133290,-9.6876430,-0.0028789,-0.0092070,-0.0005754
2.5800000,-0.9643515,0.0501485,-9.6818655,-0.0012221,0.0014886,-0.0012822
2.5900000,-1.0197438,0.0311394,-9.8378517,-0.0034150,-0.0111983,-0.0025512
2.6000000,-1.0651012,-0.0422742,-9.7539297,0.0032741,-0.0027815,-0.0035185
2.6100000,-1.0234149,0.0101064,-9.7003362,-0.0018580,-0.0124378,0.0038483
2.6200000,-0.9838561,-0.0687804,-9.7667057,-0.0012745,-0.0030726,-0.0029159
2.6300000,-1.0683904,0.0152058,-9.6641926,-0.0023173,-0.0027934,-0.0004808
2.6400000,-0.9585834,0.0640788,-9.7160994,0.0002791,-0.0098939,-0.0020032
2.6500000,-1.0331198,0.0298530,-9.6732834,0.0037320,-0.0088359,0.0015701
2.6600000,-0.9902158,-0.0015331,-9.7143347,-0.0027161,-0.0018677,0.0035315
2.6700000,-1.0651618,-0.0164355,-9.7189604,-0.0019804,0.0001839,-0.0043185
2.6800000,-1.0273103,0.1325275,-9.7572707,0.0012298,-0.0059887,0.0046428
2.6900000,-1.0721773,0.0160510,-9.6840811,0.0007257,-0.0070129,0.0064429
2.7000000,-1.0199251,0.0527439,-9.7131221,-0.0026654,-0.0082003,0.0007864
2.7100000,-0.9372422,0.0646612,-9.7410979,-0.0008696,-0.0124854,0.0048212
2.7200000,-1.1114337,-0.0125789,-9.7644707,-0.0006393,-0.0043891,0.0006885
2.7300000,-0.9244742,-0.0373525,-9.8026141,-0.0025021,-0.0082929,-0.0011980
2.7400000,-1.0625441,-0.0843756,-9.6748847,0.0010605,-0.0074938,-0.0005713
2.7500000,-1.1241494,-0.0554026,-9.7440756,0.0017672,-0.0121931,-0.0003858
2.7600000,-1.0077572,0.0076829,-9.6879492,-0.0034049,-0.0079940,0.0007643
2.7700000,-1.0945312,0.0594730,-9.6929237,0.0002813,-0.0076260,-0.0028465
2.7800000,-1.0980734,-0.0720851,-9.5942594,0.0004608,-0.0091215,0.0024088
2.7900000,-1.0743899,-0.0106571,-9.5708886,0.0056447,-0.0069698,0.0017234
2.8000000,-1.1259825,-0.0614885,-9.6440686,0.0026656,-0.0079227,-0.0030246
2.8100000,-1.0653521,-0.0253173,-9.7692769,-0.0000699,-0.0122947,0.0015800
2.8200000,-1.0971582,-0.0038347,-9.6073298,-0.0074494,-0.0064944,-0.0035401
2.8300000,-1.1121111,-0.0132773,-9.6608643,0.0046265,-0.0034545,0.0029944
2.8400000,-1.1198244,0.0143533,-9.6756851,0.0019944,-0.0104191,0.0009512
2.8500000,-1.0712561,0.0120229,-9.6074139,0.0011988,-0.0042797,-0.0029642
2.8600000,-1.0805908,-0.0078199,-9.6046175,0.0035737,-0.0115633,-0.0011141
2.8700000,-1.1128898,0.0708954,-9.6851365,-0.0012432,-0.0005147,-0.0069868
2.8800000,-1.0805461,0.0451380,-9.7344898,0.0018987,-0.0095772,-0.0041227
2.8900000,-1.0868298,0.0787518,-9.8250183,-0.0009041,-0.0076141,-0.0019009
2.9000000,-1.1998903,-0.0128411,-9.7851436,0.0024034,-0.0130637,0.0037456
2.9100000,-1.1496275,0.1232672,-9.7195336,-0.0051652,-0.0046844,-0.0021104
2.9200000,-1.0360543,-0.0365174,-9.6299072,0.0009025,-0.0072781,0.0001047
2.9300000,-1.1092786,-0.0338735,-9.6877757,-0.0022041,-0.0036701,-0.0053352
2.9400000,-1.0962481,0.0596792,-9.7403345,0.0003593,-0.0123658,0.0060353
2.9500000,-1.0942784,0.0808516,-9.6008461,-0.0027154,-0.0068670,0.0001781
2.9600000,-1.1600622,0.0178218,-9.6385818,0.0026581,-0.0053252,-0.0006428
2.9700000,-1.0921166,-0.0697238,-9.7001473,-0.0050086,-0.0007045,0.0000321
2.9800000,-1.0646633,0.0391247,-9.6901444,0.0002928,-0.0074723,-0.0043763
2.9900000,-1.0393425,0.0036718,-9.5665135,0.0001791,-0.0097448,-0.0003468
3.0000000,-1.1891091,-0.0226533,-9.6803842,-0.0034086,-0.0042426,-0.0013109
3.0100000,-1.1461226,0.0039659,-9.6515223,-0.0006963,-0.0084926,0.0021076
3.0200000,-1.0349529,-0.1121161,-9.7195610,-0.0038936,-0.0068260,0.0037615
3.0300000,-1.1658478,0.0636400,-9.6726040,-0.0017852,-0.0120699,-0.0091398
3.0400000,-1.1127984,0.0624923,-9.7570946,-0.0037797,-0.0076815,-0.0044790
3.0500000,-1.0835199,-0.0738793,-9.7018229,0.0002694,-0.0043352,0.0067660
3.0600000,-1.2765550,0.0252844,-9.7060062,0.0045940,-0.0016099,0.0047153
3.0700000,-1.1612565,-0.0982003,-9.7701866,-0.0005702,-0.0078048,0.0053672
3.0800000,-1.1421442,0.0265566,-9.7203181,0.0006805,-0.0061075,0.0018939
3.0900000,-1.1471483,0.0262816,-9.6607446,0.0033623,-0.0078878,-0.0013597
3.1000000,-1.2555036,0.0339405,-9.7177409,-0.0019683,-0.0143935,-0.0032749
3.1100000,-1.1559183,0.0247392,-9.6821750,0.0003986,-0.0090218,0.0022521
3.1200000,-1.0711922,0.0209050,-9.6137874,-0.0002266,-0.0068402,-0.0000522
3.1300000,-1.1498885,0.0322416,-9.7069023,0.0039135,-0.0061818,0.0020994
3.1400000,-1.2561750,-0.0018776,-9.7217202,0.0018137,-0.0063480,-0.0012411
3.1500000,-1.2684817,-0.0101551,-9.7467300,-0.0030967,-0.0121000,-0.0028086
3.1600000,-1.2119084,-0.0668650,-9.6295583,-0.0000405,-0.0083134,0.0020443
3.1700000,-1.1091740,0.0373064,-9.7335680,0.0044810,-0.0101113,-0.0034721
3.1800000,-1.1911079,0.0297778,-9.6134472,0.0027864,-0.0102518,0.0013367
3.1900000,-1.2359282,0.0158882,-9.7618379,-0.0024611,-0.0125675,-0.0012314
3.2000000,-1.0866916,-0.0081656,-9.6902540,0.0025028,-0.0115406,-0.0000174
3.2100000,-1.2056754,0.0180845,-9.6366770,0.0028794,-0.0098542,-0.0024027
3.2200000,-1.1100432,-0.0361757,-9.7130032,-0.0003087,-0.0066302,0.0001117
3.2300000,-1.1954753,0.0126640,-9.6688547,0.0002431,-0.0097477,-0.0007444
3.2400000,-1.0951368,-0.0316541,-9.7476899,-0.0008978,-0.0076848,0.0007013
3.2500000,-1.2244180,-0.0197848,-9.6813275,-0.0030490,-0.0137586,0.0000681
3.2600000,-1.1836742,0.0365696,-9.6808429,0.0001946,-0.0058316,-0.0036739
3.2700000,-1.1668217,0.0487684,-9.6764981,0.0013467,-0.0065458,0.0001448
3.2800000,-1.2025717,0.0628947,-9.6663437,0.0001447,-0.0091985,-0.0017322
3.2900000,-1.2700593,0.0355840,-9.6274154,-0.0030644,-0.0109601,0.0025516
3.3000000,-1.2018338,0.0260869,-9.6409726,-0.0026415,-0.0064796,0.0013358
3.3100000,-1.1429944,0.0362084,-9.6105142,-0.0071498,-0.0061159,-0.0053755
3.3200000,-1.1155396,0.0622615,-9.6555794,-0.0004930,-0.0028193,-0.0009379
3.3300000,-1.1971915,-0.0021332,-9.6727814,-0.0056247,-0.0143958,-0.0005355
3.3400000,-1.2400348,0.0036849,-9.6217132,-0.0045503,-0.0051025,0.0036156
3.3500000,-1.2159623,-0.0144062,-9.7108492,0.0010495,-0.0082633,0.0023558
3.3600000,-1.2105654,-0.0445947,-9.6331488,0.0001709,-0.0060372,0.0015921
3.3700000,-1.2448738,-0.0769293,-9.7255264,-0.0017929,-0.0065104,-0.0005755
3.3800000,-1.1608949,-0.0381715,-9.6134152,-0.0015838,-0.0093803,0.0025952
3.3900000,-1.0737702,-0.0491549,-9.6837677,0.0097857,-0.0102285,-0.0006623
3.4000000,-1.2185765,0.0046287,-9.7149062,0.0026345,-0.0103932,-0.0043456
3.4100000,-1.2202318,0.0433292,-9.6096897,0.0011863,-0.0072596,-0.0018424
3.4200000,-1.2380758,0.0211826,-9.7152382,-0.0032275,-0.0067654,0.0000408
3.4300000,-1.2744654,0.0244299,-9.7407775,-0.0043406,-0.0072261,-0.0004457
3.4400000,-1.2310288,-0.0124353,-9.6881546,-0.0021460,-0.0062768,-0.0023057
3.4500000,-1.2341116,-0.0262086,-9.6322359,0.0057546,-0.0102189,-0.0052464
3.4600000,-1.2172294,0.0000144,-9.7296673,-0.0017720,-0.0049236,0.0013415
3.4700000,-1.2295653,0.0488307,-9.6143338,0.0054059,-0.0121420,0.0013954
3.4800000,-1.1819768,0.0786102,-9.6616130,0.0029299,-0.0067889,-0.0027350
3.4900000,-1.2197083,0.0769178,-9.6836656,-0.0020089,-0.0049100,0.0084526
3.5000000,-1.1689793,-0.0940933,-9.7081801,0.0049596,-0.0157712,-0.0020380
3.5100000,-1.2120373,-0.0162669,-9.6982987,-0.0036317,-0.0097971,-0.0042326
3.5200000,-1.1334756,-0.0471583,-9.6249398,0.0030690,-0.0103060,-0.0035431
3.5300000,-1.1802344,0.0028106,-9.7005116,-0.0047584,-0.0059483,-0.0002008
3.5400000,-1.2121562,0.0728888,-9.6646433,-0.0013146,-0.0100706,0.0018542
3.5500000,-1.1744746,0.0479173,-9.6072197,0.0010998,-0.0056835,-0.0038765
3.5600000,-1.2461479,0.0326530,-9.6589614,-0.0001076,-0.0039073,0.0012163
3.5700000,-1.2192345,0.0314247,-9.6979363,-0.0030262,-0.0036812,0.0017952
3.5800000,-1.2888183,-0.0217216,-9.7408000,0.0007854,-0.0031910,-0.0039503
3.5900000,-1.2733488,-0.0443975,-9.5952073,-0.0014101,-0.0123673,-0.0011264
3.6000000,-1.1975371,0.0016139,-9.5348527,0.0010783,-0.0079448,0.0014428
3.6100000,-1.2691752,0.0602450,-9.7273395,0.0009684,-0.0090720,-0.0010954
3.6200000,-1.1723618,-0.0282316,-9.7673313,-0.0020283,-0.0110123,-0.0012893
3.6300000,-1.2526922,-0.0616977,-9.7368570,-0.0015950,-0.0139906,0.0049762
3.6400000,-1.1902168,-0.0288530,-9.7481639,-0.0000595,-0.0075286,-0.0028533
3.6500000,-1.2181138,-0.0185762,-9.6746097,-0.0045430,-0.0065872,0.0050156
3.6600000,-1.2493390,-0.0712124,-9.7395071,-0.0020420,-0.0076217,0.0038917
3.6700000,-1.2604553,0.0517209,-9.7120095,-0.0000396,-0.0114639,-0.0022432
3.6800000,-1.2393615,-0.1074234,-9.6553473,-0.0002376,-0.0119894,-0.0020840
3.6900000,-1.1914326,0.0337750,-9.6409200,-0.0013032,-0.0097858,-0.0055779
3.7000000,-1.3102382,-0.0371803,-9.6469066,0.0045872,-0.0078283,0.0048477
3.7100000,-1.3114848,-0.0156947,-9.6068574,-0.0007300,-0.0067561,-0.0030801
3.7200000,-1.2328548,0.0241837,-9.7399384,-0.0011443,-0.0101938,-0.0026624
3.7300000,-1.1800848,-0.0100182,-9.6587007,-0.0047438,-0.0065676,0.0038665
3.7400000,-1.2134970,0.0255570,-9.6589809,0.0024934,-0.0063413,0.0002651
3.7500000,-1.3472420,0.0910482,-9.6414798,-0.0018878,-0.0101079,-0.0007772
3.7600000,-1.1924631,-0.0397168,-9.6294237,0.0028500,-0.0081591,0.0027369
3.7700000,-1.2783596,-0.0364443,-9.6940550,0.0056727,-0.0117017,0.0017373
3.7800000,-1.2506141,-0.0243319,-9.6802577,-0.0033923,-0.0071871,-0.0008184
3.7900000,-1.3135364,-0.0875423,-9.7467543,-0.0026243,-0.0090887,0.0007179
3.8000000,-1.3313020,0.0189661,-9.6735815,0.0006995,-0.0067535,-0.0034068
3.8100000,-1.2399601,0.0330181,-9.7792944,-0.0022596,-0.0069932,-0.0034345
3.8200000,-1.2779919,0.0586883,-9.7050372,0.0015898,-0.0070329,0.0004663
3.8300000,-1.2196109,-0.0362991,-9.6149068,0.0030021,-0.0115992,0.0003092
3.8400000,-1.2810015,0.0319801,-9.7418242,-0.0003380,-0.0110105,-0.0013521
3.8500000,-1.3545311,0.0699652,-9.6179747,0.0028033,-0.0124316,0.0059793
3.8600000,-1.3336910,0.0025528,-9.6375415,0.0003439,-0.0061941,-0.0001062
3.8700000,-1.2531415,-0.0593147,-9.6716962,-0.0005043,-0.0083709,0.0041700
3.8800000,-1.2321552,-0.0166070,-9.6154146,-0.0046201,-0.0082750,0.0027155
3.8900000,-1.3569700,0.0523107,-9.6525886,0.0015363,-0.0095330,0.0004587
3.9000000,-1.3478595,0.0782471,-9.6245762,0.0020871,-0.0017629,-0.0002600
3.9100000,-1.1972667,0.0264966,-9.6987666,0.0020208,-0.0079803,-0.0017922
3.9200000,-1.3018621,-0.1512977,-9.6515227,0.0039473,-0.0104677,0.0000104
3.9300000,-1.3153230,0.0327691,-9.5615692,-0.0024223,-0.0029179,-0.0007827
3.9400000,-1.3348918,-0.1127273,-9.7484092,0.0012649,-0.0051433,0.0000855
3.9500000,-1.2974081,-0.0428625,-9.6682046,-0.0024477,-0.0074829,0.0000057
3.9600000,-1.3205724,-0.0528475,-9.6614852,0.0013136,-0.0088198,-0.0018421
3.9700000,-1.3473257,-0.0218766,-9.6899456,-0.0050234,-0.0065635,0.0040098
3.9800000,-1.2607541,-0.0120078,-9.6768847,0.0024798,-0.0124424,0.0020700
3.9900000,-1.3193833,0.0238556,-9.6178106,-0.0022381,-0.0074872,0.0072890
4.0000000,-1.3343841,0.0295582,-9.6700714,0.0011397,-0.0032608,0.0011258
4.0100000,-1.4361846,0.0627990,-9.6913603,0.0016326,-0.0054165,-0.0052160
4.0200000,-1.2936526,0.0054086,-9.7115473,-0.0026163,-0.0082356,-0.0014198
4.0300000,-1.3112972,-0.1348201,-9.6489622,0.0063708,-0.0124550,-0.0047079
4.0400000,-1.2803856,0.0009902,-9.6589251,0.0023504,-0.0041497,-0.0001361
4.0500000,-1.2564723,-0.0309378,-9.6362843,0.0003557,-0.0074298,-0.0022248
4.0600000,-1.3271672,-0.0509230,-9.7914833,0.0055147,-0.0074573,0.0086538
4.0700000,-1.3412182,0.0146628,-9.6882739,-0.0017490,-0.0101441,-0.0068014
4.0800000,-1.2547764,-0.0310938,-9.6180810,0.0045420,-0.0065173,-0.0054950
4.0900000,-1.2423936,-0.0560361,-9.6633475,0.0055894,-0.0115100,0.0011951
4.1000000,-1.3477822,-0.0112338,-9.5921856,-0.0013084,-0.0041646,0.0005165
4.1100000,-1.3338539,0.0518378,-9.6362151,0.0004849,-0.0128157,-0.0018634
4.1200000,-1.2119078,0.0470959,-9.6498411,-0.0022712,-0.0048498,0.0046359
4.1300000,-1.2633201,0.0105013,-9.6442623,0.0043843,-0.0094242,0.0026065
4.1400000,-1.2895127,-0.0111791,-9.6174318,0.0034229,-0.0077901,0.0014373
4.1500000,-1.3014539,-0.0144229,-9.6462468,0.0011573,-0.0093179,0.0014397
4.1600000,-1.3446334,0.0244873,-9.7059221,-0.0047183,-0.0098160,0.0011700
4.1700000,-1.2683645,-0.1163009,-9.6672448,0.0014569,-0.0113910,-0.0032801
4.1800000,-1.2979398,-0.0613204,-9.5965213,0.0026504,-0.0113135,-0.0008827
4.1900000,-1.3406592,-0.0504010,-9.6729382,0.0035910,-0.0059063,0.0031182
4.2000000,-1.2359184,0.0229382,-9.7134381,0.0053201,-0.0097600,-0.0002523
4.2100000,-1.2859486,-0.0406545,-9.5938920,-0.0022414,-0.0078839,0.0035980
4.2200000,-1.2210166,-0.0154935,-9.7211645,-0.0039881,-0.0010543,-0.0045591
4.2300000,-1.3443233,-0.0028717,-9.5987486,0.0021062,-0.0113152,-0.0024742
4.2400000,-1.2871937,0.0484422,-9.7337828,-0.0043447,-0.0061678,-0.0039032
4.2500000,-1.3178587,0.0902945,-9.6746194,0.0047732,-0.0090327,0.0044004
4.2600000,-1.4026480,0.0312759,-9.8180544,0.0003229,-0.0087462,-0.0017943
4.2700000,-1.3391685,-0.0538247,-9.6636037,-0.0009474,-0.0084517,0.0040442
4.2800000,-1.2516382,0.1174781,-9.5777228,0.0027639,-0.0036475,-0.0016000
4.2900000,-1.4125943,-0.0717978,-9.6845430,0.0055778,-0.0056476,-0.0019704
4.3000000,-1.2182317,0.0456519,-9.6441082,-0.0009215,-0.0116257,-0.0010416
4.3100000,-1.3816013,0.0419708,-9.7312628,-0.0008149,-0.0076572,0.0002208
4.3200000,-1.4073224,-0.0133992,-9.6423157,-0.0017445,-0.0044368,0.0005031
4.3300000,-1.3822918,-0.0289457,-9.6423946,-0.0024372,-0.0069105,-0.0033420
4.3400000,-1.3444984,-0.0011745,-9.6249192,0.0017303,-0.0087566,-0.0039826
4.3500000,-1.3810148,0.0184408,-9.6415203,-0.0001660,-0.0039129,-0.0033970
4.3600000,-1.3822346,0.0142715,-9.6481334,-0.0006751,-0.0070705,0.0029926
4.3700000,-1.3895153,-0.0000379,-9.6051306,0.0017252,-0.0106042,0.0024806
4.3800000,-1.4393822,0.0527194,-9.7133573,-0.0026161,-0.0085975,0.0016691
4.3900000,-1.3772954,-0.0233679,-9.7328341,0.0033261,-0.0138900,0.0067999
4.4000000,-1.2997112,-0.0731407,-9.6360593,0.0004888,-0.0038648,-0.0020604
4.4100000,-1.4093008,-0.0233500,-9.6748062,0.0024152,-0.0152319,-0.0051131
4.4200000,-1.3578729,-0.0601031,-9.6406356,0.0008328,-0.0091543,-0.0004348
4.4300000,-1.4350171,-0.0024536,-9.6525681,0.0026590,-0.0048035,-0.0006401
4.4400000,-1.3505093,0.0119173,-9.6268685,-0.0011396,-0.0116508,-0.0011293
4.4500000,-1.3504337,0.0256236,-9.6354321,0.0005757,-0.0062008,-0.0001625
4.4600000,-1.3112676,-0.0744634,-9.6713821,-0.0018628,-0.0113469,0.0031470
4.4700000,-1.2714559,0.0096977,-9.6316142,0.0018350,-0.0056735,0.0025647
4.4800000,-1.3015390,0.0031367,-9.6350849,0.0003076,-0.0034450,-0.0021409
4.4900000,-1.4297471,-0.0011909,-9.6482454,-0.0043466,-0.0074658,0.0021461
4.5000000,-1.3163919,-0.0248303,-9.6458501,-0.0026181,-0.0099727,0.0006204
4.5100000,-1.4800856,-0.0194334,-9.7012428,-0.0015347,-0.0046591,0.0051888
4.5200000,-1.2560741,-0.0305004,-9.5337225,0.0020359,-0.0032911,-0.0012306
4.5300000,-1.3217384,0.0048344,-9.7102736,0.0029396,-0.0080703,-0.0005669
4.5400000,-1.4124025,0.0863561,-9.5905857,-0.0015992,-0.0071180,0.0034330
4.5500000,-1.3805116,0.0339052,-9.6658934,-0.0079303,-0.0099113,0.0008716
4.5600000,-1.3642544,0.1021412,-9.5841720,-0.0033781,-0.0047529,0.0002510
4.5700000,-1.2680895,-0.0353173,-9.6681586,-0.0001431,-0.0039686,0.0014065
4.5800000,-1.4045147,-0.0561399,-9.6271199,0.0012118,-0.0035892,0.0001708
4.5900000,-1.4097141,0.0244551,-9.6884937,0.0020873,-0.0020878,-0.0056658
4.6000000,-1.3618974,-0.0528593,-9.6737510,-0.0021194,-0.0103143,-0.0008955
4.6100000,-1.3130975,0.0625689,-9.7397620,-0.0007863,-0.0091103,0.0038890
4.6200000,-1.3360198,0.0042629,-9.6020522,0.0017741,-0.0136108,-0.0038340
4.6300000,-1.3370019,-0.0176240,-9.7597172,0.0017032,-0.0083064,0.0010491
4.6400000,-1.3155965,-0.0100621,-9.6589083,0.0029512,-0.0065092,-0.0002045
4.6500000,-1.4473518,0.0212657,-9.7095773,0.0027381,-0.0039556,0.0022650
4.6600000,-1.2767021,0.0163658,-9.5696926,-0.0009917,-0.0065518,-0.0053563
4.6700000,-1.3197252,0.0713224,-9.6742841,-0.0033920,-0.0091616,0.0053025
4.6800000,-1.3945970,0.0793774,-9.6874134,-0.0014277,-0.0079947,-0.0054058
4.6900000,-1.3521858,0.0207912,-9.6854559,0.0007316,-0.0067913,-0.0018040
4.7000000,-1.4512461,0.0215902,-9.6493886,-0.0030473,-0.0077927,0.0012029
4.7100000,-1.3678618,0.0522597,-9.6843000,0.0022597,-0.0075655,-0.0018031
4.7200000,-1.3518725,-0.0540807,-9.6429533,-0.0024543,-0.0038673,-0.0019491
4.7300000,-1.3089461,-0.1013902,-9.5989733,-0.0009144,-0.0019291,0.0014898
4.7400000,-1.4398793,-0.0134617,-9.6520298,0.0014360,-0.0075245,-0.0027772
4.7500000,-1.2796614,-0.0045053,-9.6667630,-0.0037170,-0.0093202,0.0017224
4.7600000,-1.3655200,0.0055416,-9.6996171,0.0033207,-0.0066906,-0.0006131
4.7700000,-1.3932994,-0.0590614,-9.6977311,0.0025757,-0.0075905,-0.0013643
4.7800000,-1.3168251,0.0105669,-9.6268214,0.0034510,-0.0146211,0.0003005
4.7900000,-1.4128539,-0.0394393,-9.7070448,0.0003008,-0.0099893,-0.0028243
4.8000000,-1.3519757,-0.0853472,-9.6245923,-0.0027727,-0.0120446,0.0067250
4.8100000,-1.3931859,-0.0166944,-9.6582696,0.0006764,-0.0087705,0.0025594
4.8200000,-1.4290805,0.0075078,-9.6765554,0.0002177,-0.0077140,0.0029931
4.8300000,-1.4356958,-0.0049881,-9.6489107,-0.0047773,-0.0097990,0.0013470
4.8400000,-1.3658505,0.0430852,-9.7070963,-0.0001299,-0.0125106,0.0052557
4.8500000,-1.3731673,-0.0477361,-9.6166886,0.0086679,-0.0089012,-0.0013732
4.8600000,-1.3542653,-0.0486699,-9.6466863,0.0000470,-0.0047967,0.0017967
4.8700000,-1.4036377,-0.0649742,-9.6054864,-0.0041011,-0.0034562,-0.0023239
4.8800000,-1.4158082,0.0442136,-9.7897139,0.0012473,-0.0051427,-0.0002666
4.8900000,-1.3674775,-0.0689239,-9.7198041,0.0035736,-0.0067581,-0.0012810
4.9000000,-1.4267575,0.0411777,-9.6906814,0.0036868,-0.0117878,0.0031682
4.9100000,-1.3519482,-0.0623539,-9.6248982,-0.0078531,-0.0081905,-0.0027210
4.9200000,-1.4660384,0.0768792,-9.6740401,-0.0013278,-0.0114635,-0.0019670
4.9300000,-1.4004399,0.0041531,-9.6425920,-0.0051660,-0.0080204,0.0015535
4.9400000,-1.4134103,0.0351358,-9.7168469,0.0013033,-0.0076246,-0.0036925
4.9500000,-1.4252815,0.1144406,-9.6164736,-0.0006917,-0.0055402,0.0016668
4.9600000,-1.4054316,0.0035138,-9.6372684,0.0054135,-0.0048432,-0.0054647
4.9700000,-1.3990781,0.0085785,-9.6643401,0.0017167,-0.0081080,0.0028876
4.9800000,-1.4568263,-0.0963190,-9.6448834,0.0037537,-0.0094764,0.0026976
4.9900000,-1.5116280,0.0996644,-9.6688437,-0.0029562,-0.0053623,-0.0009514
5.0000000,-1.3900314,0.0250938,-9.6593667,0.0008811,-0.0110736,0.0024843
5.0100000,-1.4722925,-0.0039508,-9.6598603,0.0017364,-0.0124146,-0.0019746
5.0200000,-1.4675084,0.0071249,-9.6811618,0.0060665,-0.0050028,0.0062622
5.0300000,-1.4605003,-0.0596781,-9.7709714,-0.0032267,-0.0072710,0.0006823
5.0400000,-1.4150877,-0.0254220,-9.5974849,0.0000558,-0.0117795,0.0047782
5.0500000,-1.4960546,-0.0875650,-9.6008179,-0.0060842,-0.0060563,0.0007839
5.0600000,-1.3802945,-0.0022943,-9.6225080,0.0033646,-0.0075016,0.0015177
5.0700000,-1.3835044,-0.0694671,-9.6518850,0.0001909,-0.0129973,0.0002164
5.0800000,-1.3940226,0.0576936,-9.6385295,-0.0011420,-0.0133053,-0.0026525
5.0900000,-1.4595438,-0.0749938,-9.7549649,-0.0011761,-0.0041427,-0.0001162
5.1000000,-1.3479798,0.0257272,-9.6470243,-0.0019502,-0.0113937,-0.0063781
5.1100000,-1.4174228,-0.0881165,-9.6446182,-0.0024248,-0.0082842,0.0014542
5.1200000,-1.3751826,0.0705871,-9.5982961,0.0000456,-0.0063869,-0.0039177
5.1300000,-1.3499449,-0.0121106,-9.6634225,0.0054212,-0.0084531,0.0002568
5.1400000,-1.4068074,-0.0448986,-9.6789080,0.0026834,-0.0074999,-0.0026916
5.1500000,-1.3331251,-0.0393867,-9.7225660,0.0015624,-0.0045594,-0.0046020
5.1600000,-1.3785286,0.0458972,-9.6453582,-0.0007434,-0.0046815,0.0031600
5.1700000,-1.5327609,0.0528611,-9.6696815,-0.0018191,-0.0069982,0.0021116
5.1800000,-1.4579269,0.0703324,-9.6801785,-0.0027234,-0.0099377,0.0010477
5.1900000,-1.4507972,-0.0030018,-9.6858165,0.0008076,-0.0060956,-0.0039619
5.2000000,-1.3868933,-0.0305475,-9.7332072,-0.0040220,-0.0027338,0.0027037
5.2100000,-1.3815857,0.0032273,-9.6708791,-0.0008536,-0.0061410,0.0001279
5.2200000,-1.4450071,0.0558854,-9.6275467,0.0000730,-0.0072057,-0.0033032
5.2300000,-1.4470531,0.0821252,-9.6032513,0.0039595,-0.0065686,0.0022023
5.2400000,-1.3902936,0.0565084,-9.6277868,0.0006953,-0.0054791,-0.0012599
5.2500000,-1.5037958,0.0205770,-9.6777265,0.0003874,-0.0105096,0.0005217
5.2600000,-1.3788824,0.0205929,-9.6376729,-0.0008433,-0.0056277,0.0028816
5.2700000,-1.4707003,0.0770618,-9.6323523,-0.0042316,-0.0071996,0.0009781
5.2800000,-1.3977277,-0.0558498,-9.6507345,-0.0035358,-0.0106900,0.0006400
5.2900000,-1.3864022,-0.1211558,-9.6564789,-0.0010226,-0.0096588,0.0009341
5.3000000,-1.4844221,0.0106117,-9.6523794,0.0041982,-0.0096030,-0.0019058
5.3100000,-1.3901007,-0.0470107,-9.6683100,-0.0001898,-0.0116455,0.0055154
5.3200000,-1.3640389,0.0076912,-9.5423096,0.0009731,-0.0056244,-0.0007525
5.3300000,-1.4620009,-0.0577038,-9.7174583,-0.0020997,-0.0086887,-0.0013241
5.3400000,-1.3629977,-0.0232304,-9.6814335,-0.0000488,-0.0114000,-0.0010591
5.3500000,-1.4958436,0.0099883,-9.6976264,-0.0037933,-0.0110490,-0.0035406
5.3600000,-1.4453483,-0.0021249,-9.6658963,-0.0054100,-0.0059774,0.0024443
5.3700000,-1.5325103,-0.0545962,-9.6790438,-0.0014755,-0.0071781,-0.0033623
5.3800000,-1.5018141,-0.0924608,-9.5676664,0.0009456,-0.0028919,-0.0043861
5.3900000,-1.3489005,0.0185168,-9.6161653,0.0029356,-0.0127999,0.0034837
5.4000000,-1.4585735,-0.0601294,-9.6113114,0.0046869,-0.0053641,-0.0042807
5.4100000,-1.4405141,-0.0539409,-9.6750570,0.0038201,-0.0057147,0.0006307
5.4200000,-1.4977150,-0.0127312,-9.5966155,0.0006547,-0.0110235,0.0006622
5.4300000,-1.4563171,0.0126886,-9.5688594,-0.0010847,-0.0082435,-0.0009833
5.4400000,-1.3992286,0.0036974,-9.6234650,0.0034045,-0.0042496,-0.0020300
5.4500000,-1.4403180,-0.0846035,-9.6248341,0.0013884,-0.0112857,0.0012585
5.4600000,-1.3125022,0.0656015,-9.7055866,-0.0043831,-0.0085390,0.0055335
5.4700000,-1.3801596,-0.0418890,-9.6862074,-0.0022822,-0.0110704,0.0025126
5.4800000,-1.5375993,-0.0337251,-9.6584429,-0.0028181,-0.0068171,0.0026066
5.4900000,-1.4515947,0.0241327,-9.6361218,-0.0018603,-0.0112110,0.0029221
5.5000000,-1.4247517,0.0385294,-9.5986398,-0.0011848,-0.0102020,-0.0007783
5.5100000,-1.4630352,0.1069369,-9.6109573,-0.0006517,-0.0109827,0.0028501
5.5200000,-1.4335338,-0.0705569,-9.6748543,0.0010915,-0.0125966,-0.0014413
5.5300000,-1.4695029,-0.1135026,-9.6612597,-0.0026446,-0.0059016,0.0017453
5.5400000,-1.4962647,-0.0417068,-9.5732222,-0.0026013,-0.0118582,0.0006079
5.5500000,-1.3173025,0.0147883,-9.7072514,-0.0008714,-0.0059752,-0.0009946
5.5600000,-1.5179041,-0.0186544,-9.6923113,0.0024247,-0.0056567,0.0035069
5.5700000,-1.4794869,-0.0836034,-9.5884230,0.0004507,-0.0035801,-0.0010131
5.5800000,-1.4904864,-0.0645305,-9.6900935,0.0018565,-0.0052816,0.0010402
5.5900000,-1.4400406,0.0154659,-9.5825694,0.0048155,-0.0064594,-0.0001577
5.6000000,-1.4283124,-0.0008364,-9.6289920,-0.0039667,-0.0083210,-0.0005648
5.6100000,-1.3974286,-0.0485206,-9.6631242,-0.0025616,-0.0091911,0.0013818
5.6200000,-1.3998724,-0.0263054,-9.6423705,-0.0033872,-0.0098129,-0.0023848
5.6300000,-1.5016386,0.0375068,-9.5154415,0.0042234,-0.0124133,-0.0011591
5.6400000,-1.4922189,0.0569986,-9.6681828,0.0012042,-0.0144766,0.0009091
5.6500000,-1.3735630,-0.0507372,-9.5555300,-0.0010426,-0.0070477,0.0010745
5.6600000,-1.5178963,0.0545157,-9.6963890,0.0002061,-0.0039499,-0.0006647
5.6700000,-1.5536116,-0.0530323,-9.6647721,-0.0046043,-0.0128426,-0.0034452
5.6800000,-1.4657584,0.0025120,-9.6075131,0.0031675,-0.0070401,0.0065097
5.6900000,-1.5505103,0.0170737,-9.6375878,-0.0029360,-0.0111177,0.0037877
5.7000000,-1.4437069,0.0436360,-9.5735753,-0.0016494,-0.0092956,-0.0038234
5.7100000,-1.4930848,-0.0467093,-9.6354013,-0.0005760,-0.0028084,-0.0001568
5.7200000,-1.4893901,-0.0013080,-9.6182111,0.0006309,-0.0097323,0.0031042
5.7300000,-1.4550205,0.0078660,-9.6453444,-0.0059017,-0.0065932,0.0004686
5.7400000,-1.4924195,0.0228255,-9.5545530,0.0008592,-0.0081993,-0.0005693
5.7500000,-1.5262639,-0.0074339,-9.6355481,0.0009436,-0.0038782,0.0007941
5.7600000,-1.4879839,0.0967876,-9.6468429,0.0025781,-0.0106833,-0.0046723
5.7700000,-1.3935056,0.0117512,-9.5578224,0.0033569,-0.0130334,-0.0018580
5.7800000,-1.4354564,0.0897283,-9.6527683,-0.0010786,-0.0057641,-0.0063751
5.7900000,-1.4324297,0.0745227,-9.7119487,0.0047583,-0.0059864,0.0021627
5.8000000,-1.4739093,-0.0584708,-9.6528623,0.0012807,-0.0107572,-0.0026656
5.8100000,-1.5147966,0.0152142,-9.6577221,-0.0059517,-0.0080636,0.0037886
5.8200000,-1.4624400,-0.0250313,-9.6686966,0.0018097,-0.0087878,-0.0018846
5.8300000,-1.4674707,-0.0131554,-9.6507000,0.0083870,-0.0038845,0.0005288
5.8400000,-1.4144639,-0.0545717,-9.6731990,-0.0007416,-0.0084556,-0.0020007
5.8500000,-1.5152376,-0.0809926,-9.5498672,0.0014115,-0.0120304,-0.0002169
5.8600000,-1.4559863,-0.0305024,-9.5280329,0.0004553,-0.0103803,-0.0002526
5.8700000,-1.4414275,0.0660427,-9.5999339,-0.0018426,-0.0018063,0.0032754
5.8800000,-1.3608511,0.0547421,-9.6404002,0.0031448,-0.0077538,0.0019172
5.8900000,-1.4879583,0.0430272,-9.6115507,-0.0023256,-0.0094847,-0.0030785
5.9000000,-1.3929075,-0.0624886,-9.6663867,0.0017810,-0.0126161,0.0028097
5.9100000,-1.4869811,0.0022397,-9.6702005,-0.0003355,-0.0074469,-0.0066418
5.9200000,-1.4964585,-0.0244869,-9.6310489,-0.0016394,-0.0039820,0.0023451
5.9300000,-1.5220566,-0.0236424,-9.6959397,0.0070716,-0.0049338,-0.0011967
5.9400000,-1.5425895,-0.0049356,-9.5920989,0.0011625,-0.0045516,-0.0027047
5.9500000,-1.4448448,0.0330964,-9.6907187,-0.0010234,-0.0073311,-0.0000553
5.9600000,-1.4797517,0.0232133,-9.7360877,-0.0042473,-0.0061057,-0.0011701
5.9700000,-1.5515039,-0.0249734,-9.6674173,0.0022985,-0.0099286,0.0011706
5.9800000,-1.5003147,-0.0026133,-9.6936525,0.0064466,-0.0054793,0.0026985
5.9900000,-1.4381285,-0.0904305,-9.5436822,0.0019460,-0.0001078,-0.0035409
6.0000000,-1.4793386,0.0070674,-9.6340757,-0.0038557,-0.0066435,0.0015347
6.0100000,-1.5025245,-0.0326197,-9.6704702,-0.0007502,-0.0115100,0.0031667
6.0200000,-1.4876306,0.0202340,-9.5568529,0.0014932,-0.0081281,-0.0031494
6.0300000,-1.5087854,0.0500571,-9.6414580,-0.0034195,-0.0099559,0.0014175
6.0400000,-1.4236418,0.0132571,-9.7644833,0.0058514,-0.0073375,-0.0018884
6.0500000,-1.4997043,-0.0451471,-9.6642085,-0.0048140,-0.0074142,0.0035803
6.0600000,-1.5238842,-0.1932164,-9.6052623,0.0017544,-0.0086435,-0.0006631
6.0700000,-1.4550306,-0.0476509,-9.6216348,-0.0011046,-0.0087927,0.0012533
6.0800000,-1.3745018,-0.0419178,-9.5478925,-0.0032526,-0.0123017,-0.0019150
6.0900000,-1.5217365,0.0342817,-9.6805431,-0.0008676,-0.0076583,-0.0036845
6.1000000,-1.5217293,0.0417610,-9.6173707,0.0006147,-0.0108631,-0.0011371
6.1100000,-1.4424501,0.0011155,-9.5802998,-0.0007294,-0.0040419,0.0002517
6.1200000,-1.5303170,0.0362697,-9.7024891,0.0044048,-0.0091491,0.0030503
6.1300000,-1.4735020,-0.0397065,-9.6378233,0.0035656,-0.0100466,-0.0046402
6.1400000,-1.4796766,0.0506381,-9.6200341,-0.0030003,-0.0091461,0.0006515
6.1500000,-1.5171064,-0.0354548,-9.5808971,0.0004036,-0.0109387,-0.0027862
6.1600000,-1.4882958,0.0221006,-9.7406351,-0.0019912,-0.0073796,-0.0013306
6.1700000,-1.5194628,0.0030696,-9.7020906,-0.0012327,-0.0031523,-0.0008454
6.1800000,-1.4256637,0.0963042,-9.6232104,0.0016859,-0.0084725,0.0003438
6.1900000,-1.5156014,-0.0767994,-9.6853529,-0.0020698,-0.0078909,-0.0014876
6.2000000,-1.4808608,0.1526398,-9.6733799,-0.0064520,-0.0078117,0.0012564
6.2100000,-1.4312755,0.0667172,-9.5900808,0.0008644,-0.0057792,0.0031492
6.2200000,-1.4501991,0.0872544,-9.5781151,0.0002284,-0.0073152,-0.0011060
6.2300000,-1.4522639,0.0310733,-9.6565635,0.0009173,-0.0076330,-0.0003638
6.2400000,-1.4332195,-0.0013804,-9.6712890,0.0015416,-0.0123347,0.0004487
6.2500000,-1.4802668,-0.0096474,-9.6128557,-0.0002713,-0.0080656,0.0032031
6.2600000,-1.5334217,0.0214150,-9.6408125,0.0035833,-0.0074471,0.0015044
6.2700000,-1.5747152,-0.0238016,-9.7328911,-0.0000815,-0.0075149,0.0001800
6.2800000,-1.3815198,-0.0137824,-9.6576265,-0.0028662,-0.0103343,-0.0023666
6.2900000,-1.5277244,0.0141703,-9.6306880,-0.0012305,-0.0110563,0.0069706
6.3000000,-1.4454447,0.0689845,-9.6483272,-0.0048570,-0.0118927,-0.0013385
6.3100000,-1.4333277,0.0715708,-9.6101144,0.0000406,-0.0100048,-0.0041251
6.3200000,-1.4826723,0.1181500,-9.6025743,0.0008185,-0.0073535,-0.0040280
6.3300000,-1.5138880,-0.0182610,-9.6503742,-0.0063337,-0.0091664,0.0008039
6.3400000,-1.4508299,-0.0064903,-9.5852034,-0.0039033,-0.0066582,-0.0018377
6.3500000,-1.4875500,-0.0534335,-9.6825248,-0.0003182,-0.0068069,-0.0037594
6.3600000,-1.4545093,-0.0421882,-9.6586077,-0.0029706,-0.0118609,-0.0015512
6.3700000,-1.5061621,-0.0180118,-9.5896085,0.0030895,-0.0123444,0.0018812
6.3800000,-1.5596950,-0.0410086,-9.7012334,0.0033978,-0.0081025,-0.0016072
6.3900000,-1.5755282,0.0296239,-9.6245473,-0.0014391,-0.0063854,0.0010558
6.4000000,-1.5272538,-0.0225684,-9.6569205,-0.0000797,-0.0066039,-0.0033319
6.4100000,-1.4290047,-0.0457306,-9.6116128,0.0042762,-0.0068217,-0.0013564
6.4200000,-1.5851465,0.0210925,-9.7263375,0.0002857,-0.0083686,-0.0024955
6.4300000,-1.4282714,-0.0201291,-9.6756742,-0.0026334,0.0000899,-0.0059112
6.4400000,-1.4531496,0.0127184,-9.6768633,0.0044860,-0.0092041,-0.0040351
6.4500000,-1.5148659,-0.0652848,-9.7168047,0.0015086,-0.0102884,0.0017305
6.4600000,-1.5640250,-0.0409285,-9.5931438,-0.0008690,-0.0073803,-0.0065152
6.4700000,-1.4313870,0.0890336,-9.5902226,0.0003981,-0.0095412,0.0052613
6.4800000,-1.5812431,-0.0563415,-9.5562490,0.0035444,-0.0059186,-0.0057419
6.4900000,-1.5276369,0.0074421,-9.6248019,-0.0042418,-0.0062811,0.0027555
6.5000000,-1.5644561,0.0427028,-9.6753912,-0.0024270,-0.0074156,-0.0056443
6.5100000,-1.5160701,0.0784309,-9.6562657,-0.0097584,-0.0071983,0.0034077
6.5200000,-1.4943946,0.0357370,-9.5688975,-0.0048555,-0.0099373,0.0041773
6.5300000,-1.5496723,-0.0504853,-9.6070051,-0.0004010,-0.0019752,0.0035398
6.5400000,-1.4449388,0.0034388,-9.6107469,0.0010209,-0.0055357,0.0007753
6.5500000,-1.5444230,0.0591768,-9.6219368,-0.0011845,-0.0111446,-0.0017059
6.5600000,-1.4811562,-0.0220148,-9.6187990,-0.0006622,-0.0061072,0.0029649
6.5700000,-1.4881481,0.0071880,-9.6907929,-0.0016284,-0.0088231,0.0061354
6.5800000,-1.5390769,0.0212517,-9.5518714,0.0006510,-0.0113460,-0.0013236
6.5900000,-1.5595058,-0.0798215,-9.6196695,-0.0004783,-0.0085394,-0.0043143
6.6000000,-1.4474601,-0.0143752,-9.6909970,-0.0000304,-0.0057113,-0.0002848
6.6100000,-1.5456881,-0.1044857,-9.5705541,-0.0024142,-0.0094396,-0.0000579
6.6200000,-1.6356419,0.0528830,-9.7206690,-0.0044729,-0.0081520,0.0031308
6.6300000,-1.4709145,0.0353404,-9.6981810,-0.0030065,-0.0101841,0.0014917
6.6400000,-1.5272134,0.0713510,-9.5067183,-0.0034287,-0.0098014,0.0028712
6.6500000,-1.4935254,-0.0266323,-9.6919417,0.0014070,-0.0043137,0.0002735
6.6600000,-1.4443378,0.0009746,-9.6337996,-0.0008738,-0.0079750,0.0011270
6.6700000,-1.5731096,0.0268518,-9.6686977,-0.0012944,-0.0093779,-0.0010653
6.6800000,-1.4759506,-0.0541458,-9.6342978,0.0027081,-0.0115039,-0.0016152
6.6900000,-1.5480965,0.0101087,-9.7078223,0.0023841,-0.0051761,0.0049327
6.7000000,-1.5573162,0.0225546,-9.6053234,0.0034947,-0.0106224,0.0021036
6.7100000,-1.5313802,0.1033328,-9.6835163,-0.0046375,-0.0032868,-0.0029385
6.7200000,-1.4739888,0.0391575,-9.5497258,-0.0021725,-0.0103757,0.0053595
6.7300000,-1.4826082,0.0643880,-9.7682935,-0.0029612,-0.0072281,0.0017908
6.7400000,-1.4809337,0.0528032,-9.5430106,0.0064325,-0.0082117,-0.0001230
6.7500000,-1.4426357,0.0007893,-9.7209020,-0.0012100,0.0000629,-0.0050648
6.7600000,-1.5226200,0.0049802,-9.5543709,-0.0004206,-0.0073802,0.0017106
6.7700000,-1.4472774,0.0121037,-9.5904697,-0.0001452,-0.0016261,-0.0019766
6.7800000,-1.5812278,-0.0722710,-9.6607016,0.0028559,-0.0074468,0.0005880
6.7900000,-1.5644089,0.0897995,-9.5959810,0.0010888,-0.0095578,0.0035532
6.8000000,-1.5403570,0.0035011,-9.6209823,-0.0044884,-0.0065588,0.0030366
6.8100000,-1.4841740,-0.0022406,-9.6018439,-0.0011363,-0.0053939,0.0033470
6.8200000,-1.5693789,0.0908729,-9.7418728,0.0051206,-0.0050262,-0.0011246
6.8300000,-1.5646442,0.0549591,-9.6401621,-0.0087629,-0.0067342,-0.0033681
6.8400000,-1.5464094,0.0855790,-9.7101700,0.0030718,-0.0054215,0.0035259
6.8500000,-1.5133179,-0.0565674,-9.6288380,0.0019018,-0.0111517,0.0013904
6.8600000,-1.6169777,0.0092954,-9.6970730,-0.0004762,-0.0118854,-0.0027705
6.8700000,-1.5519860,0.0643902,-9.6606078,0.0068203,-0.0100997,0.0032149
6.8800000,-1.4678909,-0.0326223,-9.6225418,0.0026953,-0.0102075,-0.0025118
6.8900000,-1.4668367,0.0151909,-9.6980735,0.0071034,-0.0097055,0.0015995
6.9000000,-1.5243334,0.0218852,-9.7677391,0.0003402,-0.0033061,0.0007254
6.9100000,-1.5086017,-0.0635462,-9.6558470,0.0024095,-0.0055344,-0.0002016
6.9200000,-1.5546805,-0.0244984,-9.5932731,0.0028996,-0.0108606,0.0001973
6.9300000,-1.4863136,0.0393979,-9.6067127,-0.0044082,-0.0104091,0.0022953
6.9400000,-1.4832329,-0.0151117,-9.6952812,-0.0020272,-0.0031330,0.0023631
6.9500000,-1.5118949,0.0337052,-9.6088059,0.0027886,-0.0111571,0.0027555
6.9600000,-1.5111347,-0.1159270,-9.6303932,-0.0000544,-0.0133531,0.0035255
6.9700000,-1.4810466,-0.0247382,-9.5728887,0.0028426,-0.0062304,0.0052977
6.9800000,-1.4254886,0.0885351,-9.6009126,0.0029613,-0.0131199,0.0016867
6.9900000,-1.5924533,-0.0177432,-9.6828267,-0.0011307,-0.0056763,-0.0019578
7.0000000,-1.5370056,-0.0327670,-9.6322694,-0.0024667,-0.0062323,-0.0014347
7.0100000,-1.5172152,0.0551964,-9.6340996,-0.0023694,-0.0064653,-0.0041585
7.0200000,-1.5130754,0.0389680,-9.5613918,-0.0007195,-0.0053581,-0.0021893
7.0300000,-1.5552446,0.0174021,-9.6284339,0.0008482,-0.0077533,0.0062781
7.0400000,-1.4433257,0.0024803,-9.5921640,0.0013288,-0.0105630,-0.0038256
7.0500000,-1.4265840,-0.0707407,-9.6282134,0.0012181,-0.0073832,-0.0001474
7.0600000,-1.5357489,0.0212558,-9.6499043,-0.0013878,-0.0038707,-0.0025956
7.0700000,-1.5565303,0.0016452,-9.6442565,-0.0008600,-0.0091078,0.0036641
7.0800000,-1.5505892,0.0233942,-9.5266990,0.0001233,-0.0071762,0.0000291
7.0900000,-1.5361769,-0.0486708,-9.6191498,0.0014977,-0.0078568,-0.0019879
7.1000000,-1.5660866,0.0315451,-9.6115109,0.0002901,-0.0142099,0.0002008
7.1100000,-1.5507488,-0.0397167,-9.6512376,0.0000958,-0.0091347,-0.0027442
7.1200000,-1.4825480,0.0188361,-9.5862334,-0.0052058,-0.0073010,0.0014722
7.1300000,-1.5961667,0.0061993,-9.6102648,0.0076347,-0.0050166,0.0024905
7.1400000,-1.5488064,-0.0136361,-9.6461211,0.0012935,-0.0134496,0.0002692
7.1500000,-1.4391756,0.0455427,-9.6615710,0.0013834,-0.0133370,-0.0018652
7.1600000,-1.5890126,-0.0303842,-9.5923778,-0.0014662,-0.0088794,0.0045829
7.1700000,-1.5792464,0.0260440,-9.7333579,0.0009683,-0.0111183,0.0018525
7.1800000,-1.5226418,-0.0130062,-9.6131740,0.0025241,-0.0067583,0.0017688
7.1900000,-1.6211133,-0.0389626,-9.7615597,0.0013259,-0.0079706,-0.0016686
7.2000000,-1.5531703,-0.0263959,-9.5939029,-0.0006717,-0.0080148,-0.0000749
7.2100000,-1.6196111,-0.0881665,-9.5963960,-0.0015841,-0.0120653,0.0002190
7.2200000,-1.4883782,-0.0302204,-9.6760891,0.0028535,-0.0105053,-0.0030678
7.2300000,-1.5985076,-0.0874356,-9.5712722,0.0029678,-0.0062448,-0.0024078
7.2400000,-1.5230445,-0.0835396,-9.6304439,-0.0043790,-0.0116381,-0.0036660
7.2500000,-1.5591970,0.0450657,-9.5765010,0.0010462,-0.0079841,0.0027659
7.2600000,-1.4587736,-0.0353911,-9.5490779,-0.0015629,-0.0118965,-0.0041753
7.2700000,-1.5548752,0.0687823,-9.6765220,-0.0052503,-0.0043462,-0.0013711
7.2800000,-1.5673782,0.0568054,-9.5763467,-0.0016668,-0.0114589,-0.0016569
7.2900000,-1.5493925,0.0294824,-9.7148071,-0.0025016,-0.0052533,-0.0039223
7.3000000,-1.4752486,-0.0037958,-9.6113053,0.0004719,-0.0047253,0.0031204
7.3100000,-1.5387537,0.0008698,-9.6413078,0.0012681,-0.0037383,-0.0008521
7.3200000,-1.4917596,0.0014560,-9.5954758,0.0004709,-0.0102672,-0.0000330
7.3300000,-1.6125055,-0.0624409,-9.6276200,0.0011532,-0.0071552,0.0053989
7.3400000,-1.4705668,-0.0295842,-9.7144670,0.0041826,-0.0075487,-0.0002834
7.3500000,-1.5414257,0.0481386,-9.5817824,-0.0014765,-0.0111480,-0.0034170
7.3600000,-1.4887737,-0.0002967,-9.6796756,-0.0009003,-0.0093311,-0.0016319
7.3700000,-1.5670677,0.0453957,-9.6185660,0.0017808,-0.0113319,-0.0058137
7.3800000,-1.4989227,0.0384683,-9.6126091,-0.0031541,-0.0067652,0.0010627
7.3900000,-1.4911242,0.0524867,-9.5556278,-0.0022729,-0.0074289,-0.0015828
7.4000000,-1.4782180,-0.0457323,-9.6729101,0.0025826,-0.0051333,0.0000742
7.4100000,-1.5379517,-0.0395028,-9.6038229,0.0029811,-0.0040829,-0.0002370
7.4200000,-1.4297856,0.0193753,-9.6684347,0.0007796,-0.0057592,-0.0054756
7.4300000,-1.6155954,0.0563259,-9.6105230,-0.0030566,-0.0102887,-0.0007403
7.4400000,-1.5634815,-0.0212514,-9.6998163,0.0025796,-0.0108886,0.0004022
7.4500000,-1.5526558,-0.0311686,-9.6000312,0.0006392,-0.0060193,-0.0049488
7.4600000,-1.5777771,-0.0368032,-9.6815311,0.0007878,-0.0051834,-0.0013516
7.4700000,-1.5437122,0.0278625,-9.6262840,0.0008775,-0.0067128,0.0009252
7.4800000,-1.5698234,0.0187510,-9.6015437,0.0044583,-0.0089355,0.0000155
7.4900000,-1.5491544,-0.0266614,-9.6009488,0.0055044,-0.0129848,0.0016700
7.5000000,-1.5379320,-0.0158156,-9.6806561,0.0015280,-0.0073580,0.0035258
7.5100000,-1.4798358,-0.0272360,-9.6682460,-0.0008654,-0.0056927,-0.0016318
7.5200000,-1.5733698,0.0325155,-9.5240674,0.0000924,-0.0092490,0.0040726
7.5300000,-1.6013363,-0.0149749,-9.6305357,0.0027303,-0.0070026,-0.0023784
7.5400000,-1.5828079,-0.0186707,-9.6306286,-0.0053626,-0.0080037,-0.0001573
7.5500000,-1.5290179,0.0157857,-9.6928810,0.0003903,-0.0130837,-0.0008231
7.5600000,-1.5657083,0.0022879,-9.6219315,-0.0001420,-0.0093845,-0.0016402
7.5700000,-1.5327145,0.0117484,-9.6180981,-0.0016932,-0.0109340,-0.0051708
7.5800000,-1.5012279,0.0354312,-9.6400574,0.0035124,-0.0058183,-0.0018692
7.5900000,-1.5065574,-0.0059938,-9.5914038,0.0007692,-0.0055668,-0.0006869
7.6000000,-1.5341440,-0.0593596,-9.6504811,0.0002172,-0.0125795,-0.0025561
7.6100000,-1.5967105,-0.0349747,-9.6474590,-0.0031162,-0.0073339,-0.0051719
7.6200000,-1.6100971,-0.0213721,-9.6344720,0.0011759,-0.0100556,0.0044063
7.6300000,-1.4903985,0.0006147,-9.6586716,0.0040307,-0.0110092,0.0021016
7.6400000,-1.5716785,-0.0599266,-9.6621977,0.0031160,-0.0110623,-0.0025215
7.6500000,-1.4895357,0.0765654,-9.6276506,-0.0027525,-0.0071269,0.0001176
7.6600000,-1.6054158,-0.0305455,-9.6414199,0.0032596,-0.0130774,0.0001190
7.6700000,-1.5519521,-0.0452816,-9.6824035,0.0040784,-0.0052839,0.0031881
7.6800000,-1.5678148,-0.0096410,-9.6561199,0.0016008,-0.0070007,-0.0024289
7.6900000,-1.6291590,0.0863444,-9.5991118,-0.0014392,-0.0057915,0.0005626
7.7000000,-1.5260556,-0.0521635,-9.6679805,-0.0011178,-0.0071720,-0.0008436
7.7100000,-1.4207862,0.0256342,-9.7202057,0.0036917,-0.0020430,0.0027669
7.7200000,-1.5125065,-0.0219922,-9.5890444,0.0043775,-0.0043590,0.0001488
7.7300000,-1.4912764,-0.0172675,-9.6753484,-0.0006542,-0.0086906,0.0024028
7.7400000,-1.5332129,-0.0674804,-9.6145378,0.0010939,-0.0062034,-0.0000803
7.7500000,-1.4829497,0.0776917,-9.6147113,0.0051319,-0.0096544,0.0037827
7.7600000,-1.5335374,0.0017813,-9.6169550,0.0045958,-0.0084008,0.0016307
7.7700000,-1.6555170,0.0467014,-9.5727671,0.0004847,-0.0056201,0.0038061
7.7800000,-1.5510509,-0.0606802,-9.6081302,0.0006113,-0.0036078,0.0041061
7.7900000,-1.6546329,-0.0050275,-9.6558848,0.0020375,-0.0121585,0.0031232
7.8000000,-1.5317476,0.0339617,-9.6189099,0.0014035,-0.0114786,-0.0033961
7.8100000,-1.5517563,-0.0187217,-9.5872213,-0.0031903,-0.0083682,-0.0004023
7.8200000,-1.5823464,-0.0721236,-9.6267032,0.0000284,-0.0127256,0.0027167
7.8300000,-1.5316147,-0.0029425,-9.6794249,-0.0001732,-0.0081715,-0.0082254
7.8400000,-1.5824441,0.0456310,-9.6604498,-0.0015904,-0.0094137,-0.0000814
7.8500000,-1.5718785,0.0755847,-9.5959522,0.0000220,-0.0112875,0.0009735
7.8600000,-1.5163512,-0.0213065,-9.6666321,-0.0022200,-0.0096634,-0.0020566
7.8700000,-1.6523971,0.0318088,-9.6557852,-0.0000928,-0.0060457,-0.0007775
7.8800000,-1.5649488,-0.0901614,-9.6111196,0.0018077,-0.0124975,0.0032594
7.8900000,-1.5763957,-0.0499146,-9.6628613,-0.0023741,-0.0073070,0.0032260
7.9000000,-1.5728479,0.0918508,-9.6225514,-0.0044669,-0.0023757,-0.0034456
7.9100000,-1.5760253,0.0940009,-9.5508031,0.0006091,-0.0068580,-0.0041167
7.9200000,-1.5165852,0.0047306,-9.6132644,0.0000606,-0.0111682,0.0037345
7.9300000,-1.5129693,0.0523776,-9.6123083,-0.0018826,-0.0073008,-0.0016270
7.9400000,-1.5449271,0.0428591,-9.6518716,0.0032836,-0.0086479,0.0025643
7.9500000,-1.6053298,-0.0451865,-9.5676285,0.0028629,-0.0068859,0.0033507
7.9600000,-1.5538710,0.0093716,-9.6661497,0.0025540,-0.0056041,-0.0013067
7.9700000,-1.5310189,-0.0004673,-9.5865159,-0.0043854,-0.0021307,-0.0003779
7.9800000,-1.5193990,-0.0563934,-9.6142483,0.0007999,-0.0108818,-0.0028787
7.9900000,-1.5843814,0.0032142,-9.6154686,0.0001848,-0.0116792,-0.0040656
8.0000000,-1.5896614,-0.0617651,-9.5710434,-0.0023279,-0.0047570,0.0040057
8.0100000,-1.6291239,-0.0435950,-9.6305458,-0.0025620,0.0011217,0.0003306
8.0200000,-1.5948367,0.0334490,-9.5483790,0.0029710,-0.0058052,0.0018178
8.0300000,-1.5635165,-0.0069162,-9.5818334,-0.0067318,-0.0133651,0.0007049
8.0400000,-1.4845331,0.0213603,-9.6168474,-0.0008962,-0.0047408,-0.0019579
8.0500000,-1.6210936,0.0311478,-9.6810061,-0.0010922,-0.0062020,-0.0040822
8.0600000,-1.6243466,0.1054115,-9.6224920,0.0037621,-0.0070108,0.0013781
8.0700000,-1.5662267,-0.0528848,-9.6076040,-0.0019543,-0.0102348,0.0067418
8.0800000,-1.6280641,-0.0009921,-9.6209372,0.0014601,-0.0085031,-0.0056245
8.0900000,-1.5342445,-0.0371125,-9.5814397,0.0006421,-0.0063403,-0.0069803
8.1000000,-1.5593532,0.0218466,-9.6565369,-0.0021024,-0.0092565,-0.0012398
8.1100000,-1.5041082,0.0863305,-9.5675459,-0.0004885,-0.0110709,0.0007879
8.1200000,-1.5228622,0.0943671,-9.6298439,-0.0004551,-0.0103072,0.0072661
8.1300000,-1.5532816,-0.0242594,-9.6878705,-0.0018411,-0.0091391,0.0008891
8.1400000,-1.5429237,0.0862621,-9.6637747,-0.0012989,-0.0120391,-0.0018517
8.1500000,-1.4940857,0.0095201,-9.6303687,-0.0035334,-0.0067967,0.0028463
8.1600000,-1.5291569,0.1214812,-9.6667385,-0.0048381,-0.0068885,-0.0038995
8.1700000,-1.6256749,-0.0155518,-9.6377736,0.0010329,-0.0053435,0.0045253
8.1800000,-1.5452068,-0.0374345,-9.6945874,-0.0040095,-0.0084798,-0.0007491
8.1900000,-1.6064149,0.0605017,-9.7162016,0.0036563,-0.0094385,0.0040318
8.2000000,-1.5920928,0.0057872,-9.5713746,0.0019696,-0.0080461,0.0024795
8.2100000,-1.5489573,0.0273994,-9.6453030,-0.0000593,-0.0106101,0.0050430
8.2200000,-1.5459320,0.0086682,-9.7115724,0.0045672,-0.0078738,-0.0018624
8.2300000,-1.5314692,0.0100268,-9.6399385,0.0021448,-0.0055948,-0.0008909
8.2400000,-1.4942319,0.0923966,-9.6711636,-0.0014771,-0.0057835,0.0033637
8.2500000,-1.6735525,0.0027813,-9.5442984,-0.0021792,-0.0038547,-0.0024479
8.2600000,-1.4623877,0.0765027,-9.6107203,0.0028456,-0.0052806,-0.0002521
8.2700000,-1.5696473,-0.0128001,-9.5886030,-0.0046018,-0.0119801,-0.0006913
8.2800000,-1.5180041,-0.0604008,-9.5938807,-0.0009827,-0.0162707,0.0010907
8.2900000,-1.5936836,0.0304603,-9.6297376,-0.0006382,-0.0106259,-0.0022354
8.3000000,-1.5819705,-0.0008377,-9.5715077,-0.0014414,-0.0069931,0.0019086
8.3100000,-1.5444779,0.0468670,-9.6318640,-0.0022511,-0.0063672,-0.0001854
8.3200000,-1.6415073,-0.0344995,-9.5702728,-0.0033753,-0.0053365,-0.0000147
8.3300000,-1.5790186,0.0091832,-9.7380318,-0.0020872,-0.0094881,0.0018465
8.3400000,-1.5774391,-0.0200226,-9.6135454,-0.0013911,-0.0060563,-0.0010928
8.3500000,-1.5401919,-0.0632560,-9.6159127,0.0022772,-0.0078481,-0.0016042
8.3600000,-1.6238239,0.1525126,-9.6800846,-0.0015607,-0.0087637,-0.0013433
8.3700000,-1.5214719,0.0215099,-9.5827879,-0.0032101,-0.0083226,-0.0070719
8.3800000,-1.5304718,-0.0699613,-9.5575671,-0.0062691,-0.0058859,-0.0042775
8.3900000,-1.5666077,-0.0169825,-9.6906363,-0.0012824,-0.0080126,0.0001995
8.4000000,-1.5952948,-0.0324915,-9.5913168,0.0008200,-0.0069974,0.0025102
8.4100000,-1.5800403,-0.0083748,-9.5738695,-0.0040916,-0.0027792,0.0012667
8.4200000,-1.5863536,-0.0278430,-9.6552983,0.0024714,-0.0116042,0.0001252
8.4300000,-1.5776880,-0.0285860,-9.5912164,0.0007428,-0.0051975,0.0037591
8.4400000,-1.6131547,-0.0837226,-9.6674274,0.0003446,-0.0068359,-0.0011971
8.4500000,-1.5993801,-0.0686233,-9.6029982,0.0024718,-0.0043662,0.0031683
8.4600000,-1.5739162,0.0133528,-9.6123691,0.0005038,-0.0109373,0.0062128
8.4700000,-1.5775832,0.0116602,-9.5509012,0.0021895,-0.0056924,-0.0033306
8.4800000,-1.5140750,-0.0243053,-9.6423172,0.0033607,-0.0084253,-0.0004071
8.4900000,-1.5512089,0.0099941,-9.5730011,0.0041418,-0.0051989,-0.0028981
8.5000000,-1.5947498,-0.0578033,-9.6056230,-0.0029393,-0.0087811,0.0022333
8.5100000,-1.5780300,0.0371135,-9.6302097,-0.0015512,-0.0076770,0.0041649
8.5200000,-1.6092325,0.0444676,-9.5400211,0.0030987,-0.0070127,0.0027279
8.5300000,-1.5664865,-0.0242088,-9.6122602,0.0006578,-0.0064192,-0.0014990
8.5400000,-1.5752096,0.0006560,-9.7347076,0.0039224,-0.0078571,0.0036844
8.5500000,-1.5955871,-0.0801234,-9.6708079,0.0019143,-0.0049865,0.0018859
8.5600000,-1.5924836,0.0051446,-9.6211900,-0.0034941,-0.0066916,0.0001944
8.5700000,-1.6507455,0.0170283,-9.7455363,-0.0001302,-0.0092578,0.0049040
8.5800000,-1.6036898,-0.0287846,-9.6623530,-0.0028590,-0.0044718,-0.0006119
8.5900000,-1.5800519,0.0445497,-9.6414742,0.0063760,-0.0061526,0.0023981
8.6000000,-1.5158326,-0.0246373,-9.6442386,0.0009093,-0.0060669,-0.0051777
8.6100000,-1.4600477,0.0178089,-9.5624374,-0.0007337,-0.0042367,0.0015917
8.6200000,-1.6126343,0.0481817,-9.6729949,-0.0028105,-0.0088257,0.0027228
8.6300000,-1.6861403,-0.0036676,-9.6188431,-0.0015760,-0.0115822,-0.0017556
8.6400000,-1.6460951,-0.0902781,-9.6252293,-0.0018412,-0.0087444,-0.0040201
8.6500000,-1.4931168,-0.0092275,-9.5397043,-0.0015144,-0.0110193,0.0069007
8.6600000,-1.4878172,0.0279596,-9.6115969,-0.0015224,-0.0065990,0.0059139
8.6700000,-1.6041347,0.0620020,-9.6420039,0.0030618,-0.0032222,-0.0009704
8.6800000,-1.6394195,0.0105534,-9.7203049,-0.0018809,-0.0102042,0.0077109
8.6900000,-1.6145908,0.0258452,-9.6160105,0.0012592,-0.0077162,-0.0018363
8.7000000,-1.4322359,0.0210152,-9.6824839,-0.0029798,-0.0076632,0.0013357
8.7100000,-1.5789360,0.0356445,-9.6321120,-0.0049367,-0.0099132,-0.0007782
8.7200000,-1.5340005,0.0029044,-9.7353605,-0.0028980,-0.0040388,0.0005319
8.7300000,-1.5707324,-0.0014598,-9.6043863,0.0016678,-0.0072148,-0.0011729
8.7400000,-1.5452282,-0.0597508,-9.6301394,0.0029611,-0.0093853,-0.0006427
8.7500000,-1.5569481,0.0212398,-9.6773819,0.0025060,-0.0055400,-0.0037785
8.7600000,-1.5460652,-0.0410855,-9.6706611,-0.0019616,-0.0004511,0.0002862
8.7700000,-1.6028868,-0.0515036,-9.6688850,-0.0034055,-0.0072169,-0.0024894
8.7800000,-1.6282689,-0.0492530,-9.5878475,0.0000320,-0.0128115,0.0026255
8.7900000,-1.6716020,-0.0944741,-9.6938987,0.0030511,-0.0094220,-0.0012154
8.8000000,-1.6402057,0.0060718,-9.5730987,0.0070998,-0.0047648,-0.0031571
8.8100000,-1.6045862,-0.0584690,-9.6716434,0.0045495,-0.0078916,-0.0004246
8.8200000,-1.6148916,0.0417287,-9.6362541,-0.0008874,-0.0084365,-0.0028111
8.8300000,-1.5598007,-0.0260241,-9.6777575,-0.0023156,-0.0076444,0.0020856
8.8400000,-1.5183152,0.0570510,-9.5498932,-0.0014719,-0.0064718,-0.0026893
8.8500000,-1.5376855,0.0275867,-9.6481289,-0.0051280,-0.0115299,-0.0014809
8.8600000,-1.4863778,-0.0869825,-9.6441663,-0.0052634,-0.0076233,0.0016805
8.8700000,-1.6149733,-0.0079739,-9.6553220,0.0021191,-0.0047542,0.0015926
8.8800000,-1.5887257,-0.0224949,-9.7175208,0.0007012,-0.0107907,0.0005218
8.8900000,-1.5559709,0.0290908,-9.7064358,-0.0008516,-0.0072692,-0.0009209
8.9000000,-1.5680605,0.0179561,-9.6451844,0.0021795,-0.0065977,0.0028471
8.9100000,-1.6586913,0.0528914,-9.6260334,-0.0016825,-0.0135496,0.0035882
8.9200000,-1.5127002,0.0563659,-9.6268738,0.0028590,-0.0039738,-0.0032248
8.9300000,-1.5620844,-0.0379523,-9.5493626,0.0043708,-0.0083360,-0.0027591
8.9400000,-1.5333367,0.0083505,-9.6625217,0.0034066,-0.0056387,0.0019288
8.9500000,-1.5693886,-0.0706672,-9.5125988,0.0009854,-0.0099126,-0.0033159
8.9600000,-1.6197342,0.0096632,-9.6111229,-0.0008590,-0.0103796,-0.0061200
8.9700000,-1.5694974,0.0451041,-9.6566029,-0.0002947,-0.0061891,-0.0015256
8.9800000,-1.5139074,0.0283001,-9.6079851,0.0021872,-0.0099679,-0.0035377
8.9900000,-1.5847035,-0.0382956,-9.5811491,-0.0034006,-0.0047116,0.0036532
9.0000000,-1.6070588,-0.0488708,-9.5926780,-0.0012116,-0.0102215,-0.0005247
9.0100000,-1.6864434,0.0693033,-9.6526653,-0.0050746,-0.0034070,-0.0019712
9.0200000,-1.4974384,0.0471199,-9.5935292,-0.0015775,-0.0033539,0.0016784
9.0300000,-1.6433748,-0.0032997,-9.6518046,-0.0007552,-0.0083254,-0.0050810
9.0400000,-1.5327433,-0.0191313,-9.6043080,0.0015907,-0.0053124,-0.0061771
9.0500000,-1.6695593,0.1107866,-9.6833538,0.0043199,-0.0095377,-0.0025587
9.0600000,-1.6195388,-0.0183960,-9.6307572,-0.0013312,-0.0070758,-0.0020227
9.0700000,-1.5265195,0.0226938,-9.5339525,0.0021130,-0.0060748,0.0007514
9.0800000,-1.6040114,-0.0245702,-9.6436795,0.0014216,-0.0116335,-0.0007202
9.0900000,-1.6559520,0.0445931,-9.5998301,-0.0033106,-0.0142526,0.0018356
9.1000000,-1.6075797,0.0286469,-9.6735071,0.0012226,-0.0125285,0.0002404
9.1100000,-1.4747578,0.0956197,-9.6737889,0.0030693,-0.0072996,0.0017963
9.1200000,-1.5701530,-0.0409556,-9.6607511,-0.0062669,-0.0071871,-0.0011404
9.1300000,-1.5372578,-0.0982893,-9.7083983,-0.0016935,-0.0119185,-0.0018700
9.1400000,-1.5309780,0.0771545,-9.6402937,-0.0043580,-0.0077909,0.0031558
9.1500000,-1.6392520,-0.1456831,-9.6059754,-0.0010961,-0.0026896,-0.0037496
9.1600000,-1.5920549,-0.0813049,-9.6197927,0.0019697,-0.0088981,0.0007389
9.1700000,-1.5376517,-0.0198285,-9.6704986,0.0060703,-0.0128267,0.0020452
9.1800000,-1.5720895,0.0641652,-9.6073520,0.0010401,-0.0081252,0.0003988
9.1900000,-1.5502616,0.0587134,-9.6428904,-0.0016943,-0.0022741,-0.0046524
9.2000000,-1.5348005,-0.0264499,-9.6282289,-0.0033009,-0.0043482,-0.0037604
9.2100000,-1.5130426,-0.0821181,-9.6434756,0.0053697,-0.0076899,-0.0000027
9.2200000,-1.5623577,0.0325784,-9.6472172,-0.0028025,-0.0069386,-0.0040731
9.2300000,-1.5586894,0.0385050,-9.6855724,0.0014088,-0.0066346,0.0007695
9.2400000,-1.5335758,0.0277215,-9.6948072,0.0047726,-0.0101079,0.0013043
9.2500000,-1.6515136,-0.0741504,-9.5869056,-0.0037216,-0.0083868,-0.0002562
9.2600000,-1.5480066,0.1351209,-9.5594604,0.0000163,-0.0086226,0.0018153
9.2700000,-1.6023601,-0.0282013,-9.5645033,0.0021321,-0.0061581,0.0025373
9.2800000,-1.5955190,0.1292024,-9.5542070,-0.0029505,-0.0104794,0.0018246
9.2900000,-1.5822539,-0.0333081,-9.6416034,0.0025406,-0.0085128,-0.0006023
9.3000000,-1.6086046,-0.0844178,-9.6243154,0.0011010,-0.0043907,-0.0009150
9.3100000,-1.5518147,-0.0216868,-9.6491126,-0.0018762,-0.0124741,-0.0024054
9.3200000,-1.5422225,0.0458836,-9.6516038,-0.0038190,-0.0063641,-0.0015202
9.3300000,-1.6221684,0.0035855,-9.7278476,-0.0050332,-0.0114240,0.0029698
9.3400000,-1.5845771,-0.0957656,-9.5602360,0.0035945,-0.0128914,-0.0001702
9.3500000,-1.6016529,0.0735694,-9.6753004,-0.0058410,-0.0076394,0.0039605
9.3600000,-1.6488653,0.0621679,-9.6654144,0.0030183,-0.0097186,0.0024408
9.3700000,-1.5890306,-0.0490980,-9.5451101,-0.0044797,-0.0070144,0.0055028
9.3800000,-1.5631489,0.0280941,-9.6464729,-0.0003534,-0.0015271,-0.0031454
9.3900000,-1.5592043,0.0329070,-9.5523320,0.0028497,-0.0096985,-0.0000582
9.4000000,-1.6121336,0.0015673,-9.7001675,-0.0006114,-0.0072118,-0.0026397
9.4100000,-1.5747601,-0.0386721,-9.6541252,0.0037252,-0.0079778,0.0015781
9.4200000,-1.5914559,-0.0505443,-9.6040133,-0.0000646,-0.0066525,0.0006706
9.4300000,-1.5593138,-0.0765726,-9.5980885,-0.0015848,-0.0088862,0.0024789
9.4400000,-1.5873812,-0.0241052,-9.6999135,0.0065943,-0.0030500,0.0002163
9.4500000,-1.5941008,0.0261581,-9.6446198,-0.0034441,-0.0061287,0.0028768
9.4600000,-1.5870708,-0.0315842,-9.6416056,0.0010117,-0.0107566,0.0019371
9.4700000,-1.5349900,0.0233826,-9.6549695,0.0000554,-0.0133630,0.0018686
9.4800000,-1.5617412,0.0197297,-9.6500011,-0.0002113,-0.0088100,0.0023131
9.4900000,-1.5765991,-0.0975347,-9.5930587,0.0024695,-0.0059783,0.0050771
9.5000000,-1.5178442,-0.0446240,-9.6626033,0.0003733,-0.0088965,-0.0024461
9.5100000,-1.5868085,0.0986774,-9.6032137,0.0022326,-0.0100544,-0.0022840
9.5200000,-1.6342150,-0.0166947,-9.6355008,0.0012790,-0.0078017,0.0003708
9.5300000,-1.5446812,0.0192191,-9.5778821,0.0021172,-0.0115523,-0.0007302
9.5400000,-1.6416659,0.0953405,-9.5567633,0.0026967,-0.0092814,-0.0038702
9.5500000,-1.6552420,0.0187850,-9.6094365,0.0027787,-0.0095646,0.0025693
9.5600000,-1.5472083,0.0300848,-9.5776063,0.0046891,-0.0041879,0.0020302
9.5700000,-1.5620433,-0.0526351,-9.6039960,-0.0048702,-0.0097654,0.0042832
9.5800000,-1.5745160,0.0349418,-9.5401090,0.0031105,-0.0067781,-0.0039696
9.5900000,-1.6585017,0.0381200,-9.6001658,-0.0054109,-0.0069565,-0.0000557
9.6000000,-1.5328380,0.0321768,-9.5867053,-0.0042214,-0.0063092,0.0042983
9.6100000,-1.6143068,-0.0118743,-9.6736696,-0.0017822,-0.0046877,-0.0039672
9.6200000,-1.6273141,-0.1266096,-9.5851320,-0.0056596,-0.0106086,-0.0015521
9.6300000,-1.5631603,0.0836721,-9.6184619,-0.0021872,-0.0119035,0.0005933
9.6400000,-1.4856431,-0.0054769,-9.6047631,0.0033376,-0.0115866,-0.0004102
9.6500000,-1.5807700,0.0375720,-9.5728913,-0.0025873,-0.0075532,0.0015270
9.6600000,-1.6093835,-0.0071106,-9.5429587,0.0033628,-0.0045832,0.0001355
9.6700000,-1.5616931,-0.0575894,-9.5840567,-0.0040127,-0.0082075,0.0043842
9.6800000,-1.5774546,0.0115322,-9.6202609,0.0045042,-0.0074518,0.0008530
9.6900000,-1.5369923,0.0096401,-9.5907286,0.0001773,-0.0049048,-0.0002182
9.7000000,-1.5945705,-0.0047259,-9.6391893,-0.0011368,-0.0045423,-0.0010256
9.7100000,-1.5982736,-0.0169177,-9.5854982,0.0002367,-0.0106348,0.0060326
9.7200000,-1.6443596,0.0519096,-9.6464846,0.0041796,-0.0105864,0.0043372
9.7300000,-1.6123276,-0.0026970,-9.6627175,0.0020360,-0.0075992,-0.0010470
9.7400000,-1.5256449,0.0993318,-9.5772205,0.0027905,-0.0055997,0.0021021
9.7500000,-1.5403882,-0.0158532,-9.6234926,-0.0013826,-0.0084397,0.0022816
9.7600000,-1.6379886,0.0103011,-9.6482210,-0.0002363,-0.0067956,0.0015316
9.7700000,-1.6533716,0.0950854,-9.6220507,-0.0025862,-0.0117885,-0.0018781
9.7800000,-1.5374446,0.0198713,-9.6087157,-0.0036883,-0.0095495,0.0032250
9.7900000,-1.6786829,-0.0147154,-9.7040909,-0.0017859,-0.0077267,-0.0004384
9.8000000,-1.6462774,-0.0133293,-9.6456951,-0.0059120,-0.0098366,0.0009345
9.8100000,-1.6413399,0.0305315,-9.5993274,-0.0066739,-0.0100275,0.0026158
9.8200000,-1.5412572,-0.0003295,-9.6760023,0.0021373,-0.0061862,0.0018057
9.8300000,-1.5908821,-0.0794993,-9.6228056,0.0003593,-0.0055275,-0.0021061
9.8400000,-1.6359172,0.0134516,-9.6634582,-0.0005244,-0.0097007,-0.0016402
9.8500000,-1.5170733,-0.0144913,-9.6233799,0.0027662,-0.0053557,0.0017497
9.8600000,-1.6141563,-0.0365468,-9.6229052,-0.0025100,-0.0087497,0.0013346
9.8700000,-1.4932266,0.0194684,-9.5906355,-0.0007703,-0.0115997,0.0006950
9.8800000,-1.5525260,-0.0242083,-9.4879103,-0.0051041,-0.0111859,-0.0051117
9.8900000,-1.5988029,0.0673941,-9.6032603,0.0019849,-0.0062589,-0.0003137
9.9000000,-1.6523393,0.0089519,-9.6185228,-0.0033151,-0.0085183,-0.0024432
9.9100000,-1.6286908,0.0972971,-9.6200595,0.0024175,-0.0083986,0.0014205
9.9200000,-1.5375120,0.0148981,-9.5500902,0.0000708,-0.0083884,-0.0026456
9.9300000,-1.5282853,-0.0200141,-9.7218872,-0.0003390,-0.0123500,0.0000731
9.9400000,-1.5866919,-0.0261363,-9.6794626,0.0021061,-0.0079601,-0.0008696
9.9500000,-1.5589732,0.0580238,-9.5736943,-0.0022135,-0.0059271,0.0023050
9.9600000,-1.5770177,-0.0015717,-9.5488850,0.0045470,-0.0088219,0.0041027
9.9700000,-1.5372955,0.0442249,-9.6882454,-0.0015732,-0.0049324,0.0023056
9.9800000,-1.7009875,-0.1346584,-9.6090859,0.0014072,-0.0069697,0.0006043
9.9900000,-1.5869186,0.0765386,-9.6185779,0.0011296,-0.0089711,-0.0058528
10.0000000,-1.6527971,-0.0186082,-9.5982367,-0.0051835,-0.0105488,-0.0001338
10.0100000,-1.5876146,0.0058446,-9.6103557,0.0029974,-0.0073410,0.0004410
10.0200000,-1.6252043,0.0706779,-9.5685078,-0.0049214,-0.0084226,0.0034672
10.0300000,-1.4896411,-0.0288462,-9.5783952,-0.0027782,-0.0093246,0.0025868
10.0400000,-1.6068842,-0.0013180,-9.5719651,0.0006310,-0.0110354,-0.0069759
10.0500000,-1.5349750,0.0774499,-9.5903385,0.0046071,-0.0131568,-0.0024449
10.0600000,-1.6100922,0.0467943,-9.5750920,-0.0016882,-0.0084272,0.0026624
10.0700000,-1.5051472,0.0459732,-9.6190211,0.0013973,-0.0042966,-0.0005112
10.0800000,-1.6695922,-0.0110742,-9.6733385,0.0010744,-0.0050979,-0.0010514
10.0900000,-1.6554349,-0.0725164,-9.6135048,0.0008033,-0.0078377,0.0043353
10.1000000,-1.5784687,-0.0635790,-9.6145216,-0.0036674,-0.0072271,0.0038313
10.1100000,-1.6716198,0.0218279,-9.5900921,-0.0031582,-0.0115486,0.0008058
10.1200000,-1.5541325,-0.0061817,-9.6358936,0.0045905,-0.0071315,-0.0042960
10.1300000,-1.5187454,0.0452354,-9.6276971,0.0006935,-0.0084396,-0.0014324
10.1400000,-1.6028164,-0.0894547,-9.6383560,-0.0000148,-0.0144449,-0.0005040
10.1500000,-1.6954897,0.0727626,-9.6197169,-0.0012960,-0.0053930,-0.0012585
10.1600000,-1.5680669,-0.0157914,-9.7475615,-0.0004366,-0.0111232,-0.0008289
10.1700000,-1.6308635,-0.0829272,-9.6566119,-0.0022257,-0.0065009,-0.0009404
10.1800000,-1.6002749,0.0879240,-9.6447492,0.0014183,-0.0095437,-0.0008943
10.1900000,-1.6279144,-0.0033213,-9.6214929,0.0002645,0.0009609,-0.0034698
10.2000000,-1.6578317,0.0687939,-9.5085398,-0.0004813,-0.0089135,-0.0006084
10.2100000,-1.5412051,-0.0846866,-9.6055616,0.0038224,-0.0072501,0.0008231
10.2200000,-1.5765424,0.0524865,-9.5733885,0.0064095,-0.0090054,-0.0012325
10.2300000,-1.5836963,-0.0050726,-9.6239060,-0.0053650,-0.0058965,-0.0009001
10.2400000,-1.6333802,0.0250939,-9.6174833,0.0038900,-0.0028098,-0.0001803
10.2500000,-1.5562382,0.0080492,-9.5957137,-0.0012874,-0.0095002,0.0015228
10.2600000,-1.4624487,0.0027152,-9.6376039,0.0004754,-0.0054536,0.0020025
10.2700000,-1.5756682,-0.0482104,-9.6423871,0.0012141,-0.0025011,0.0019022
10.2800000,-1.6336458,0.0422690,-9.6968998,0.0045319,-0.0093878,-0.0017262
10.2900000,-1.6077758,0.0604452,-9.5947710,-0.0044970,-0.0036906,-0.0009349
10.3000000,-1.6289679,0.0411479,-9.6199413,-0.0001683,-0.0110730,0.0004269
10.3100000,-1.5928364,0.0104474,-9.6186891,0.0008260,-0.0078698,0.0025549
10.3200000,-1.6248428,-0.0273493,-9.6167465,0.0009869,-0.0125502,0.0024893
10.3300000,-1.6736795,-0.0224212,-9.6233610,0.0011029,-0.0090724,-0.0000486
10.3400000,-1.5926864,0.0256012,-9.6526362,0.0068761,-0.0089487,0.0062997
10.3500000,-1.5668064,-0.0205475,-9.6631177,0.0000721,-0.0091870,0.0020297
10.3600000,-1.6276554,-0.0131529,-9.6348355,0.0052867,-0.0055174,-0.0017534
10.3700000,-1.6560506,-0.0212642,-9.6596463,-0.0007920,-0.0067288,-0.0005575
10.3800000,-1.6121774,0.0037211,-9.6286463,-0.0047964,-0.0093018,0.0031248
10.3900000,-1.5261791,0.0858026,-9.6001455,0.0006510,-0.0044658,-0.0033373
10.4000000,-1.5346975,0.1356074,-9.6187945,-0.0011348,-0.0098142,-0.0031703
10.4100000,-1.6424197,-0.0183372,-9.6579322,-0.0034481,-0.0080343,0.0011367
10.4200000,-1.5081125,0.0023240,-9.5853064,-0.0029850,-0.0047118,0.0039646
10.4300000,-1.5870048,-0.1238416,-9.5916979,-0.0029699,-0.0103393,-0.0011376
10.4400000,-1.5219107,0.0305812,-9.7418924,0.0039438,-0.0040888,0.0032255
10.4500000,-1.5794294,-0.0221150,-9.7076107,0.0019712,-0.0058758,0.0017886
10.4600000,-1.5470433,0.0600668,-9.5586001,-0.0002048,-0.0071980,-0.0010607
10.4700000,-1.5490260,0.0100092,-9.6645903,-0.0020026,-0.0088831,0.0014099
10.4800000,-1.6713238,-0.0668517,-9.6270563,0.0022106,-0.0077631,0.0031447
10.4900000,-1.5927745,-0.0109079,-9.5608179,0.0033437,-0.0066942,-0.0031059
10.5000000,-1.5833415,0.0027020,-9.5680096,0.0014906,-0.0087253,-0.0001767
10.5100000,-1.5314530,-0.0057093,-9.6195173,-0.0039814,-0.0085029,0.0015990
10.5200000,-1.5813387,0.0704377,-9.6138390,0.0041983,-0.0101958,-0.0021601
10.5300000,-1.6607147,0.0215611,-9.6726033,0.0028631,-0.0062050,0.0002598
10.5400000,-1.5873542,-0.0226283,-9.6087340,0.0007048,-0.0163109,-0.0014959
10.5500000,-1.5321421,0.0834057,-9.5167030,0.0015569,-0.0027118,-0.0014129
10.5600000,-1.6152193,0.0285274,-9.5667903,0.0010170,-0.0086364,-0.0005198
10.5700000,-1.6476951,0.0033126,-9.6207655,0.0007707,-0.0119320,-0.0008199
10.5800000,-1.5878807,0.0385901,-9.6810500,0.0010317,-0.0081701,-0.0039725
10.5900000,-1.6376221,-0.0097986,-9.6071279,-0.0006097,-0.0024790,0.0002727
10.6000000,-1.6270705,0.0118829,-9.6270480,-0.0041805,-0.0130073,0.0056730
10.6100000,-1.5960480,0.0746636,-9.5364608,-0.0048865,-0.0059322,-0.0054802
10.6200000,-1.6760434,0.0099708,-9.6804926,0.0014936,-0.0057528,0.0075172
10.6300000,-1.7357336,0.0485228,-9.6416848,-0.0011450,-0.0082846,-0.0037760
10.6400000,-1.6458486,0.0234499,-9.7059915,-0.0014498,-0.0107693,-0.0055652
10.6500000,-1.5068445,-0.0017653,-9.6239983,0.0006479,-0.0075130,-0.0074840
10.6600000,-1.5872156,-0.0363050,-9.6289882,0.0019416,-0.0099078,-0.0007471
10.6700000,-1.6049949,0.0086033,-9.6071139,0.0028452,-0.0084178,-0.0005274
10.6800000,-1.6495635,-0.0621090,-9.6659211,0.0019652,-0.0062649,-0.0015226
10.6900000,-1.5630354,-0.0008988,-9.5179128,-0.0042783,-0.0085192,0.0008242
10.7000000,-1.6241804,0.0373818,-9.5751356,-0.0011265,-0.0010153,-0.0006060
10.7100000,-1.5785870,-0.0571364,-9.7401266,-0.0041805,-0.0067575,-0.0003324
10.7200000,-1.6039900,-0.0101341,-9.6670314,-0.0037976,-0.0117055,-0.0063042
10.7300000,-1.6712901,0.0377400,-9.5613465,0.0010540,-0.0105133,-0.0014566
10.7400000,-1.6358160,0.0070878,-9.5346855,-0.0002103,-0.0029746,-0.0043678
10.7500000,-1.6563640,-0.0164577,-9.6144898,-0.0012630,-0.0070414,-0.0039436
10.7600000,-1.7358826,-0.0701274,-9.5860457,0.0009969,-0.0111850,0.0042867
10.7700000,-1.6200146,-0.0262842,-9.5966644,0.0042460,-0.0101890,0.0004575
10.7800000,-1.5620118,-0.0591735,-9.5430700,0.0019216,-0.0016862,0.0011653
10.7900000,-1.5714962,-0.1468249,-9.5794694,0.0060460,-0.0102283,-0.0009133
10.8000000,-1.6175438,-0.0965134,-9.6363853,-0.0033895,-0.0103643,0.0032646
10.8100000,-1.5639542,0.0799929,-9.5989024,-0.0014610,-0.0096444,0.0008380
10.8200000,-1.5807281,0.0314660,-9.6086940,-0.0032478,-0.0064282,0.0011843
10.8300000,-1.6499637,0.0422650,-9.6062624,0.0004750,-0.0023196,-0.0032775
10.8400000,-1.6579280,-0.0655706,-9.5974976,0.0053119,-0.0069066,-0.0048387
10.8500000,-1.5842326,0.0138856,-9.6669959,0.0002792,-0.0076243,0.0066342
10.8600000,-1.6091628,0.0563424,-9.6840472,-0.0019471,-0.0120263,0.0009159
10.8700000,-1.6341997,-0.0378911,-9.6141354,-0.0001645,-0.0049861,0.0001388
10.8800000,-1.6553940,0.0432638,-9.6325593,0.0017639,-0.0110133,-0.0008392
10.8900000,-1.5307400,0.0043563,-9.5108532,0.0014170,-0.0095661,-0.0029655
10.9000000,-1.6245253,-0.0305621,-9.6604138,0.0028956,-0.0061812,0.0007441
10.9100000,-1.5554454,-0.1037377,-9.5724341,0.0010500,-0.0083588,0.0025840
10.9200000,-1.6699126,-0.0068500,-9.5938010,-0.0020239,-0.0054853,0.0040189
10.9300000,-1.6177459,0.0613270,-9.6763209,0.0012253,-0.0060823,-0.0049124
10.9400000,-1.6181088,0.0248599,-9.5303751,-0.0012414,-0.0057307,-0.0040135
10.9500000,-1.5446462,-0.0425701,-9.5826856,0.0053472,-0.0115244,-0.0001358
10.9600000,-1.6521293,0.0027766,-9.5931745,-0.0020909,-0.0125856,-0.0017852
10.9700000,-1.5670542,0.1021024,-9.5705217,-0.0015324,-0.0087884,0.0014182
10.9800000,-1.5804404,0.0445850,-9.6347678,0.0054169,-0.0101996,-0.0010650
10.9900000,-1.5874419,0.0288449,-9.5626668,0.0024904,-0.0098033,-0.0051758
11.0000000,-1.5632480,0.0431572,-9.6679354,0.0032113,-0.0095194,0.0005469
11.0100000,-1.6818929,-0.0476374,-9.6684801,0.0012917,-0.0042801,0.0017599
11.0200000,-1.5897388,-0.0080563,-9.6142117,0.0004167,-0.0062803,0.0012891
11.0300000,-1.5988675,-0.0029811,-9.7865971,0.0008494,-0.0077228,-0.0027292
11.0400000,-1.5093435,0.0139114,-9.6695898,-0.0056180,-0.0093559,-0.0017900
11.0500000,-1.6671238,0.0492441,-9.6093485,0.0002034,-0.0165327,0.0011249
11.0600000,-1.6116113,-0.0513753,-9.5060038,0.0004722,-0.0055933,0.0015567
11.0700000,-1.5618726,-0.0158774,-9.6541056,0.0012297,-0.0066003,-0.0027977
11.0800000,-1.6730704,-0.0629982,-9.6268791,0.0008929,-0.0122298,0.0033420
11.0900000,-1.5759453,0.0115929,-9.5874195,0.0008833,-0.0086462,0.0056167
11.1000000,-1.6167524,0.0554064,-9.7396509,-0.0031184,-0.0088674,-0.0022616
11.1100000,-1.6500612,-0.0244283,-9.6165147,0.0009487,-0.0113551,0.0033483
11.1200000,-1.6116965,0.0382654,-9.7047186,0.0068776,-0.0041380,-0.0023421
11.1300000,-1.5685486,0.0195069,-9.6237505,0.0008346,-0.0182038,-0.0016013
11.1400000,-1.6153553,0.0760916,-9.6821345,0.0010253,-0.0072778,-0.0028081
11.1500000,-1.6701651,0.0919784,-9.5676800,-0.0030504,-0.0089438,-0.0010323
11.1600000,-1.5437597,0.0381275,-9.5394039,0.0045614,-0.0115718,0.0012253
11.1700000,-1.5916934,-0.0225740,-9.5536375,-0.0000286,-0.0083930,-0.0030693
11.1800000,-1.6452106,-0.0318871,-9.6619891,0.0046598,-0.0077222,-0.0027168
11.1900000,-1.6324607,-0.0247661,-9.5677200,0.0088528,-0.0106145,0.0001252
11.2000000,-1.5940426,0.0737633,-9.6027923,0.0003078,-0.0057993,0.0016042
11.2100000,-1.5374683,0.0028410,-9.6092681,-0.0001969,-0.0100669,0.0026067
11.2200000,-1.5954393,-0.0515211,-9.6008423,-0.0008578,-0.0053530,-0.0035578
11.2300000,-1.5846296,-0.0265984,-9.5923188,-0.0007453,-0.0077006,0.0022129
11.2400000,-1.6364993,0.0032252,-9.6595208,0.0040389,-0.0075883,0.0028420
11.2500000,-1.5508440,-0.0272214,-9.5563785,-0.0000641,-0.0094074,0.0028941
11.2600000,-1.5923988,0.0266783,-9.5732433,-0.0001034,-0.0029208,0.0082692
11.2700000,-1.6319119,0.0411503,-9.6492339,0.0032279,-0.0061346,0.0040064
11.2800000,-1.6112013,0.0230014,-9.6740942,0.0000302,-0.0055181,-0.0033335
11.2900000,-1.6709633,-0.0642244,-9.5530560,-0.0004296,-0.0104603,0.0054445
11.3000000,-1.5895876,-0.0256658,-9.6288241,0.0002250,-0.0076133,0.0026727
11.3100000,-1.6703905,0.0623115,-9.5932637,0.0012025,-0.0081244,-0.0030965
11.3200000,-1.5902985,-0.0224463,-9.7097229,0.0014707,-0.0027366,-0.0000313
11.3300000,-1.7441055,0.0453940,-9.6387271,0.0021681,-0.0114031,0.0010335
11.3400000,-1.5703567,-0.0177144,-9.5503951,-0.0027941,-0.0057522,0.0027647
11.3500000,-1.5665945,0.1314464,-9.7276980,-0.0063265,-0.0073371,0.0005284
11.3600000,-1.6453609,-0.0281037,-9.5958143,0.0038807,-0.0084484,0.0007738
11.3700000,-1.6739671,-0.0198071,-9.5714562,-0.0083099,-0.0026232,-0.0039113
11.3800000,-1.6421038,-0.0030276,-9.5542083,-0.0023357,-0.0117380,0.0034539
11.3900000,-1.6446001,0.0005718,-9.5814199,-0.0057926,-0.0042325,0.0045930
11.4000000,-1.6076229,-0.0588872,-9.6182400,-0.0006798,-0.0073241,0.0000463
11.4100000,-1.5498399,0.0021759,-9.6621902,-0.0012659,-0.0047798,-0.0023622
11.4200000,-1.5573250,0.0162163,-9.6313364,0.0034092,-0.0123797,0.0027991
11.4300000,-1.6333426,0.0623251,-9.6649765,-0.0020810,-0.0077825,0.0041042
11.4400000,-1.6384866,-0.0150167,-9.7153141,0.0024617,-0.0090802,-0.0050671
11.4500000,-1.5747463,-0.0434524,-9.5737449,0.0004982,-0.0064000,0.0013837
11.4600000,-1.6074197,0.0504157,-9.5647636,-0.0024021,-0.0067469,-0.0044505
11.4700000,-1.6654716,0.0367943,-9.5572365,-0.0008883,-0.0026922,0.0024134
11.4800000,-1.6207438,-0.0211265,-9.6203391,0.0031379,-0.0064860,-0.0020843
11.4900000,-1.5940583,0.0026548,-9.5915529,0.0007853,-0.0063159,-0.0013700
11.5000000,-1.6004870,0.0209911,-9.6825380,0.0027806,-0.0140374,0.0016863
11.5100000,-1.6406717,-0.0346240,-9.5765466,-0.0002148,-0.0091536,0.0004936
11.5200000,-1.5795459,0.0467504,-9.7129309,0.0031448,-0.0116204,0.0006797
11.5300000,-1.7053351,0.0070417,-9.6519494,0.0032050,-0.0080422,0.0041006
11.5400000,-1.5788818,-0.0954866,-9.5571991,-0.0014399,-0.0046949,-0.0053000
11.5500000,-1.5859459,-0.0348189,-9.6075992,0.0027144,-0.0094593,0.0039385
11.5600000,-1.5776436,0.1011364,-9.6347335,-0.0023370,-0.0106898,0.0016347
11.5700000,-1.5963862,0.0540040,-9.6025722,-0.0018186,-0.0110463,0.0034975
11.5800000,-1.6433717,0.0818514,-9.6519536,0.0076564,-0.0030135,0.0013037
11.5900000,-1.6966167,-0.0458026,-9.6120586,-0.0000835,-0.0060458,0.0005329
11.6000000,-1.6124935,-0.1159169,-9.6205529,0.0016739,-0.0087586,0.0032074
11.6100000,-1.6348343,0.0400241,-9.6778820,-0.0019531,-0.0035467,-0.0068506
11.6200000,-1.6214091,0.1007731,-9.6616911,0.0042971,-0.0051760,-0.0012000
11.6300000,-1.7359611,0.0212242,-9.7007301,0.0048591,-0.0086015,-0.0030987
11.6400000,-1.6643663,0.0153945,-9.5997171,0.0034094,-0.0098814,0.0016597
11.6500000,-1.6522469,-0.0748419,-9.7133072,0.0039850,-0.0098636,-0.0022815
11.6600000,-1.5956831,0.0362455,-9.6395559,-0.0003784,-0.0035091,-0.0014777
11.6700000,-1.6236652,0.0221174,-9.7141819,-0.0030649,-0.0063045,-0.0054683
11.6800000,-1.6693619,-0.0384466,-9.5929123,-0.0079683,-0.0061477,-0.0044108
11.6900000,-1.5756660,0.0266511,-9.6127085,-0.0005735,-0.0075664,0.0031510
11.7000000,-1.6609061,0.0346270,-9.6419895,0.0017550,-0.0055312,-0.0026393
11.7100000,-1.6259819,0.0258875,-9.7168168,-0.0025917,-0.0103807,-0.0015390
11.7200000,-1.6020693,0.0342284,-9.4998984,0.0007411,-0.0075426,0.0013663
11.7300000,-1.7012461,-0.0269595,-9.6458810,0.0018939,-0.0080487,-0.0000085
11.7400000,-1.5776028,0.0370176,-9.6326703,0.0007885,-0.0042944,0.0029942
11.7500000,-1.5991091,-0.0214317,-9.5943539,0.0023839,-0.0091396,0.0004054
11.7600000,-1.5988739,-0.0160411,-9.7021002,-0.0030414,-0.0071437,-0.0041866
11.7700000,-1.5135621,0.0018465,-9.6075171,0.0041955,-0.0085416,0.0020268
11.7800000,-1.6212262,-0.0236971,-9.6402297,0.0012419,-0.0058752,0.0011961
11.7900000,-1.6689923,0.0370219,-9.6864100,0.0069246,-0.0102991,-0.0039602
11.8000000,-1.6588736,0.0215236,-9.6044403,-0.0006266,-0.0119198,0.0013213
11.8100000,-1.5560986,-0.0386752,-9.4918002,0.0014959,-0.0068197,0.0019675
11.8200000,-1.6180368,-0.0131189,-9.5429409,0.0050586,-0.0096213,0.0038111
11.8300000,-1.5235705,0.0732978,-9.6332648,0.0033251,-0.0144205,-0.0048052
11.8400000,-1.5923099,-0.0701610,-9.5414417,0.0002325,-0.0037980,0.0039174
11.8500000,-1.6717507,0.0363906,-9.5276836,0.0015411,-0.0104650,0.0014680
11.8600000,-1.6356034,0.1595651,-9.6146193,0.0011305,-0.0072106,-0.0001984
11.8700000,-1.7210610,0.0483224,-9.6358573,-0.0014967,-0.0069117,0.0012715
11.8800000,-1.6347650,0.0097093,-9.6246181,0.0002224,-0.0125656,0.0032682
11.8900000,-1.6470237,-0.0658453,-9.5828255,0.0032371,-0.0100265,0.0011362
11.9000000,-1.5930834,0.0906818,-9.5158264,0.0002258,-0.0098517,0.0042038
11.9100000,-1.6446201,0.0191356,-9.6440029,0.0018724,-0.0038458,-0.0005019
11.9200000,-1.7310764,0.1059508,-9.6583035,-0.0002547,-0.0087223,-0.0025408
11.9300000,-1.6438466,-0.0067980,-9.6628128,-0.0030352,-0.0066472,0.0063021
11.9400000,-1.6713842,-0.0443099,-9.6387807,0.0042962,-0.0047232,0.0022062
11.9500000,-1.6473249,-0.0704012,-9.6438984,-0.0070847,-0.0077637,-0.0010435
11.9600000,-1.5539234,-0.0043954,-9.6286765,0.0003888,-0.0015694,-0.0007862
11.9700000,-1.6930324,0.0421339,-9.5597577,-0.0042282,-0.0122918,-0.0009179
11.9800000,-1.6305124,-0.0069758,-9.6025602,0.0020046,-0.0054694,0.0030441
11.9900000,-1.4950479,-0.0635637,-9.5567118,-0.0031505,-0.0056450,0.0041859
12.0000000,-1.5601661,0.0578192,-9.7076438,-0.0027561,-0.0027460,-0.0004736
12.0100000,-1.5509457,-0.0328235,-9.6374496,0.0018139,-0.0103474,0.0012195
12.0200000,-1.5793077,-0.0129729,-9.6659042,-0.0004596,-0.0145917,0.0033624
12.0300000,-1.6326771,-0.0093841,-9.5996534,-0.0032203,-0.0072919,-0.0055243
12.0400000,-1.6870810,0.0345842,-9.6817144,-0.0018143,-0.0052378,-0.0012445
12.0500000,-1.5619899,0.0007848,-9.6356242,-0.0034722,-0.0081773,0.0011691
12.0600000,-1.6756929,0.0090525,-9.6475996,0.0008898,-0.0128095,-0.0008626
12.0700000,-1.6281422,0.1015740,-9.7097218,-0.0026563,-0.0028406,0.0023077
12.0800000,-1.6464050,-0.0072769,-9.6892053,0.0010886,-0.0072894,-0.0053829
12.0900000,-1.6142073,0.0293259,-9.6469547,0.0053432,-0.0051990,-0.0042835
12.1000000,-1.6017213,-0.0307207,-9.5904647,-0.0005393,-0.0111368,-0.0010287
12.1100000,-1.6376699,-0.0291384,-9.5993158,-0.0046634,-0.0090805,0.0036397
12.1200000,-1.6044649,-0.0734716,-9.5775420,0.0023751,-0.0074347,-0.0014047
12.1300000,-1.6190462,0.0491570,-9.7145149,-0.0027798,-0.0113978,-0.0008576
12.1400000,-1.5534126,-0.0526014,-9.6738341,-0.0039677,-0.0064243,-0.0001557
12.1500000,-1.6070439,0.0033812,-9.6035419,-0.0026111,-0.0116805,-0.0007667
12.1600000,-1.6462699,-0.0914543,-9.6006528,-0.0044716,-0.0045967,-0.0014254
12.1700000,-1.5175229,0.0493916,-9.4947657,-0.0010170,-0.0061486,0.0000382
12.1800000,-1.6658123,0.0245364,-9.6659569,-0.0003419,-0.0038962,0.0007107
12.1900000,-1.5413294,0.0939139,-9.7298279,0.0011076,-0.0100808,0.0007590
12.2000000,-1.6510101,-0.0504528,-9.6334346,-0.0023304,-0.0060639,0.0018857
12.2100000,-1.6882515,0.0134023,-9.6630094,-0.0033799,-0.0032029,-0.0007387
12.2200000,-1.6447135,0.0140120,-9.6836464,-0.0015817,-0.0121936,0.0049473
12.2300000,-1.6748532,-0.0541040,-9.6483856,-0.0028797,-0.0146108,0.0039408
12.2400000,-1.6581093,-0.0540158,-9.4992836,0.0006001,-0.0023731,0.0018513
12.2500000,-1.5913496,-0.0034271,-9.5975359,0.0009035,-0.0072872,0.0023840
12.2600000,-1.6237069,0.0575760,-9.6084183,-0.0016004,-0.0065479,-0.0006488
12.2700000,-1.6169580,0.0021400,-9.7279283,-0.0021774,-0.0047874,-0.0033636
12.2800000,-1.6907374,-0.0176634,-9.6665190,0.0040290,-0.0031125,-0.0025165
12.2900000,-1.7053055,-0.0125519,-9.5567432,-0.0011669,-0.0077594,-0.0040761
12.3000000,-1.5778230,0.0520042,-9.5645678,0.0005107,-0.0096298,-0.0005235
12.3100000,-1.5929585,0.0001047,-9.6934623,-0.0042985,-0.0088276,-0.0018660
12.3200000,-1.6987916,-0.0072227,-9.5815625,0.0014117,-0.0049040,-0.0017877
12.3300000,-1.7228695,0.0362352,-9.6572294,-0.0016504,-0.0110058,-0.0000909
12.3400000,-1.6777143,0.0338958,-9.6865137,-0.0003088,-0.0056431,0.0011653
12.3500000,-1.6970605,0.0098705,-9.6899745,0.0001111,-0.0069406,-0.0007257
12.3600000,-1.6486366,-0.0127983,-9.6309730,0.0017538,-0.0135538,0.0018897
12.3700000,-1.5667242,-0.0181560,-9.6325760,-0.0008915,-0.0060975,0.0012238
12.3800000,-1.5840564,-0.0373461,-9.6774975,-0.0049010,-0.0088744,-0.0014069
12.3900000,-1.7049974,0.0832726,-9.6407043,-0.0020477,-0.0074477,0.0010114
12.4000000,-1.5687160,0.0472838,-9.5821209,0.0034067,-0.0047214,-0.0023485
12.4100000,-1.6214041,-0.0374488,-9.5978072,-0.0035630,-0.0071424,0.0002940
12.4200000,-1.6483888,-0.0380725,-9.6295922,0.0000270,-0.0112905,-0.0027951
12.4300000,-1.6820816,0.0467339,-9.5618484,0.0000427,-0.0076486,0.0023523
12.4400000,-1.6557283,0.0517295,-9.7088450,-0.0028631,-0.0081365,-0.0004231
12.4500000,-1.5544804,-0.0292046,-9.6444016,0.0066100,-0.0074851,0.0027719
12.4600000,-1.5539149,0.0795444,-9.6104451,-0.0043005,-0.0058432,0.0035450
12.4700000,-1.6050051,0.0868044,-9.6599310,-0.0004002,-0.0084325,-0.0002496
12.4800000,-1.5813651,-0.0847153,-9.5253578,-0.0033934,-0.0102140,0.0044475
12.4900000,-1.6485613,0.0107761,-9.5999354,-0.0060910,-0.0075077,0.0037251
12.5000000,-1.6873275,0.0208517,-9.6275808,0.0001440,-0.0064290,-0.0013168
12.5100000,-1.6857945,-0.0627407,-9.6184254,0.0031153,-0.0097918,0.0014103
12.5200000,-1.6296219,-0.0150391,-9.6583463,0.0023138,-0.0087249,-0.0019615
12.5300000,-1.6166505,-0.1066791,-9.6311823,-0.0000908,-0.0044502,0.0001752
12.5400000,-1.6031824,0.0059931,-9.5518821,0.0012724,-0.0105613,0.0013536
12.5500000,-1.5435166,-0.0033006,-9.6801519,-0.0019310,-0.0050090,0.0010652
12.5600000,-1.7676653,0.0262617,-9.6224296,0.0017551,-0.0117061,-0.0023260
12.5700000,-1.5789886,-0.0726212,-9.6537854,0.0047916,-0.0083156,0.0022878
12.5800000,-1.6761697,-0.1206002,-9.6907711,0.0016901,-0.0043433,-0.0003639
12.5900000,-1.4932138,-0.0014918,-9.5610346,0.0001003,-0.0041004,-0.0015658
12.6000000,-1.6681447,-0.0692076,-9.5888786,-0.0025105,-0.0008965,-0.0034731
12.6100000,-1.5848638,0.0526746,-9.6042388,-0.0013145,-0.0113671,0.0025339
12.6200000,-1.6630975,0.0120948,-9.6220272,-0.0052734,-0.0056504,-0.0028394
12.6300000,-1.6997742,0.0116341,-9.5702786,0.0028543,-0.0033536,-0.0010789
12.6400000,-1.7278402,-0.1463914,-9.6800178,0.0023818,-0.0096228,0.0046399
12.6500000,-1.6925170,0.0094145,-9.6470059,-0.0007903,-0.0049692,-0.0020237
12.6600000,-1.6539649,-0.0811290,-9.5839519,0.0016789,-0.0101302,0.0049865
12.6700000,-1.7245222,0.0559243,-9.6546310,0.0035685,-0.0096121,-0.0006669
12.6800000,-1.6915902,-0.0234416,-9.5263635,0.0042457,-0.0038275,-0.0048934
12.6900000,-1.5834556,0.0254670,-9.7165719,-0.0002403,-0.0043979,0.0011528
12.7000000,-1.6598563,0.0099982,-9.6446768,-0.0035680,-0.0024485,-0.0009586
12.7100000,-1.5412415,0.0752055,-9.6562546,-0.0006405,-0.0109048,-0.0016220
12.7200000,-1.6636418,0.0039799,-9.6607534,0.0005247,-0.0073973,-0.0008531
12.7300000,-1.6817722,-0.0556717,-9.5597048,-0.0002116,-0.0054122,-0.0011530
12.7400000,-1.6353573,0.0016002,-9.5944774,-0.0030038,-0.0095675,0.0037750
12.7500000,-1.6853241,-0.0037752,-9.6031473,0.0009294,-0.0113786,-0.0014675
12.7600000,-1.6250226,0.0389216,-9.6080759,0.0014858,-0.0097198,-0.0063121
12.7700000,-1.6892632,-0.0312816,-9.6826679,-0.0035137,-0.0057449,-0.0061810
12.7800000,-1.6226955,-0.0354566,-9.6136655,-0.0035215,-0.0087130,0.0013400
12.7900000,-1.6674329,-0.0117588,-9.6430712,-0.0047143,-0.0015180,-0.0005712
12.8000000,-1.6402126,0.0072006,-9.5995973,-0.0012387,-0.0084666,-0.0018789
12.8100000,-1.7017809,-0.0239351,-9.6669486,-0.0000814,-0.0059814,-0.0027611
12.8200000,-1.6048101,-0.0414351,-9.6043368,0.0031600,-0.0106685,-0.0038452
12.8300000,-1.6258312,-0.0373789,-9.6065714,-0.0055264,-0.0083126,0.0030652
12.8400000,-1.6646697,0.0183990,-9.6396912,0.0031951,-0.0035872,-0.0050449
12.8500000,-1.6877817,-0.0468063,-9.6411559,0.0059462,-0.0098476,-0.0014775
12.8600000,-1.6393203,0.0431424,-9.7045060,-0.0002798,-0.0076741,-0.0036332
12.8700000,-1.6166083,0.0454520,-9.6336057,0.0043887,-0.0133111,0.0014209
12.8800000,-1.6481798,0.0691642,-9.6329835,-0.0009722,-0.0116173,-0.0038392
12.8900000,-1.6730973,-0.0663125,-9.5676891,0.0044311,-0.0041738,0.0024391
12.9000000,-1.6169210,-0.0392909,-9.6356868,0.0018842,-0.0089868,-0.0037171
12.9100000,-1.6127444,0.0230714,-9.6566375,-0.0010381,-0.0112301,-0.0040514
12.9200000,-1.6492829,0.0093499,-9.5977513,0.0020847,-0.0111223,0.0014500
12.9300000,-1.6254837,-0.0479477,-9.6476159,0.0013079,-0.0030163,0.0013145
12.9400000,-1.6159178,0.0231074,-9.5810192,-0.0031456,-0.0072491,-0.0023069
12.9500000,-1.6378092,0.0548227,-9.5790480,0.0031088,-0.0054212,0.0004496
12.9600000,-1.5791110,-0.0003939,-9.6431145,-0.0003294,-0.0043427,-0.0016831
12.9700000,-1.7243465,-0.0910166,-9.6944839,0.0041401,-0.0062303,-0.0039844
12.9800000,-1.6389899,0.0479883,-9.6030907,-0.0002145,-0.0093240,0.0011077
12.9900000,-1.5440046,0.0186550,-9.6880278,-0.0045070,-0.0024255,-0.0027337
13.0000000,-1.6978096,-0.0241976,-9.5781656,0.0030290,-0.0103193,-0.0023308
13.0100000,-1.6632693,0.0712030,-9.5699292,0.0019108,-0.0084156,0.0033054
13.0200000,-1.6281475,-0.0171260,-9.6019436,0.0033543,-0.0050336,-0.0010883
13.0300000,-1.7062860,-0.0297086,-9.6821871,0.0041395,-0.0059960,-0.0018307
13.0400000,-1.6570439,-0.0024410,-9.6216063,0.0024636,-0.0020042,-0.0019712
13.0500000,-1.6388489,0.0271365,-9.5341168,0.0013750,-0.0047458,-0.0026624
13.0600000,-1.5815757,0.0057060,-9.6344457,-0.0071444,-0.0028985,0.0006033
13.0700000,-1.5529113,0.0098158,-9.6208266,0.0045394,-0.0058610,-0.0032545
13.0800000,-1.6314668,-0.0160111,-9.5673754,0.0019743,-0.0094995,0.0030183
13.0900000,-1.6080690,0.0312279,-9.6300855,-0.0038198,-0.0056749,0.0014828
13.1000000,-1.6809390,-0.0402205,-9.6282262,0.0013069,-0.0067396,0.0034341
13.1100000,-1.6359352,-0.0463977,-9.5773394,-0.0026282,-0.0070441,0.0009063
13.1200000,-1.6421341,0.0177519,-9.7303967,-0.0026244,-0.0087894,-0.0032547
13.1300000,-1.6233682,0.0284141,-9.6247890,0.0045639,-0.0102901,0.0007777
13.1400000,-1.6413927,-0.0115205,-9.6635686,-0.0001454,-0.0070993,-0.0027313
13.1500000,-1.7053777,-0.0350817,-9.6401927,-0.0011880,-0.0069568,0.0003597
13.1600000,-1.6586050,0.0227598,-9.6145949,-0.0033374,-0.0151136,-0.0004017
13.1700000,-1.5793461,0.0653432,-9.6130544,0.0037294,-0.0134996,-0.0006520
13.1800000,-1.6753143,0.0044938,-9.5996409,-0.0018449,-0.0080438,-0.0022600
13.1900000,-1.6816094,0.0052319,-9.5965276,-0.0035164,-0.0068728,0.0006995
13.2000000,-1.5510236,-0.0636802,-9.6355897,0.0040599,-0.0112821,-0.0059498
13.2100000,-1.6218396,0.0028080,-9.5772209,-0.0007419,-0.0079236,0.0016775
13.2200000,-1.6622853,-0.0714432,-9.6706830,-0.0013702,-0.0080968,0.0048613
13.2300000,-1.6593564,-0.0188245,-9.6616111,0.0004794,-0.0131320,-0.0013188
13.2400000,-1.5981418,0.0362468,-9.6111765,-0.0046254,-0.0121298,0.0002333
13.2500000,-1.6306308,-0.0844355,-9.5769080,-0.0042183,-0.0107416,-0.0008809
13.2600000,-1.6568059,0.0320791,-9.6812977,0.0035959,-0.0103837,0.0009558
13.2700000,-1.6448418,-0.0413979,-9.6957238,-0.0004627,-0.0100507,0.0050649
13.2800000,-1.6724798,-0.1141653,-9.6808463,-0.0018383,-0.0069766,-0.0022496
13.2900000,-1.6555749,0.0477207,-9.6015657,-0.0011193,-0.0064499,-0.0046144
13.3000000,-1.6886254,-0.0234813,-9.6107057,0.0017586,-0.0025892,0.0049076
13.3100000,-1.5164605,-0.0778012,-9.6407848,0.0034184,-0.0102693,-0.0018579
13.3200000,-1.6766011,0.0593555,-9.6784452,0.0002624,-0.0127729,0.0024573
13.3300000,-1.6278286,-0.0505689,-9.6884984,0.0003131,-0.0129524,-0.0020366
13.3400000,-1.5275710,-0.0353625,-9.6630993,-0.0005537,-0.0027246,0.0021497
13.3500000,-1.6675894,-0.0073689,-9.6988192,-0.0024750,-0.0079624,-0.0004952
13.3600000,-1.6630329,-0.0041542,-9.6330006,0.0004452,-0.0102796,0.0006063
13.3700000,-1.6617960,-0.0230719,-9.5942809,-0.0000318,-0.0072327,0.0002092
13.3800000,-1.6000079,0.0468445,-9.6971808,0.0035364,-0.0103992,-0.0016756
13.3900000,-1.6469373,-0.0340387,-9.6071287,0.0012888,-0.0081051,-0.0022073
13.4000000,-1.5996303,0.0579894,-9.6342317,0.0036932,-0.0056324,0.0015651
13.4100000,-1.6279243,0.0334441,-9.6170569,-0.0092904,-0.0080766,-0.0005901
13.4200000,-1.6060523,0.0255590,-9.7167838,-0.0058584,-0.0096889,-0.0055250
13.4300000,-1.7006564,0.0667664,-9.6651340,-0.0005492,-0.0089311,0.0059151
13.4400000,-1.6684890,0.0022107,-9.6280147,0.0016800,-0.0067678,-0.0004268
13.4500000,-1.6222084,0.0006016,-9.6393877,0.0000765,-0.0086845,-0.0037119
13.4600000,-1.6105413,-0.0095617,-9.5594980,-0.0016356,-0.0101671,-0.0015515
13.4700000,-1.6888617,0.0198951,-9.6745883,0.0010328,-0.0137945,0.0050596
13.4800000,-1.7288537,0.0604994,-9.5939450,-0.0005247,-0.0094952,0.0004815
13.4900000,-1.6921812,-0.0049059,-9.5763222,0.0046920,-0.0080577,-0.0012942
13.5000000,-1.7330419,0.0065571,-9.6967856,0.0028283,-0.0109096,-0.0049348
13.5100000,-1.6897620,-0.0905755,-9.6525909,-0.0046192,-0.0090891,0.0060375
13.5200000,-1.7044674,0.0115102,-9.6333162,0.0007668,-0.0041313,0.0027026
13.5300000,-1.6843854,0.0878188,-9.5978369,0.0073808,-0.0051038,-0.0019919
13.5400000,-1.6569822,0.0466550,-9.6311443,0.0000947,-0.0052682,0.0050365
13.5500000,-1.6989352,0.0104300,-9.6017974,0.0019207,-0.0084673,-0.0013977
13.5600000,-1.6581322,-0.0327550,-9.6212076,0.0010675,-0.0071919,0.0031875
13.5700000,-1.5477134,0.0013672,-9.5761845,0.0002351,-0.0084003,0.0054120
13.5800000,-1.6502333,-0.0101865,-9.6366640,-0.0011291,-0.0069134,-0.0037622
13.5900000,-1.6926472,-0.0105827,-9.6423745,0.0055404,-0.0109836,-0.0013730
13.6000000,-1.6048018,0.0204692,-9.6097516,-0.0028244,-0.0072404,-0.0024373
13.6100000,-1.6283151,0.0848761,-9.6463415,0.0003800,-0.0124218,0.0052203
13.6200000,-1.6158934,0.0292697,-9.6986357,-0.0018898,-0.0120247,-0.0000153
13.6300000,-1.6517348,0.0032724,-9.6986946,-0.0009311,-0.0091341,-0.0000482
13.6400000,-1.6069446,0.0105240,-9.6126940,0.0002984,-0.0128185,0.0010519
13.6500000,-1.6110729,-0.0312026,-9.6122121,0.0019405,-0.0115164,0.0004721
13.6600000,-1.6661051,0.0869748,-9.6563512,0.0024307,-0.0051284,0.0006810
13.6700000,-1.6780064,0.0272910,-9.6515989,0.0006227,-0.0101639,-0.0009198
13.6800000,-1.6865575,-0.0149640,-9.5830017,-0.0041221,-0.0076792,-0.0007659
13.6900000,-1.6537906,0.0828966,-9.5114258,0.0002355,-0.0115329,0.0074227
13.7000000,-1.6886148,0.0527605,-9.7144412,-0.0030262,-0.0128085,0.0015050
13.7100000,-1.6414041,-0.0129709,-9.6350653,0.0054386,-0.0091932,0.0016775
13.7200000,-1.6851050,-0.0143530,-9.7156384,-0.0039084,-0.0099834,0.0005975
13.7300000,-1.6957119,0.0053276,-9.6111484,-0.0035577,-0.0097574,0.0016944
13.7400000,-1.6966887,0.0294249,-9.6894097,0.0009014,-0.0090692,-0.0020775
13.7500000,-1.6769835,0.0332013,-9.5999262,-0.0003935,-0.0069179,-0.0033691
13.7600000,-1.6595079,-0.0331603,-9.6233917,-0.0003261,-0.0101948,0.0025345
13.7700000,-1.6288420,-0.0993885,-9.6384854,-0.0049691,-0.0085291,0.0006127
13.7800000,-1.6241954,0.0040041,-9.6093451,0.0001514,-0.0068914,0.0008969
13.7900000,-1.6448418,0.0037425,-9.6356798,-0.0023911,-0.0078344,0.0006433
13.8000000,-1.6693485,-0.1038864,-9.6142452,0.0027598,-0.0079800,-0.0007037
13.8100000,-1.6470058,0.0489489,-9.6949379,-0.0016996,-0.0026797,0.0023413
13.8200000,-1.5948942,0.0212930,-9.5977175,-0.0059543,-0.0097619,-0.0032524
13.8300000,-1.6692368,-0.0696446,-9.6069992,0.0019395,-0.0070740,0.0029425
13.8400000,-1.6069433,-0.0081839,-9.6294319,-0.0027444,-0.0101089,-0.0035397
13.8500000,-1.7179832,0.0117459,-9.6191966,-0.0000331,-0.0088603,0.0062681
13.8600000,-1.6158105,0.0928898,-9.6954846,-0.0009514,-0.0070422,0.0026424
13.8700000,-1.6508407,-0.0628037,-9.6709672,-0.0045419,-0.0110299,0.0036703
13.8800000,-1.6523992,-0.0383596,-9.5985685,0.0035620,-0.0074578,-0.0010584
13.8900000,-1.5459195,0.0571359,-9.6317606,0.0018139,-0.0096038,0.0020972
13.9000000,-1.6011582,-0.0168276,-9.6917826,-0.0069686,-0.0103176,0.0028230
13.9100000,-1.6439417,-0.0185599,-9.6310554,0.0009634,-0.0079597,-0.0054044
13.9200000,-1.6787199,0.0393130,-9.5341985,0.0045838,-0.0114108,0.0001213
13.9300000,-1.6528627,-0.0526343,-9.5624706,-0.0032951,-0.0058525,-0.0010534
13.9400000,-1.6406197,0.0611037,-9.6051755,0.0012331,-0.0057970,0.0014203
13.9500000,-1.6288735,0.0288436,-9.6159202,-0.0047213,-0.0099675,0.0014374
13.9600000,-1.6777963,-0.0689747,-9.6280052,-0.0005043,-0.0146510,-0.0019366
13.9700000,-1.5606964,-0.0010489,-9.5868991,-0.0047930,-0.0087749,-0.0077842
13.9800000,-1.6212075,0.0307201,-9.5230329,-0.0040474,-0.0090227,-0.0002909
13.9900000,-1.6935977,-0.0383086,-9.6719793,-0.0025608,-0.0085700,-0.0011912
14.0000000,-1.6388965,0.0173012,-9.5827027,-0.0025786,-0.0137670,-0.0022553
14.0100000,-1.5867190,0.0484336,-9.5904672,0.0003216,-0.0074941,-0.0017375
14.0200000,-1.6355244,-0.0553593,-9.6377299,0.0047727,-0.0074174,0.0003920
14.0300000,-1.6330996,0.0190243,-9.6739403,0.0000992,-0.0063442,0.0053408
14.0400000,-1.6099364,0.1089579,-9.6286240,-0.0004926,-0.0111551,-0.0009344
14.0500000,-1.6293795,-0.0150466,-9.5506068,-0.0013910,-0.0041167,0.0019728
14.0600000,-1.6600125,0.0370426,-9.6156683,-0.0003285,-0.0082092,0.0006788
14.0700000,-1.7054947,0.0763528,-9.6795033,0.0023697,-0.0111940,0.0007278
14.0800000,-1.6750488,0.0258005,-9.5864222,0.0004619,-0.0096354,-0.0027481
14.0900000,-1.7153285,-0.0602535,-9.6556390,-0.0048749,-0.0113941,-0.0005337
14.1000000,-1.6517664,0.0533397,-9.5560526,-0.0081870,-0.0072673,-0.0017514
14.1100000,-1.6734634,0.0458422,-9.5328248,0.0047934,-0.0073467,-0.0005934
14.1200000,-1.6688379,-0.0242177,-9.6449064,0.0052966,-0.0077254,-0.0004507
14.1300000,-1.6169979,0.0184733,-9.6008664,-0.0021735,-0.0085680,0.0031102
14.1400000,-1.6814277,-0.0631250,-9.5993239,0.0003738,-0.0037192,-0.0033113
14.1500000,-1.6366227,0.1074902,-9.6574274,0.0042985,-0.0066249,-0.0001555
14.1600000,-1.6890355,0.0308082,-9.5946386,0.0075442,-0.0046897,-0.0048032
14.1700000,-1.6347592,-0.0353432,-9.6058288,0.0006438,-0.0047967,-0.0023080
14.1800000,-1.7538099,0.0095640,-9.7133808,-0.0033161,-0.0072199,-0.0011216
14.1900000,-1.6896110,0.0167914,-9.7157757,-0.0016963,-0.0098187,0.0015486
14.2000000,-1.6667838,0.0635163,-9.5332515,-0.0028803,-0.0069133,0.0053043
14.2100000,-1.6682860,0.0036034,-9.5976162,0.0049885,-0.0031313,-0.0041363
14.2200000,-1.6594687,0.0152537,-9.5476366,0.0027548,-0.0092499,0.0005570
14.2300000,-1.7169497,0.0370216,-9.6653400,0.0032421,-0.0063535,-0.0015904
14.2400000,-1.6809256,-0.0457637,-9.5743168,0.0030797,-0.0015231,0.0014566
14.2500000,-1.6249802,0.0579387,-9.6087432,-0.0021957,-0.0135206,-0.0029851
14.2600000,-1.6843480,-0.0140349,-9.6734754,0.0008055,-0.0077642,0.0016163
14.2700000,-1.7642938,0.0080783,-9.6784346,-0.0000073,-0.0028617,-0.0007840
14.2800000,-1.5897526,0.0384769,-9.5687809,0.0005036,-0.0031250,0.0034255
14.2900000,-1.5885783,-0.0835000,-9.5927109,0.0007102,-0.0062400,0.0019492
14.3000000,-1.6669744,-0.0252523,-9.6313987,-0.0041415,-0.0050472,0.0014082
14.3100000,-1.6803769,-0.0600381,-9.6052995,-0.0004086,-0.0114218,0.0002857
14.3200000,-1.6811207,-0.0218202,-9.7543238,0.0062363,-0.0083739,-0.0004484
14.3300000,-1.6956506,0.0330221,-9.5768326,-0.0005368,-0.0063146,-0.0034832
14.3400000,-1.6234743,0.1315795,-9.6129014,0.0029536,-0.0108594,0.0053854
14.3500000,-1.5995585,-0.0284869,-9.6488082,-0.0023089,-0.0106306,-0.0038128
14.3600000,-1.5868420,0.0288471,-9.6414697,-0.0002157,-0.0099777,-0.0016378
14.3700000,-1.7407336,-0.0622959,-9.6020665,-0.0051979,-0.0043199,0.0014787
14.3800000,-1.6829832,0.0056748,-9.6317037,0.0014467,-0.0071124,0.0009255
14.3900000,-1.6437387,-0.0740274,-9.6513613,0.0049715,-0.0065573,-0.0007915
14.4000000,-1.6632009,-0.0238313,-9.6516902,-0.0013642,-0.0015559,0.0003706
14.4100000,-1.6558158,0.0444101,-9.6725820,-0.0008518,-0.0063082,-0.0021416
14.4200000,-1.6664032,-0.0455770,-9.6750327,-0.0019031,-0.0070308,0.0013624
14.4300000,-1.6801278,-0.1620612,-9.5562370,0.0017644,-0.0049137,0.0000715
14.4400000,-1.6741707,0.0148219,-9.6946509,0.0024244,-0.0065545,0.0011181
14.4500000,-1.6462282,0.0814366,-9.6243549,0.0001768,-0.0054316,0.0009524
14.4600000,-1.6887526,-0.0438021,-9.6621676,-0.0031935,-0.0025251,0.0035698
14.4700000,-1.7407840,-0.0029035,-9.6355251,0.0014339,-0.0043298,0.0017979
14.4800000,-1.6331567,-0.0330670,-9.6325991,-0.0066869,-0.0077798,0.0010034
14.4900000,-1.6957177,0.0561509,-9.6052271,-0.0035137,-0.0076662,-0.0031776
14.5000000,-1.6388280,-0.0034261,-9.5973704,0.0006963,-0.0067023,0.0008899
14.5100000,-1.6748063,0.0518965,-9.5974430,0.0048680,-0.0137128,-0.0021329
14.5200000,-1.5918523,0.0128204,-9.6698430,-0.0025839,-0.0065246,-0.0004626
14.5300000,-1.6512580,-0.0307480,-9.5046491,0.0081762,-0.0082586,0.0030827
14.5400000,-1.6213871,-0.0459543,-9.5328734,-0.0004197,-0.0098105,0.0039569
14.5500000,-1.5549666,0.0745190,-9.6499469,0.0025566,-0.0065486,-0.0018245
14.5600000,-1.6699189,0.0045658,-9.6342838,-0.0007162,-0.0090630,0.0043914
14.5700000,-1.5917353,-0.0279165,-9.5607474,-0.0043648,-0.0082784,0.0009613
14.5800000,-1.5936448,0.0652429,-9.5540233,0.0000854,-0.0008925,-0.0030730
14.5900000,-1.6914820,-0.0634045,-9.6005257,0.0018108,-0.0047891,-0.0010051
14.6000000,-1.6714482,-0.0792324,-9.5830584,-0.0014092,-0.0100897,-0.0009579
14.6100000,-1.5435805,-0.0104559,-9.6649069,0.0005187,-0.0078347,-0.0069589
14.6200000,-1.6035030,0.0318790,-9.5542753,-0.0034532,-0.0052840,0.0008348
14.6300000,-1.6741598,0.0449886,-9.6828151,0.0016143,-0.0134496,0.0010320
14.6400000,-1.6589977,0.0522940,-9.6043997,-0.0028454,-0.0093812,0.0019040
14.6500000,-1.5961750,-0.0212565,-9.5879903,0.0031227,-0.0135030,-0.0010420
14.6600000,-1.6635084,0.0393540,-9.5818620,-0.0005933,-0.0048218,-0.0024558
14.6700000,-1.6728264,-0.0322618,-9.5906844,0.0015923,-0.0040679,0.0009951
14.6800000,-1.6496657,0.0363912,-9.6454624,0.0040250,-0.0113290,0.0054432
14.6900000,-1.5372112,0.0103123,-9.5072029,-0.0002208,-0.0122156,-0.0054803
14.7000000,-1.5780740,0.0384944,-9.6076588,0.0047082,-0.0129595,-0.0009877
14.7100000,-1.6566822,0.0454631,-9.7262743,0.0017089,-0.0064346,-0.0017069
14.7200000,-1.6802478,0.0231234,-9.6068432,-0.0029438,-0.0065285,-0.0010742
14.7300000,-1.6890081,-0.0356957,-9.5103666,0.0002300,-0.0073004,-0.0012325
14.7400000,-1.5807580,0.0003478,-9.6010115,-0.0079451,-0.0101087,0.0088969
14.7500000,-1.6489412,-0.0236783,-9.6158080,0.0019717,-0.0069961,-0.0042299
14.7600000,-1.6704730,-0.0520795,-9.6603068,-0.0048170,-0.0130700,-0.0006452
14.7700000,-1.6512930,0.0474802,-9.5227323,0.0051869,-0.0121349,-0.0061184
14.7800000,-1.6004912,-0.1136584,-9.6320616,-0.0011577,-0.0072248,-0.0009460
14.7900000,-1.6589264,-0.0602378,-9.6887812,-0.0008703,-0.0065898,0.0001324
14.8000000,-1.7042143,0.0002163,-9.6261789,-0.0023973,-0.0091458,-0.0008033
14.8100000,-1.6921738,0.0151730,-9.6412134,-0.0034158,-0.0043801,0.0026235
14.8200000,-1.6450448,-0.0397388,-9.6146556,0.0027151,-0.0103548,-0.0045784
14.8300000,-1.6045718,-0.0187706,-9.5943739,-0.0077568,-0.0054186,-0.0002651
14.8400000,-1.5922203,0.0157985,-9.5447821,-0.0019956,-0.0079546,0.0018812
14.8500000,-1.7138186,0.0958012,-9.6186980,0.0001688,-0.0120441,-0.0044549
14.8600000,-1.5958002,0.0030019,-9.5482129,-0.0020433,-0.0055148,-0.0028593
14.8700000,-1.7059507,-0.0271645,-9.6421747,0.0010682,-0.0076746,0.0053360
14.8800000,-1.6617521,-0.0587749,-9.6119980,-0.0006008,-0.0081442,-0.0060435
14.8900000,-1.7149030,-0.0222404,-9.5946773,-0.0003536,-0.0082584,0.0002863
14.9000000,-1.7051188,0.0845526,-9.6867804,-0.0010776,-0.0101641,-0.0001681
14.9100000,-1.6094928,-0.0142430,-9.5498707,-0.0023036,-0.0108116,-0.0000751
14.9200000,-1.6004224,-0.0080520,-9.5802388,-0.0012336,-0.0107092,-0.0034690
14.9300000,-1.6251645,0.0215169,-9.5803674,-0.0004879,-0.0084269,-0.0073250
14.9400000,-1.6330725,0.0104278,-9.5070171,-0.0000758,-0.0038719,0.0006880
14.9500000,-1.6168858,-0.0118181,-9.6221173,-0.0005879,-0.0022207,-0.0032695
14.9600000,-1.7034545,-0.0017469,-9.6249700,-0.0057982,-0.0110009,0.0039972
14.9700000,-1.5975080,0.0203695,-9.5984161,-0.0004156,-0.0074348,-0.0031318
14.9800000,-1.6905989,0.0040360,-9.5694585,-0.0039620,-0.0088557,0.0011172
14.9900000,-1.6197941,-0.0704829,-9.6504131,-0.0006540,-0.0046434,0.0044447
15.0000000,-1.7041280,0.0086722,-9.5666723,0.0051193,-0.0081197,-0.0014396
15.0100000,-1.6780101,-0.0080063,-9.5482602,-0.0002210,-0.0116262,0.0024773
15.0200000,-1.6509508,-0.1693195,-9.5561482,-0.0020714,-0.0087692,0.0045222
15.0300000,-1.7303210,-0.0139393,-9.6666184,0.0014851,-0.0113218,0.0048032
15.0400000,-1.6607019,0.0046816,-9.6192300,-0.0035707,-0.0084762,0.0051783
15.0500000,-1.6776577,0.0028873,-9.5628739,0.0023270,-0.0054378,0.0010663
15.0600000,-1.6059114,-0.0318877,-9.6342935,0.0009894,-0.0088056,0.0081901
15.0700000,-1.6467239,-0.0065413,-9.6344262,0.0041443,-0.0093675,-0.0037982
15.0800000,-1.6646568,-0.0130489,-9.5431190,0.0043288,-0.0073014,-0.0000505
15.0900000,-1.5425406,0.0430580,-9.6577978,-0.0011852,-0.0109854,-0.0004914
15.1000000,-1.7345150,-0.0494143,-9.6274920,0.0007131,-0.0074297,0.0008912
15.1100000,-1.6535600,0.1474631,-9.6667330,0.0012774,-0.0081417,0.0045929
15.1200000,-1.6833821,-0.0095551,-9.6645909,0.0007164,-0.0035007,0.0025767
15.1300000,-1.7380281,-0.0864853,-9.6422112,-0.0037934,-0.0061854,0.0024703
15.1400000,-1.6876069,-0.0518832,-9.5746176,-0.0010070,-0.0083389,-0.0069199
15.1500000,-1.6957685,0.0476890,-9.6283175,-0.0018480,-0.0058649,-0.0011924
15.1600000,-1.6409345,0.0345130,-9.6906442,0.0037182,-0.0152122,-0.0029243
15.1700000,-1.6764735,0.0102290,-9.5962577,-0.0015289,-0.0095161,-0.0053820
15.1800000,-1.7498372,0.0370784,-9.6790582,0.0004688,-0.0052056,0.0041984
15.1900000,-1.6100817,-0.0029389,-9.6123435,-0.0049475,-0.0127106,0.0023128
15.2000000,-1.6299265,-0.0428602,-9.7395616,-0.0087278,-0.0096202,0.0019219
15.2100000,-1.7286758,-0.0092484,-9.6616930,0.0046295,-0.0068439,-0.0017199
15.2200000,-1.6741817,0.0816050,-9.6525244,-0.0009758,-0.0068939,-0.0028716
15.2300000,-1.6091081,0.0187810,-9.7459769,-0.0012969,-0.0068075,0.0021460
15.2400000,-1.6784333,-0.0875753,-9.6721743,-0.0056867,-0.0053726,0.0022882
15.2500000,-1.7757432,-0.0446317,-9.5954873,-0.0006779,-0.0034294,0.0018996
15.2600000,-1.7268242,0.0374516,-9.6761162,-0.0000138,-0.0115245,-0.0039352
15.2700000,-1.6546594,-0.0282346,-9.5912964,-0.0043001,-0.0052950,0.0014154
15.2800000,-1.6546858,0.0366399,-9.6070078,0.0005410,-0.0055946,0.0027574
15.2900000,-1.6517087,0.0749138,-9.5920388,0.0033180,-0.0051539,-0.0027246
15.3000000,-1.6437908,0.0461184,-9.7207914,-0.0027784,-0.0046996,0.0012026
15.3100000,-1.6434290,0.0044199,-9.6043945,-0.0022674,-0.0082078,-0.0005777
15.3200000,-1.7719646,-0.0187512,-9.6092286,0.0012599,-0.0051997,0.0001870
15.3300000,-1.6609631,0.0146238,-9.5459336,0.0002801,-0.0092292,-0.0051489
15.3400000,-1.6757706,0.0014806,-9.7173804,-0.0050180,-0.0106881,-0.0010105
15.3500000,-1.6822095,0.0483633,-9.5549091,0.0006314,-0.0087643,-0.0001358
15.3600000,-1.7759656,-0.0110051,-9.6382071,0.0029922,-0.0044434,0.0041089
15.3700000,-1.6541812,0.0180438,-9.6290112,0.0022295,-0.0114424,0.0004681
15.3800000,-1.6694311,-0.0033059,-9.5705531,0.0059111,-0.0091973,-0.0004902
15.3900000,-1.6011870,-0.0006622,-9.5656840,0.0021231,-0.0122182,-0.0039395
15.4000000,-1.7536415,-0.0032555,-9.7395923,0.0069810,-0.0012788,0.0005478
15.4100000,-1.6407621,0.0521120,-9.5980391,-0.0061982,-0.0051612,-0.0047631
15.4200000,-1.6352138,-0.0835749,-9.5479942,0.0036300,-0.0087022,-0.0049284
15.4300000,-1.6442935,-0.0648350,-9.5193507,-0.0073284,-0.0043246,-0.0017792
15.4400000,-1.7618074,-0.0504151,-9.6969276,-0.0023980,-0.0072420,0.0008821
15.4500000,-1.6776941,0.0721362,-9.5535879,-0.0030046,-0.0040962,0.0012423
15.4600000,-1.6421841,0.0196172,-9.6969255,-0.0017550,-0.0057405,0.0002138
15.4700000,-1.6123198,0.0328111,-9.6560752,0.0017509,-0.0039887,0.0008897
15.4800000,-1.6750629,-0.0333872,-9.6217338,0.0059045,-0.0088137,0.0031756
15.4900000,-1.6840130,0.0226935,-9.6423276,-0.0031914,-0.0045155,-0.0017590
15.5000000,-1.6718697,0.0872192,-9.6673300,0.0038033,-0.0089737,0.0002410
15.5100000,-1.5947048,0.0746603,-9.6335634,-0.0057092,-0.0085807,-0.0039187
15.5200000,-1.5794584,-0.0286305,-9.6073266,-0.0002866,-0.0082390,0.0027045
15.5300000,-1.6526728,-0.0278117,-9.5855938,-0.0034353,-0.0071523,-0.0027205
15.5400000,-1.7024913,-0.0125898,-9.5579339,-0.0006896,-0.0059149,-0.0020002
15.5500000,-1.6581274,0.0119662,-9.6349348,-0.0018962,-0.0104997,0.0007805
15.5600000,-1.6646951,0.0439802,-9.6767968,0.0019356,-0.0036033,0.0010946
15.5700000,-1.5765197,0.0415142,-9.6893726,0.0033267,-0.0063161,-0.0021848
15.5800000,-1.6924089,-0.0264682,-9.6188773,-0.0004466,-0.0109442,0.0026869
15.5900000,-1.6799269,0.0192850,-9.6110746,-0.0037413,-0.0057611,-0.0003847
15.6000000,-1.5070336,-0.0341122,-9.6323994,-0.0005687,-0.0117994,-0.0051756
15.6100000,-1.6119646,0.0099354,-9.5892113,-0.0002208,-0.0112192,0.0059451
15.6200000,-1.6753031,0.0156833,-9.6028852,-0.0017680,-0.0062667,-0.0056119
15.6300000,-1.6545689,-0.0854347,-9.6219595,-0.0088087,-0.0106403,0.0024519
15.6400000,-1.6465074,-0.0876601,-9.6173660,-0.0010108,-0.0055345,0.0027824
15.6500000,-1.6080279,0.0324201,-9.5937823,-0.0035592,-0.0101606,0.0067103
15.6600000,-1.6761971,0.0056778,-9.6106506,-0.0014653,-0.0065756,-0.0028472
15.6700000,-1.6772983,0.1414770,-9.6674747,0.0013813,-0.0075099,-0.0023971
15.6800000,-1.6460669,0.0156307,-9.6006893,0.0011271,-0.0055909,-0.0014940
15.6900000,-1.7394516,-0.0316439,-9.6552295,-0.0030058,-0.0097491,0.0036558
15.7000000,-1.7149107,-0.1030633,-9.6937267,0.0001164,-0.0062493,0.0028383
15.7100000,-1.7508753,-0.0494709,-9.6069681,-0.0010818,-0.0083908,0.0015484
15.7200000,-1.6879717,0.0115624,-9.5868425,-0.0026569,-0.0049094,-0.0066603
15.7300000,-1.7366179,-0.0049146,-9.6146102,0.0019875,-0.0093642,0.0012453
15.7400000,-1.6432915,0.0564323,-9.7327079,0.0022628,-0.0086060,0.0032017
15.7500000,-1.7398041,0.0453236,-9.6244906,0.0028339,-0.0090868,0.0053494
15.7600000,-1.6381851,0.0425828,-9.6367883,-0.0028004,-0.0018832,-0.0049947
15.7700000,-1.7238756,-0.0361965,-9.5296409,-0.0000707,-0.0054643,0.0052138
15.7800000,-1.6975559,0.0469296,-9.6198436,-0.0053951,-0.0113633,0.0021405
15.7900000,-1.6470170,0.0558926,-9.5997747,0.0002371,-0.0093085,0.0009536
15.8000000,-1.6634403,0.0424010,-9.6349232,0.0003579,-0.0072004,0.0089813
15.8100000,-1.7040987,-0.0086025,-9.5769257,-0.0017022,-0.0067538,-0.0027847
15.8200000,-1.6415484,-0.0119180,-9.7240032,-0.0028097,-0.0055142,0.0040062
15.8300000,-1.6174387,0.0544055,-9.6343125,-0.0016539,-0.0168123,-0.0013038
15.8400000,-1.6121380,0.0129918,-9.5860957,-0.0026856,-0.0090014,0.0035501
15.8500000,-1.7175576,0.0032301,-9.6554418,0.0004415,-0.0076965,-0.0004746
15.8600000,-1.7493652,-0.0620624,-9.6556890,-0.0014234,-0.0079749,-0.0060773
15.8700000,-1.6698793,0.0371844,-9.5969072,0.0003270,-0.0044129,0.0053928
15.8800000,-1.6965378,-0.1049825,-9.6004113,0.0059495,-0.0083017,0.0009266
15.8900000,-1.7125962,-0.0577342,-9.6749558,0.0029510,-0.0142185,-0.0048999
15.9000000,-1.6120906,0.0611831,-9.6791057,-0.0017017,-0.0061297,0.0013995
15.9100000,-1.7608036,-0.0642343,-9.6280762,0.0028797,-0.0036094,-0.0012254
15.9200000,-1.7062675,-0.0585013,-9.6910603,0.0003172,-0.0079170,-0.0015926
15.9300000,-1.5856929,-0.0539727,-9.6140338,0.0021887,-0.0106664,0.0029401
15.9400000,-1.6750460,-0.0224545,-9.5511451,-0.0005946,-0.0068364,0.0000031
15.9500000,-1.6049322,-0.0095730,-9.6319928,-0.0036182,-0.0112937,-0.0006365
15.9600000,-1.7566872,-0.0846831,-9.5316373,0.0022286,-0.0081888,0.0038537
15.9700000,-1.6854283,-0.0230893,-9.7013673,0.0009677,-0.0102006,-0.0017850
15.9800000,-1.6616477,-0.0325387,-9.6998404,-0.0061572,-0.0009757,0.0009603
15.9900000,-1.6362595,0.0588252,-9.6439091,0.0048349,-0.0157772,0.0010514
16.0000000,-1.6710188,-0.0666644,-9.6386188,-0.0019240,-0.0101084,0.0056842
16.0100000,-1.6903709,-0.0239807,-9.6053219,0.0005824,-0.0055687,-0.0018394
16.0200000,-1.5633934,0.0242499,-9.6037756,-0.0037486,-0.0116227,-0.0021352
16.0300000,-1.7323938,0.0149638,-9.7297493,-0.0033283,-0.0081248,-0.0018798
16.0400000,-1.6874125,0.0303181,-9.5632705,-0.0021325,-0.0048045,-0.0006382
16.0500000,-1.7815183,0.0729926,-9.6956461,0.0024406,-0.0124256,-0.0016476
16.0600000,-1.7735670,0.0017686,-9.6183754,0.0041086,-0.0077482,-0.0025951
16.0700000,-1.6896164,-0.0712728,-9.6975442,0.0006997,-0.0104974,0.0015021
16.0800000,-1.7119568,-0.0003629,-9.6453352,0.0004549,-0.0099050,0.0026510
16.0900000,-1.7037580,0.0939765,-9.6103457,-0.0031974,-0.0066955,0.0016382
16.1000000,-1.6868911,0.0430976,-9.6139234,0.0037813,-0.0055061,0.0004170
16.1100000,-1.6300783,0.0675078,-9.6587067,0.0003464,-0.0052572,-0.0012790
16.1200000,-1.6857346,-0.0367782,-9.6703704,0.0007082,-0.0080952,-0.0001927
16.1300000,-1.6217862,-0.0299907,-9.6188393,-0.0006328,-0.0064617,0.0015403
16.1400000,-1.7224953,0.0037476,-9.5812642,0.0023853,-0.0122075,0.0050074
16.1500000,-1.6046097,0.0189870,-9.6481730,-0.0000526,-0.0070678,-0.0009911
16.1600000,-1.6779861,-0.0704734,-9.6199129,0.0061266,-0.0049527,-0.0039938
16.1700000,-1.6312638,-0.0001251,-9.6110301,0.0039884,-0.0072691,-0.0010570
16.1800000,-1.6417703,0.0389862,-9.7357303,0.0044842,-0.0098444,0.0073731
16.1900000,-1.6539312,-0.0252022,-9.5718118,0.0045995,-0.0102141,0.0019142
16.2000000,-1.7250328,0.0153218,-9.6965718,0.0000993,-0.0139173,-0.0064243
16.2100000,-1.6056240,-0.0224690,-9.6264279,-0.0029701,-0.0064481,0.0016467
16.2200000,-1.7149453,0.0025774,-9.5939284,-0.0002601,-0.0081798,-0.0003074
16.2300000,-1.6913137,0.0419329,-9.5611588,-0.0040301,-0.0091629,0.0000612
16.2400000,-1.7074476,0.0208799,-9.5611371,0.0051249,-0.0091849,0.0033110
16.2500000,-1.6048379,-0.0049381,-9.6000115,-0.0053190,-0.0038139,0.0048656
16.2600000,-1.7279531,-0.0179627,-9.5907406,-0.0027232,-0.0091383,-0.0019870
16.2700000,-1.6015643,0.0002130,-9.6075407,-0.0029774,-0.0071836,-0.0039536
16.2800000,-1.7434782,-0.0355901,-9.6483839,0.0034932,-0.0034300,-0.0016760
16.2900000,-1.6600711,0.0275949,-9.6432169,-0.0072752,-0.0008005,0.0013950
16.3000000,-1.5834997,0.0547022,-9.6111118,0.0043438,-0.0074396,0.0055380
16.3100000,-1.6626993,0.0033453,-9.6914188,0.0007768,-0.0048497,0.0083712
16.3200000,-1.7247523,0.0612955,-9.6603334,-0.0033161,-0.0097420,0.0039140
16.3300000,-1.7011897,0.0015774,-9.6584102,-0.0010130,-0.0061653,-0.0071282
16.3400000,-1.5908203,-0.0541317,-9.6328482,-0.0010367,-0.0109846,-0.0012048
16.3500000,-1.6195913,0.0662695,-9.6726978,0.0018239,-0.0047168,-0.0012665
16.3600000,-1.6511106,-0.0411728,-9.6278852,0.0016348,-0.0118189,-0.0000379
16.3700000,-1.5866616,0.0227160,-9.6675181,-0.0037559,-0.0044408,0.0020197
16.3800000,-1.6467309,-0.0310759,-9.5945135,0.0020076,-0.0138718,0.0017549
16.3900000,-1.6480740,-0.0176652,-9.6407233,-0.0038299,-0.0046717,0.0003050
16.4000000,-1.7128799,-0.0451945,-9.6299937,-0.0054274,-0.0077374,-0.0012125
16.4100000,-1.6715530,-0.0961963,-9.7003892,0.0004282,-0.0104485,-0.0008005
16.4200000,-1.6036866,0.0101177,-9.6880340,0.0014208,-0.0081487,-0.0014596
16.4300000,-1.6444806,0.0498097,-9.6288756,-0.0012028,-0.0069129,0.0009530
16.4400000,-1.6551369,0.0566790,-9.7029764,0.0028546,-0.0023614,0.0021369
16.4500000,-1.6993805,0.0372114,-9.6101049,-0.0044404,-0.0073148,0.0009928
16.4600000,-1.6662127,0.0278088,-9.5643554,-0.0005046,-0.0083354,-0.0035306
16.4700000,-1.6007315,0.0677791,-9.6006624,-0.0022226,-0.0092599,-0.0000403
16.4800000,-1.6844637,-0.0264006,-9.6143472,0.0000260,-0.0097644,-0.0026243
16.4900000,-1.7271498,0.0328898,-9.6153805,0.0022264,-0.0047845,0.0000972
16.5000000,-1.6613747,0.0400666,-9.5881491,0.0019297,-0.0114339,-0.0003094
16.5100000,-1.6779133,-0.0296149,-9.6261889,0.0015224,-0.0063642,0.0002065
16.5200000,-1.6139637,-0.1050753,-9.6259548,-0.0041057,-0.0093060,0.0084505
16.5300000,-1.7018653,0.0634837,-9.5955729,-0.0011781,-0.0044703,0.0013638
16.5400000,-1.6363698,-0.0159576,-9.6551663,-0.0008334,-0.0044367,0.0038083
16.5500000,-1.6394433,0.0551531,-9.7076515,0.0030016,-0.0139730,0.0061517
16.5600000,-1.5837009,-0.0081294,-9.6262528,-0.0041954,-0.0108210,-0.0072264
16.5700000,-1.6629883,-0.0021920,-9.5932375,0.0000721,-0.0053325,-0.0063317
16.5800000,-1.6452399,0.0215168,-9.7145070,0.0005110,-0.0140816,0.0014327
16.5900000,-1.6684289,0.0681994,-9.6972766,-0.0015652,-0.0066730,-0.0045098
16.6000000,-1.7177227,-0.0480425,-9.5499908,0.0000313,-0.0094181,-0.0023229
16.6100000,-1.6845130,0.0079047,-9.5813521,-0.0080763,-0.0094161,0.0030090
16.6200000,-1.7058215,0.0891209,-9.5579221,-0.0024212,-0.0102434,0.0057227
16.6300000,-1.6950171,0.0148142,-9.6425459,0.0003357,-0.0095735,0.0024006
16.6400000,-1.6635368,0.0314062,-9.6183662,-0.0023833,-0.0071056,-0.0012434
16.6500000,-1.6272827,0.0369803,-9.6551149,0.0014616,-0.0033075,-0.0059423
16.6600000,-1.7460644,0.0192920,-9.5393774,0.0025207,-0.0031224,0.0022525
16.6700000,-1.6294092,-0.0423195,-9.5965418,-0.0015006,-0.0132160,-0.0035514
16.6800000,-1.6772056,-0.0053197,-9.6191835,-0.0004531,-0.0125301,-0.0007029
16.6900000,-1.6138959,-0.0208197,-9.6151278,-0.0001831,-0.0119346,-0.0058606
16.7000000,-1.6634393,0.0222551,-9.5685003,0.0019294,-0.0117617,-0.0010215
16.7100000,-1.7427778,-0.0520097,-9.5381937,0.0026622,-0.0101371,-0.0005171
16.7200000,-1.7189966,-0.0243062,-9.6504008,-0.0002638,-0.0086898,-0.0009884
16.7300000,-1.7170219,0.0170435,-9.6878573,-0.0003370,-0.0119737,-0.0012653
16.7400000,-1.7217439,0.0406912,-9.6441135,0.0002037,-0.0076821,0.0023558
16.7500000,-1.6644432,0.0577968,-9.5391221,-0.0010276,-0.0047526,-0.0033547
16.7600000,-1.7107993,-0.0265966,-9.6975369,-0.0016511,-0.0062994,-0.0026481
16.7700000,-1.6675358,0.0072535,-9.6255005,-0.0024668,-0.0052772,-0.0032912
16.7800000,-1.6768088,0.0360123,-9.5757049,0.0027230,-0.0105374,0.0074695
16.7900000,-1.5952857,-0.0010139,-9.6766851,-0.0003428,-0.0135794,-0.0016146
16.8000000,-1.6630719,0.0862635,-9.6252380,-0.0001254,-0.0043506,0.0016054
16.8100000,-1.6819951,0.0163287,-9.6084384,-0.0019545,-0.0090708,0.0028987
16.8200000,-1.5332935,-0.0402443,-9.5762779,-0.0013973,-0.0095514,-0.0010457
16.8300000,-1.6705313,-0.0587081,-9.6282149,0.0042886,-0.0067401,-0.0009004
16.8400000,-1.6463180,0.0854534,-9.6008582,0.0011981,-0.0078025,-0.0001570
16.8500000,-1.6333366,0.0266305,-9.6223494,0.0025511,-0.0087275,0.0017283
16.8600000,-1.6345861,0.0129087,-9.6031648,0.0014630,-0.0092074,0.0001633
16.8700000,-1.6695262,0.0026608,-9.6389863,-0.0037774,-0.0068444,0.0025040
16.8800000,-1.6327492,0.0172688,-9.6791064,0.0029536,-0.0017040,-0.0010697
16.8900000,-1.6715036,-0.0252108,-9.6194157,0.0005204,-0.0116697,-0.0044658
16.9000000,-1.6808535,-0.0306880,-9.6266095,-0.0002946,-0.0106964,-0.0039110
16.9100000,-1.6968301,0.1096135,-9.6521939,-0.0066939,-0.0086890,-0.0006821
16.9200000,-1.6767478,-0.0801506,-9.5660056,0.0004549,-0.0051350,-0.0024671
16.9300000,-1.6533212,0.0653105,-9.6930078,-0.0009165,-0.0141605,0.0013003
16.9400000,-1.7085600,0.0783862,-9.6947732,-0.0055856,-0.0106082,0.0000025
16.9500000,-1.7632283,-0.0284001,-9.6120163,-0.0011641,-0.0045496,-0.0039200
16.9600000,-1.6139534,-0.0458857,-9.6258347,0.0043345,-0.0101357,0.0046938
16.9700000,-1.6689588,-0.0255236,-9.6197314,-0.0012650,-0.0118799,0.0059338
16.9800000,-1.6043637,-0.0297358,-9.5963998,0.0057022,-0.0134328,-0.0013544
16.9900000,-1.6083172,-0.0168014,-9.6754528,-0.0010856,-0.0043449,0.0013492
17.0000000,-1.7172914,0.0715389,-9.6607000,-0.0013867,-0.0108857,0.0031708
17.0100000,-1.7416033,-0.0314569,-9.6496067,-0.0024980,-0.0044937,-0.0004151
17.0200000,-1.5974956,-0.0977968,-9.6022419,-0.0009953,-0.0078691,-0.0048391
17.0300000,-1.6267228,0.0003197,-9.6281574,-0.0035952,-0.0095134,0.0026271
17.0400000,-1.7233229,0.0433317,-9.5634790,-0.0026011,-0.0103215,-0.0027301
17.0500000,-1.7150108,-0.0317219,-9.6478325,-0.0023586,-0.0077575,0.0028314
17.0600000,-1.6754651,-0.1296725,-9.7265405,-0.0024001,-0.0083069,-0.0054169
17.0700000,-1.7246892,-0.0539685,-9.6010593,0.0058344,-0.0095212,0.0009691
17.0800000,-1.7439323,-0.0256994,-9.6430477,-0.0009325,-0.0131245,-0.0010993
17.0900000,-1.6298336,-0.0476376,-9.6469449,-0.0037397,-0.0067522,-0.0031876
17.1000000,-1.5877932,0.0890326,-9.6501403,-0.0020331,-0.0131353,-0.0003195
17.1100000,-1.6895975,-0.0340442,-9.6269768,-0.0003977,-0.0135533,0.0014701
17.1200000,-1.6214245,0.0572910,-9.6660301,-0.0007620,-0.0093786,-0.0077782
17.1300000,-1.7932447,0.0130796,-9.6300595,0.0038276,-0.0115575,0.0016702
17.1400000,-1.7126281,-0.0579033,-9.7510665,0.0025694,-0.0078598,0.0018662
17.1500000,-1.6718522,-0.0189533,-9.5637328,0.0002925,-0.0095744,-0.0029908
17.1600000,-1.6739808,0.0844008,-9.6794920,0.0035921,-0.0085119,0.0016942
17.1700000,-1.6640037,-0.0390112,-9.5670595,0.0050210,-0.0048047,-0.0003319
17.1800000,-1.6993279,0.0870910,-9.6312863,-0.0039809,-0.0074832,0.0048523
17.1900000,-1.6938614,0.0149923,-9.5799455,-0.0005919,-0.0121418,-0.0000248
17.2000000,-1.6481742,0.0297093,-9.5764683,-0.0055876,-0.0107947,-0.0037192
17.2100000,-1.6404434,-0.0912807,-9.5882318,0.0001280,-0.0096398,0.0007827
17.2200000,-1.5744269,-0.0542417,-9.7051618,-0.0008789,-0.0105617,-0.0018768
17.2300000,-1.7431404,0.1476149,-9.7417115,0.0031987,-0.0030036,0.0000997
17.2400000,-1.7542456,0.0256008,-9.6684477,-0.0035562,-0.0053122,0.0035808
17.2500000,-1.7274416,-0.1231077,-9.6054463,-0.0004395,-0.0011786,0.0013648
17.2600000,-1.6700624,-0.0384244,-9.5791106,-0.0043498,-0.0092983,-0.0001502
17.2700000,-1.6647420,-0.0784734,-9.5607475,0.0021868,-0.0071759,-0.0002537
17.2800000,-1.6262961,-0.0716256,-9.7028828,0.0007298,-0.0036674,-0.0028860
17.2900000,-1.7320217,-0.0079277,-9.5947100,-0.0026403,-0.0031423,-0.0018809
17.3000000,-1.7083096,-0.0408315,-9.6149506,-0.0006323,-0.0050042,0.0048237
17.3100000,-1.7793916,0.0144164,-9.6676276,-0.0034590,-0.0048660,0.0083006
17.3200000,-1.6713956,-0.0153485,-9.6696540,0.0009610,-0.0066963,-0.0037490
17.3300000,-1.7071823,0.0549739,-9.4810115,0.0024014,-0.0088617,-0.0049443
17.3400000,-1.6156197,-0.0495541,-9.6239749,0.0031733,-0.0066742,-0.0009740
17.3500000,-1.6684007,-0.0075365,-9.5776547,-0.0049121,-0.0071725,-0.0022501
17.3600000,-1.7234184,0.0439667,-9.6008040,0.0019928,-0.0118116,-0.0068278
17.3700000,-1.7464169,-0.0599596,-9.6048968,-0.0001342,-0.0089781,0.0000223
17.3800000,-1.6882522,-0.0122357,-9.6363985,-0.0039828,-0.0110393,-0.0043982
17.3900000,-1.7487616,-0.0705126,-9.6171024,-0.0017456,-0.0053078,-0.0020379
17.4000000,-1.7540500,-0.0459069,-9.6309665,-0.0037282,-0.0037369,0.0033139
17.4100000,-1.6961770,0.0191776,-9.6646029,0.0007705,-0.0095357,0.0007165
17.4200000,-1.6764804,0.0431320,-9.7037164,-0.0025111,-0.0074425,-0.0014995
17.4300000,-1.7136763,-0.0876222,-9.5353329,-0.0017295,-0.0072047,-0.0076605
17.4400000,-1.7197339,-0.0390047,-9.6671768,-0.0029477,-0.0080914,0.0013177
17.4500000,-1.7638678,-0.0679312,-9.6246801,-0.0019090,-0.0055131,0.0021287
17.4600000,-1.7640326,0.0305279,-9.6931798,-0.0027842,-0.0049178,-0.0000220
17.4700000,-1.7348844,0.0115851,-9.6577374,-0.0030604,-0.0086289,0.0020272
17.4800000,-1.6923411,0.0436233,-9.6952369,-0.0007374,-0.0069402,0.0022128
17.4900000,-1.6637391,-0.0376829,-9.6646936,0.0009205,-0.0114776,-0.0011020
17.5000000,-1.6547322,-0.0248191,-9.6003763,0.0056966,-0.0031705,-0.0066354
17.5100000,-1.6184234,0.0537576,-9.6832475,0.0012884,-0.0046694,0.0002345
17.5200000,-1.7114415,0.0318045,-9.6746460,-0.0028705,-0.0080842,-0.0088644
17.5300000,-1.7079232,0.0738898,-9.6301567,-0.0002077,-0.0103655,0.0013841
17.5400000,-1.6819367,0.0313751,-9.6436964,0.0006955,-0.0084140,-0.0009729
17.5500000,-1.6436277,-0.0212978,-9.6348335,0.0025642,-0.0100566,0.0017638
17.5600000,-1.7215556,-0.0536239,-9.6697537,-0.0003208,-0.0086554,0.0002300
17.5700000,-1.6980131,0.0208002,-9.5460483,0.0014949,-0.0078443,-0.0016357
17.5800000,-1.6543713,0.0798103,-9.6555170,-0.0008920,-0.0128096,-0.0028516
17.5900000,-1.7400842,-0.0340806,-9.5934253,0.0028131,-0.0032218,0.0003677
17.6000000,-1.6283284,-0.0147096,-9.5769064,0.0055861,-0.0055837,-0.0050950
17.6100000,-1.6226360,0.0186449,-9.6685997,-0.0026651,-0.0095479,0.0015430
17.6200000,-1.6744193,0.0204957,-9.5626115,0.0037227,-0.0007158,-0.0000361
17.6300000,-1.6372767,-0.0161386,-9.5664233,-0.0027970,-0.0075042,0.0039799
17.6400000,-1.6731374,-0.0682207,-9.6189590,-0.0018343,-0.0120830,0.0070147
17.6500000,-1.6173376,-0.0213098,-9.6372540,-0.0055463,-0.0101258,-0.0026384
17.6600000,-1.7361111,-0.0509052,-9.5865153,0.0061191,-0.0136150,-0.0006774
17.6700000,-1.6795846,-0.0236198,-9.7436752,0.0014891,-0.0106308,0.0003631
17.6800000,-1.6744199,0.0294928,-9.6740530,0.0014282,-0.0100428,0.0037248
17.6900000,-1.7146828,0.0532827,-9.5906594,0.0026034,-0.0055666,0.0005473
17.7000000,-1.6897739,-0.0336249,-9.6466242,0.0001057,-0.0074643,0.0012967
17.7100000,-1.7436851,-0.0456112,-9.6325041,0.0001296,-0.0078348,0.0008138
17.7200000,-1.6365116,0.0676722,-9.5522591,0.0044328,-0.0016770,0.0006356
17.7300000,-1.7888780,0.0061804,-9.5413578,-0.0040539,-0.0048483,0.0004903
17.7400000,-1.7164688,0.0227640,-9.6529032,0.0043453,-0.0110319,-0.0002943
17.7500000,-1.6825180,0.0117342,-9.6021754,0.0017202,-0.0079137,0.0008353
17.7600000,-1.7458201,0.0309091,-9.6120096,-0.0018881,-0.0055700,0.0016417
17.7700000,-1.7260158,0.0134110,-9.6382665,0.0007440,-0.0110293,0.0004302
17.7800000,-1.6286586,0.0240340,-9.5525540,0.0000778,-0.0091420,-0.0035588
17.7900000,-1.6349493,-0.0573581,-9.6513662,0.0033663,-0.0079432,0.0037584
17.8000000,-1.6421425,-0.0305109,-9.6190873,0.0006168,-0.0088309,-0.0000827
17.8100000,-1.7932445,0.0212085,-9.6289492,0.0010742,-0.0088518,-0.0001807
17.8200000,-1.7234077,-0.0351325,-9.6579184,0.0021156,-0.0105237,-0.0000153
17.8300000,-1.6782622,0.0346526,-9.6151482,-0.0015642,-0.0131977,-0.0015106
17.8400000,-1.7355237,-0.1277158,-9.6301965,-0.0034371,-0.0047666,0.0012151
17.8500000,-1.6904549,-0.0017711,-9.6532197,-0.0007686,-0.0091618,0.0038802
17.8600000,-1.7120328,-0.0165457,-9.6988365,0.0022874,-0.0127869,-0.0041938
17.8700000,-1.6533935,-0.0213180,-9.6907766,-0.0050240,-0.0126610,0.0012788
17.8800000,-1.6766995,0.0004391,-9.6044065,-0.0041723,-0.0104422,0.0023506
17.8900000,-1.6722597,0.0074615,-9.6360863,-0.0011613,-0.0048003,0.0061410
17.9000000,-1.6859145,0.0632069,-9.6131063,-0.0001054,-0.0120173,0.0025614
17.9100000,-1.7195408,0.0338375,-9.6016894,-0.0052185,-0.0090095,0.0029346
17.9200000,-1.7229043,-0.0684107,-9.6906511,-0.0019068,-0.0043819,0.0044852
17.9300000,-1.6657836,-0.0044579,-9.6537325,-0.0019909,-0.0133537,-0.0011206
17.9400000,-1.6765325,-0.0020881,-9.6617429,-0.0033679,-0.0062464,0.0064112
17.9500000,-1.6745191,-0.0401654,-9.5780468,0.0029329,-0.0105428,-0.0013562
17.9600000,-1.6475509,-0.1674186,-9.6388408,0.0017296,-0.0138444,0.0010307
17.9700000,-1.7164815,-0.0597524,-9.6168619,-0.0003073,-0.0055100,0.0018537
17.9800000,-1.6511120,-0.0304549,-9.5574524,0.0051230,-0.0061248,0.0022282
17.9900000,-1.6820037,0.0395379,-9.5682611,0.0007757,-0.0123653,-0.0032389
18.0000000,-1.6895323,-0.0532775,-9.7025159,0.0010661,-0.0031458,0.0003717
18.0100000,-1.6849526,-0.0301497,-9.5408826,-0.0023460,-0.0143678,-0.0004245
18.0200000,-1.6811668,0.0750762,-9.6267989,-0.0004877,-0.0100111,0.0010424
18.0300000,-1.7747749,0.0030205,-9.6268010,0.0047047,-0.0036506,0.0033888
18.0400000,-1.6586563,-0.0527400,-9.5998354,-0.0002657,-0.0088211,0.0040783
18.0500000,-1.7258092,0.0432966,-9.6526795,0.0059236,-0.0084562,0.0013507
18.0600000,-1.6330584,0.0005566,-9.6091183,-0.0025828,-0.0059845,0.0041563
18.0700000,-1.6018794,0.0084760,-9.6310263,0.0052598,-0.0092136,0.0019029
18.0800000,-1.8050339,-0.0420119,-9.6288334,-0.0006017,-0.0110143,-0.0027333
18.0900000,-1.7833391,0.0176086,-9.6511458,0.0014547,-0.0040596,0.0051741
18.1000000,-1.6500326,0.0564024,-9.6363671,-0.0006540,-0.0093368,-0.0026868
18.1100000,-1.7737630,0.0142363,-9.6502373,0.0005729,-0.0049571,-0.0004598
18.1200000,-1.7543490,0.0071376,-9.6740149,-0.0063356,-0.0060616,-0.0043012
18.1300000,-1.6152796,0.0343571,-9.6123774,-0.0019521,-0.0036821,0.0005657
18.1400000,-1.6278395,-0.0703918,-9.5863383,0.0015700,-0.0109718,0.0012227
18.1500000,-1.7201889,-0.0921515,-9.6404914,-0.0033196,-0.0090032,-0.0008149
18.1600000,-1.7412090,0.0106771,-9.6119171,0.0022778,-0.0123083,-0.0003688
18.1700000,-1.7203387,-0.0537447,-9.6469365,-0.0060373,-0.0094405,0.0009500
18.1800000,-1.6413779,0.0180976,-9.4849132,-0.0016487,-0.0057885,0.0007034
18.1900000,-1.7029734,-0.1437412,-9.6015614,0.0008846,-0.0097392,0.0017634
18.2000000,-1.5932974,0.0287020,-9.5726094,0.0073888,-0.0094909,0.0002364
18.2100000,-1.6741016,0.0311146,-9.6019708,-0.0057770,-0.0057118,0.0018103
18.2200000,-1.6714814,0.0062091,-9.7453534,0.0061904,-0.0072019,0.0024573
18.2300000,-1.6307972,0.0082321,-9.5192030,0.0015545,-0.0092722,-0.0004611
18.2400000,-1.6657093,-0.0062204,-9.5990567,0.0017619,-0.0087493,-0.0017272
18.2500000,-1.8321752,-0.1072212,-9.6068329,0.0033896,-0.0044219,0.0000458
18.2600000,-1.7394578,0.0242935,-9.5797392,0.0001554,-0.0050413,0.0019228
18.2700000,-1.7070294,0.0192381,-9.5973068,-0.0000371,-0.0092010,-0.0001538
18.2800000,-1.6744815,0.0317086,-9.6531711,-0.0025001,-0.0056133,0.0034945
18.2900000,-1.7241274,-0.0008207,-9.6310301,-0.0019770,-0.0078685,0.0024600
18.3000000,-1.7079842,0.0304627,-9.5621327,0.0004320,-0.0092805,-0.0056023
18.3100000,-1.7179701,-0.0021825,-9.6094820,-0.0008697,-0.0107676,0.0034998
18.3200000,-1.7215101,-0.0125214,-9.5413146,-0.0024791,-0.0045582,0.0027196
18.3300000,-1.7084185,0.0256660,-9.6572207,0.0005110,-0.0086153,-0.0022876
18.3400000,-1.6898845,0.0346351,-9.6699315,-0.0007738,-0.0109556,0.0046322
18.3500000,-1.6871126,-0.0899471,-9.6639482,-0.0002708,-0.0112425,0.0016757
18.3600000,-1.6430248,-0.0023399,-9.5003994,-0.0052235,-0.0065192,-0.0008791
18.3700000,-1.7311985,-0.0224112,-9.6350688,0.0015066,-0.0076954,0.0007356
18.3800000,-1.6441169,-0.0119814,-9.6065242,0.0034615,-0.0072665,-0.0028126
18.3900000,-1.7351245,-0.0135556,-9.6353873,-0.0029163,-0.0067267,-0.0042747
18.4000000,-1.7326128,0.0286345,-9.6915313,0.0011096,-0.0081978,-0.0009014
18.4100000,-1.7547236,-0.0471425,-9.7508797,0.0027068,-0.0091709,0.0046828
18.4200000,-1.7612436,-0.0300480,-9.6340744,-0.0013958,-0.0025523,0.0029794
18.4300000,-1.7165373,-0.0172991,-9.6287634,0.0003437,-0.0062242,-0.0018988
18.4400000,-1.6866952,0.0501385,-9.6449378,0.0000419,-0.0084233,-0.0056467
18.4500000,-1.7586812,-0.0397086,-9.6676758,-0.0003429,-0.0030366,0.0004272
18.4600000,-1.6503200,-0.0463106,-9.6812322,0.0023126,-0.0132182,-0.0029068
18.4700000,-1.6525639,-0.0888121,-9.6168412,-0.0014413,-0.0071875,-0.0018249
18.4800000,-1.6928522,-0.0316720,-9.6955546,-0.0036698,-0.0078154,-0.0007328
18.4900000,-1.7068530,-0.0066916,-9.6163082,-0.0056841,-0.0085512,0.0006097
18.5000000,-1.7055845,-0.0477735,-9.6039639,0.0070812,-0.0099958,0.0018400
18.5100000,-1.6265039,0.0127507,-9.7015577,-0.0076199,-0.0079109,0.0001428
18.5200000,-1.6866639,0.0962902,-9.6594087,-0.0011997,-0.0095129,0.0034519
18.5300000,-1.7471405,-0.1641154,-9.5774224,-0.0047024,-0.0063910,0.0014086
18.5400000,-1.7455572,-0.0415310,-9.6479319,-0.0006517,-0.0092696,0.0022932
18.5500000,-1.7321535,-0.0608311,-9.6112576,0.0004427,-0.0083411,-0.0024498
18.5600000,-1.7599100,0.0186255,-9.6834821,0.0092494,-0.0084465,0.0004602
18.5700000,-1.6968915,0.0871831,-9.6370884,0.0004502,-0.0111381,-0.0004426
18.5800000,-1.7123566,0.0155293,-9.6855153,0.0002360,-0.0013308,0.0029903
18.5900000,-1.6683877,0.0418259,-9.7022813,0.0023133,-0.0071763,0.0011274
18.6000000,-1.6773862,0.0477677,-9.5694872,0.0079267,-0.0035784,-0.0007704
18.6100000,-1.7057939,-0.0314486,-9.5859277,0.0029214,-0.0017769,0.0041391
18.6200000,-1.7418415,-0.0029095,-9.6347236,-0.0012159,-0.0122997,0.0029007
18.6300000,-1.6413877,0.0532270,-9.5502151,-0.0012292,-0.0076082,0.0040359
18.6400000,-1.7213374,0.0352972,-9.6191956,-0.0004419,-0.0057859,0.0046778
18.6500000,-1.7231359,-0.0583284,-9.6888498,0.0017617,-0.0086886,-0.0001679
18.6600000,-1.7508049,0.0666646,-9.5592460,0.0015227,-0.0109158,0.0006021
18.6700000,-1.6884584,0.0342177,-9.7261072,0.0010596,-0.0041284,0.0036563
18.6800000,-1.6539715,0.0124737,-9.7330134,0.0026758,-0.0041452,0.0005378
18.6900000,-1.7355937,-0.0117733,-9.6522838,-0.0030583,-0.0100513,-0.0057547
18.7000000,-1.6102157,0.0761699,-9.6143347,-0.0040459,-0.0064661,0.0016203
18.7100000,-1.7335275,0.0822440,-9.7462089,0.0002870,-0.0076584,0.0038086
18.7200000,-1.7103119,-0.0107276,-9.6523451,0.0003549,-0.0102979,0.0046946
18.7300000,-1.6682907,0.1307364,-9.5307041,-0.0021785,-0.0062905,-0.0007731
18.7400000,-1.7748235,0.0167309,-9.5723582,0.0011440,-0.0025577,0.0077270
18.7500000,-1.7479856,-0.0106396,-9.6586806,0.0001090,-0.0033736,0.0016749
18.7600000,-1.7110966,0.0260959,-9.5830205,0.0031250,-0.0070718,0.0025983
18.7700000,-1.6666888,0.1100483,-9.5624676,-0.0039412,-0.0124496,0.0006804
18.7800000,-1.7085855,-0.0511843,-9.6754222,0.0012246,-0.0095299,-0.0017677
18.7900000,-1.6800694,-0.0046090,-9.6792480,-0.0051748,-0.0134010,-0.0002592
18.8000000,-1.7350776,0.0121061,-9.6460250,-0.0050042,-0.0088741,0.0023584
18.8100000,-1.7147106,0.0182992,-9.6169902,-0.0021114,-0.0099493,0.0002228
18.8200000,-1.7211480,-0.0345076,-9.6198865,0.0007063,-0.0082832,-0.0001455
18.8300000,-1.6854246,-0.0079832,-9.5994788,-0.0014020,-0.0079897,0.0020830
18.8400000,-1.7421698,-0.0264961,-9.6705551,0.0034964,-0.0075001,0.0040255
18.8500000,-1.7494408,0.0052777,-9.5910514,-0.0064007,-0.0086136,-0.0000366
18.8600000,-1.7285304,-0.0185133,-9.5596703,-0.0036146,-0.0100848,-0.0011087
18.8700000,-1.7317889,-0.0534399,-9.5918861,0.0019268,-0.0109055,-0.0001658
18.8800000,-1.7040533,-0.0017390,-9.6494494,0.0001382,-0.0066433,0.0050831
18.8900000,-1.7523174,-0.0245972,-9.4908528,0.0005120,-0.0068026,0.0021621
18.9000000,-1.6610516,-0.0220102,-9.6162513,-0.0019642,-0.0094919,-0.0015209
18.9100000,-1.6575281,0.0737032,-9.6297336,0.0009029,-0.0128413,-0.0041080
18.9200000,-1.7006295,-0.0941365,-9.5994301,0.0008968,-0.0076294,0.0028077
18.9300000,-1.5968586,0.0589232,-9.6258972,-0.0000567,-0.0088478,0.0029186
18.9400000,-1.6827550,-0.0794529,-9.7155471,-0.0001378,-0.0060138,-0.0002473
18.9500000,-1.6695609,-0.0405616,-9.5671888,-0.0002964,-0.0114797,-0.0017771
18.9600000,-1.7704830,0.0135187,-9.6801938,0.0007663,-0.0124882,0.0001721
18.9700000,-1.6674491,0.0435019,-9.6023095,-0.0000414,-0.0086748,0.0007943
18.9800000,-1.6254298,0.0491486,-9.5867493,-0.0026630,-0.0096667,0.0032546
18.9900000,-1.6882189,0.0595714,-9.6084696,0.0035207,-0.0026853,0.0005847
19.0000000,-1.7908998,0.0848196,-9.4784907,0.0018101,-0.0063555,0.0001717
19.0100000,-1.7040428,0.0747446,-9.6373505,-0.0038104,-0.0112097,-0.0002594
19.0200000,-1.7003211,-0.0195292,-9.5394468,-0.0003168,-0.0062875,-0.0016407
19.0300000,-1.7031109,-0.0501202,-9.6354786,0.0053493,-0.0113037,-0.0000507
19.0400000,-1.7017834,-0.0462856,-9.6177061,0.0050314,-0.0104841,0.0098060
19.0500000,-1.6998517,0.0863499,-9.6086676,-0.0032336,-0.0085152,-0.0012047
19.0600000,-1.6545805,-0.0129976,-9.6504194,-0.0007615,-0.0048165,-0.0000807
19.0700000,-1.7704774,0.0203319,-9.4918399,-0.0003501,-0.0083951,0.0028992
19.0800000,-1.7779296,-0.0270217,-9.6165311,-0.0009254,-0.0085278,0.0004998
19.0900000,-1.6798489,0.0511284,-9.5992568,0.0024585,-0.0057145,-0.0006606
19.1000000,-1.6999213,0.0176353,-9.5942705,-0.0046069,-0.0047194,-0.0026943
19.1100000,-1.7559311,-0.0344621,-9.6611530,0.0013317,-0.0051760,0.0005522
19.1200000,-1.7827376,-0.0143090,-9.6299164,0.0003922,-0.0066765,0.0027282
19.1300000,-1.7068106,0.0078655,-9.5796507,0.0004104,-0.0080849,-0.0011453
19.1400000,-1.7152927,0.0579200,-9.6259622,0.0015018,-0.0109293,-0.0036957
19.1500000,-1.6793958,0.0380082,-9.5727986,-0.0002198,-0.0088073,0.0013244
19.1600000,-1.8090947,0.0267950,-9.5465978,0.0023042,-0.0089300,0.0008937
19.1700000,-1.7510547,0.0238813,-9.6059698,0.0032165,-0.0052851,-0.0048043
19.1800000,-1.7739742,0.0319465,-9.6125491,0.0035371,-0.0040998,-0.0006095
19.1900000,-1.8170828,-0.0502641,-9.5334890,-0.0025497,-0.0105180,-0.0029644
19.2000000,-1.6955189,-0.0741521,-9.6354279,-0.0020804,-0.0062268,0.0014238
19.2100000,-1.7423678,0.1003325,-9.6352658,-0.0033484,-0.0097513,0.0005147
19.2200000,-1.6133469,-0.0730849,-9.7012058,-0.0058467,-0.0079441,0.0023617
19.2300000,-1.7141678,-0.0795358,-9.6587927,0.0016402,-0.0056220,0.0017960
19.2400000,-1.6828307,0.0563849,-9.6546234,-0.0010751,-0.0033980,-0.0007015
19.2500000,-1.8065846,0.0199606,-9.5974136,0.0023483,-0.0103449,-0.0017521
19.2600000,-1.7197061,-0.0505167,-9.5932136,-0.0008683,-0.0072481,-0.0025767
19.2700000,-1.7078162,-0.0970371,-9.7069194,0.0001688,-0.0083576,-0.0002580
19.2800000,-1.6848781,-0.0454520,-9.6683626,-0.0003488,-0.0098086,0.0011155
19.2900000,-1.7659048,-0.0913404,-9.6110922,0.0002616,-0.0068365,-0.0037279
19.3000000,-1.6472722,0.0494408,-9.5855891,0.0075297,-0.0077954,-0.0059898
19.3100000,-1.7026927,-0.0366231,-9.6049155,-0.0017574,-0.0066477,0.0036072
19.3200000,-1.6438752,-0.0824025,-9.5517772,-0.0031024,-0.0101800,0.0043037
19.3300000,-1.7515869,0.0658346,-9.7184539,0.0002139,-0.0111933,-0.0012565
19.3400000,-1.7279227,-0.0070903,-9.6366896,-0.0011263,-0.0065884,0.0017204
19.3500000,-1.7251332,0.1098801,-9.6639539,0.0043388,-0.0077908,-0.0017050
19.3600000,-1.6840588,-0.0795751,-9.6102618,-0.0009018,-0.0095117,-0.0010917
19.3700000,-1.6868451,-0.0187177,-9.6439391,0.0032219,-0.0102521,0.0007690
19.3800000,-1.6598933,-0.0386755,-9.6453969,-0.0021894,-0.0026835,-0.0037233
19.3900000,-1.6683613,0.0269010,-9.7351561,0.0003750,-0.0074033,-0.0013891
19.4000000,-1.7627990,-0.0027562,-9.5589155,0.0006500,-0.0073067,0.0063292
19.4100000,-1.6326499,-0.0481949,-9.5648852,-0.0003225,-0.0055756,0.0051053
19.4200000,-1.6348483,-0.0352524,-9.5366014,-0.0048226,-0.0079195,0.0013873
19.4300000,-1.7001278,0.0286806,-9.6398887,0.0058072,-0.0053310,0.0002256
19.4400000,-1.6747093,-0.0266897,-9.6292793,-0.0019687,-0.0086692,-0.0056803
19.4500000,-1.7244265,-0.0263829,-9.5669315,-0.0023372,-0.0065921,0.0000556
19.4600000,-1.7746063,0.0737476,-9.5957452,0.0029496,-0.0121770,0.0014367
19.4700000,-1.7233878,-0.0008135,-9.6282505,-0.0008141,-0.0120260,0.0021818
19.4800000,-1.7461169,-0.0332954,-9.6610241,0.0074310,-0.0080453,0.0043477
19.4900000,-1.7129376,0.0386331,-9.5606449,-0.0008723,-0.0112538,0.0034024
19.5000000,-1.7501665,0.0068543,-9.5534805,0.0002429,-0.0079198,-0.0012542
19.5100000,-1.7130596,0.0623443,-9.5743931,0.0023453,-0.0116247,0.0000426
19.5200000,-1.6855106,0.0613335,-9.6306867,-0.0038254,-0.0050736,0.0012563
19.5300000,-1.7197674,-0.0229679,-9.5872887,0.0032798,-0.0060504,-0.0029793
19.5400000,-1.6650992,-0.0364512,-9.6179055,-0.0008769,-0.0044819,-0.0032158
19.5500000,-1.7211721,0.0347830,-9.6333614,0.0006903,-0.0022875,0.0001811
19.5600000,-1.6430318,-0.0084166,-9.6649571,0.0007792,-0.0077158,0.0029419
19.5700000,-1.7442121,0.0581836,-9.6332269,-0.0028972,-0.0074943,-0.0002723
19.5800000,-1.6221418,-0.0015055,-9.5793737,-0.0050985,-0.0064438,0.0047578
19.5900000,-1.7761477,-0.0699759,-9.6361188,-0.0016091,-0.0084143,-0.0053293
19.6000000,-1.6721989,-0.0101253,-9.5812345,0.0013100,-0.0081717,0.0032002
19.6100000,-1.7623065,-0.0020425,-9.7141334,0.0023302,-0.0088517,0.0010058
19.6200000,-1.6748737,-0.0266810,-9.6066702,-0.0003977,-0.0068668,-0.0006079
19.6300000,-1.7327382,-0.0034304,-9.6418788,0.0054175,-0.0060333,0.0049727
19.6400000,-1.7529347,-0.0375522,-9.6016202,0.0033446,-0.0151106,0.0021747
19.6500000,-1.7217908,0.0453738,-9.6656376,-0.0021644,-0.0108841,-0.0005842
19.6600000,-1.6724843,-0.0597085,-9.5235100,-0.0026289,-0.0098608,0.0015147
19.6700000,-1.6700225,0.0518148,-9.6491054,-0.0037415,-0.0096813,0.0029959
19.6800000,-1.5786343,0.0647040,-9.6643623,-0.0017574,-0.0053468,0.0006146
19.6900000,-1.7147316,0.0088897,-9.4993850,-0.0035820,-0.0098618,0.0027125
19.7000000,-1.6735843,0.0015730,-9.6976759,0.0018813,-0.0116968,0.0012897
19.7100000,-1.7101359,-0.0214139,-9.7270769,-0.0029570,-0.0077197,0.0019693
19.7200000,-1.7649116,0.0365159,-9.5957388,-0.0010548,-0.0115414,0.0008084
19.7300000,-1.6776439,0.0883665,-9.6850882,0.0017898,-0.0074191,0.0034107
19.7400000,-1.7478387,-0.0524880,-9.5823754,0.0014624,-0.0089640,-0.0051350
19.7500000,-1.6755612,-0.0317468,-9.6637361,-0.0028868,-0.0107991,0.0061406
19.7600000,-1.7307698,-0.0273054,-9.6306903,0.0010914,-0.0093555,0.0056683
19.7700000,-1.6793308,0.0697660,-9.5438482,-0.0011516,-0.0059772,0.0070663
19.7800000,-1.7223628,-0.0027270,-9.6538039,0.0039290,-0.0036323,0.0015391
19.7900000,-1.8028465,0.0831791,-9.5898434,0.0031351,-0.0099403,0.0007489
19.8000000,-1.7795677,0.0312819,-9.5239434,0.0017237,-0.0140255,-0.0011874
19.8100000,-1.7527904,-0.0534134,-9.6712513,0.0037706,-0.0059541,-0.0035920
19.8200000,-1.7245792,0.0454286,-9.5882304,-0.0011081,-0.0094493,0.0003775
19.8300000,-1.7328843,-0.1105124,-9.4954215,0.0009940,-0.0058293,0.0009929
19.8400000,-1.6960518,-0.0234794,-9.6863384,0.0010431,-0.0071200,0.0014073
19.8500000,-1.6554514,0.0392931,-9.6292999,-0.0012916,-0.0135325,-0.0010811
19.8600000,-1.7119264,0.0786300,-9.5680746,-0.0011327,-0.0097685,-0.0017558
19.8700000,-1.6887339,-0.0143255,-9.5959955,-0.0021438,-0.0096280,0.0011476
19.8800000,-1.7647303,0.0625367,-9.6426786,-0.0040604,-0.0111891,0.0033637
19.8900000,-1.6303438,-0.0627641,-9.6466106,0.0040603,-0.0085433,0.0041966
19.9000000,-1.7326674,0.0737496,-9.6614956,0.0008568,-0.0069028,-0.0039543
19.9100000,-1.8054755,-0.0884894,-9.6496407,-0.0030764,-0.0046345,0.0010297
19.9200000,-1.6853313,0.0913291,-9.5896732,0.0008105,-0.0098500,0.0019501
19.9300000,-1.6583739,0.0046991,-9.5686183,-0.0022020,-0.0043895,0.0040787
19.9400000,-1.6312841,-0.0339321,-9.5666848,0.0050929,-0.0071098,-0.0009568
19.9500000,-1.7596530,0.0424171,-9.5624010,-0.0012437,-0.0078630,-0.0030367
19.9600000,-1.6602899,0.0657808,-9.6764979,0.0051111,-0.0006782,-0.0000742
19.9700000,-1.7340570,-0.1081157,-9.5902201,-0.0049949,-0.0083685,0.0048125
19.9800000,-1.7228835,-0.0003083,-9.6331009,-0.0009869,-0.0115159,0.0008191
19.9900000,-1.6802807,-0.0786347,-9.5803383,-0.0001882,-0.0102087,0.0022315
20.0000000,-1.9122258,-0.0702416,-9.6039804,0.0044708,0.0023342,0.0390332
20.0100000,-1.8712325,-0.0863618,-9.5654713,0.0104435,-0.0019959,0.0385681
20.0200000,-1.8526836,-0.0025586,-9.6490589,0.0063183,-0.0016775,0.0372461
20.0300000,-1.9169548,-0.1299557,-9.6227834,0.0059799,0.0005793,0.0377877
20.0400000,-1.8448727,-0.2209557,-9.5823968,-0.0007681,0.0017335,0.0395462
20.0500000,-1.8227851,-0.2570922,-9.5324856,0.0004383,-0.0015154,0.0388715
20.0600000,-1.8434166,-0.2385717,-9.6524108,0.0024099,-0.0013661,0.0430216
20.0700000,-1.9252059,-0.3411408,-9.6029937,0.0011379,-0.0005802,0.0347145
20.0800000,-1.8624600,-0.2821987,-9.6334378,0.0059751,-0.0027604,0.0415214
20.0900000,-1.8805318,-0.2449602,-9.6523790,0.0054079,-0.0031666,0.0407865
20.1000000,-1.8787746,-0.3188022,-9.6303011,0.0069928,0.0028410,0.0407531
20.1100000,-1.8576494,-0.3393458,-9.5848735,0.0072880,0.0025105,0.0448608
20.1200000,-1.8093712,-0.4145824,-9.5909347,0.0086994,-0.0047682,0.0413803
20.1300000,-1.7359625,-0.4653947,-9.5826402,0.0042205,0.0064739,0.0391260
20.1400000,-1.8382431,-0.3997063,-9.6225571,0.0064542,-0.0015515,0.0382416
20.1500000,-1.8343340,-0.5165898,-9.5466152,0.0039667,-0.0018162,0.0405633
20.1600000,-1.8814709,-0.4631709,-9.6102131,0.0083794,0.0027184,0.0412144
20.1700000,-1.8595278,-0.5825477,-9.5394064,0.0034105,0.0023988,0.0380010
20.1800000,-1.9074120,-0.6122622,-9.5908871,0.0090901,0.0009773,0.0423876
20.1900000,-1.9334918,-0.6421298,-9.6770349,0.0090488,-0.0017952,0.0425141
20.2000000,-1.7909922,-0.5986157,-9.6877025,0.0035540,0.0021750,0.0398813
20.2100000,-1.8379265,-0.6791550,-9.5874089,0.0058856,0.0044304,0.0387790
20.2200000,-1.9247530,-0.5598616,-9.7025324,0.0071708,-0.0019123,0.0366175
20.2300000,-1.8714345,-0.6218666,-9.6796158,0.0043783,0.0030796,0.0375211
20.2400000,-1.8903400,-0.6864698,-9.5848515,0.0027358,0.0019415,0.0384452
20.2500000,-1.8222424,-0.7766713,-9.6364898,0.0074643,-0.0020969,0.0431376
20.2600000,-1.9046111,-0.7984239,-9.6552528,0.0094446,0.0015457,0.0423007
20.2700000,-1.7780663,-0.8132776,-9.5828733,0.0074971,-0.0030980,0.0412094
20.2800000,-1.8060907,-0.7657851,-9.5260348,0.0084786,0.0025290,0.0411786
20.2900000,-1.8977910,-0.7438445,-9.6127375,0.0015554,0.0059599,0.0386120
20.3000000,-1.8486449,-0.9366343,-9.5446894,0.0040491,-0.0021643,0.0388082
20.3100000,-1.8919856,-0.9005731,-9.4915872,0.0002030,-0.0011137,0.0362111
20.3200000,-1.8819046,-0.9958531,-9.5807203,0.0077041,0.0008494,0.0346012
20.3300000,-1.8684211,-0.9587424,-9.4986003,0.0053015,-0.0031116,0.0407432
20.3400000,-1.9014944,-0.9541346,-9.5732741,0.0057467,-0.0008476,0.0350313
20.3500000,-1.8095290,-0.9953142,-9.6251696,0.0058278,0.0019260,0.0445699
20.3600000,-1.8838986,-1.0633784,-9.6509070,0.0063282,0.0021586,0.0399214
20.3700000,-1.8376903,-1.0427271,-9.4957825,0.0067400,-0.0019798,0.0388274
20.3800000,-1.8555152,-1.0839897,-9.5299841,0.0060288,0.0014369,0.0387783
20.3900000,-1.8760125,-1.0746780,-9.5994213,0.0028753,-0.0033187,0.0413797
20.4000000,-1.9051522,-1.1213215,-9.4823057,0.0043963,-0.0062455,0.0445766
20.4100000,-1.9442540,-1.1559149,-9.5358623,0.0029806,-0.0010231,0.0406290
20.4200000,-1.8744257,-1.1873783,-9.5480592,0.0096051,0.0020810,0.0373752
20.4300000,-1.8483439,-1.1949205,-9.5038944,0.0080529,0.0025908,0.0369342
20.4400000,-1.8410023,-1.2021745,-9.5826353,0.0076565,-0.0004283,0.0379255
20.4500000,-1.9071367,-1.2072262,-9.4302758,0.0021738,0.0018962,0.0370878
20.4600000,-1.8825699,-1.3325619,-9.5293512,0.0095001,0.0031850,0.0354747
20.4700000,-1.8373495,-1.3649680,-9.6243667,0.0054205,-0.0065861,0.0374355
20.4800000,-1.8528187,-1.2426674,-9.5508905,0.0051758,0.0007526,0.0400974
20.4900000,-1.8429768,-1.3592828,-9.5966383,0.0044726,0.0066502,0.0374687
20.5000000,-1.8483485,-1.3378021,-9.4952031,0.0065999,0.0006338,0.0371533
20.5100000,-1.9004020,-1.3201695,-9.5341438,0.0096729,-0.0016321,0.0376778
20.5200000,-1.8935729,-1.2941097,-9.4747784,0.0002946,-0.0029492,0.0461474
20.5300000,-1.8850390,-1.3289237,-9.4825304,0.0092498,-0.0053296,0.0412801
20.5400000,-1.9120459,-1.3844441,-9.4550981,0.0040257,0.0038161,0.0351113
20.5500000,-1.9202110,-1.4985590,-9.5571035,-0.0011615,-0.0029422,0.0427405
20.5600000,-1.8713062,-1.4340850,-9.5443973,-0.0019992,-0.0008361,0.0377776
20.5700000,-1.9096655,-1.4881025,-9.5456818,0.0054104,-0.0013549,0.0419747
20.5800000,-1.8806828,-1.5179870,-9.5271761,0.0012806,0.0012329,0.0374656
20.5900000,-1.8995403,-1.5152274,-9.5420668,0.0060909,-0.0025565,0.0408378
20.6000000,-1.8734028,-1.4576365,-9.4910307,0.0027879,-0.0002636,0.0372000
20.6100000,-1.9249649,-1.5385929,-9.5081257,0.0068871,-0.0023997,0.0489555
20.6200000,-1.8340830,-1.5642988,-9.5410772,0.0004832,-0.0033845,0.0367066
20.6300000,-1.8717299,-1.6402855,-9.4981867,0.0076770,-0.0033775,0.0429737
20.6400000,-1.7968428,-1.4844860,-9.4845602,0.0039256,-0.0039330,0.0392697
20.6500000,-1.8904225,-1.6080097,-9.5506471,0.0063689,-0.0014059,0.0402922
20.6600000,-1.8465484,-1.7416206,-9.5048924,0.0090130,-0.0046889,0.0406484
20.6700000,-1.9434918,-1.6452129,-9.5346590,0.0063332,-0.0012192,0.0358117
20.6800000,-1.8814868,-1.6496762,-9.4556453,0.0037229,-0.0009905,0.0429854
20.6900000,-1.9095923,-1.7679404,-9.5089887,0.0079417,0.0001073,0.0413223
20.7000000,-1.9569134,-1.6419137,-9.5357846,0.0041894,-0.0033669,0.0435392
20.7100000,-1.7806596,-1.7589264,-9.5034628,0.0047514,-0.0017084,0.0385430
20.7200000,-1.8636823,-1.7276878,-9.3798488,0.0025128,0.0000471,0.0396883
20.7300000,-1.8312210,-1.7229615,-9.4559471,0.0115435,-0.0021406,0.0434123
20.7400000,-1.8115504,-1.8274925,-9.5069093,0.0024015,0.0026316,0.0403304
20.7500000,-1.9039617,-1.8074842,-9.5296032,0.0040974,0.0016972,0.0412477
20.7600000,-1.8431127,-1.7928445,-9.4217067,0.0015963,-0.0000917,0.0420837
20.7700000,-1.9204791,-1.8008695,-9.4993881,0.0085499,0.0000748,0.0393404
20.7800000,-1.9006060,-1.8356149,-9.4846361,0.0040537,0.0028820,0.0384652
20.7900000,-1.8755191,-1.8646668,-9.3868386,0.0024078,0.0004199,0.0444044
20.8000000,-1.8538018,-1.8810101,-9.4645713,0.0107387,0.0046029,0.0401125
20.8100000,-1.9592808,-1.9323632,-9.4099677,0.0032925,0.0039585,0.0407078
20.8200000,-1.8265068,-1.8362477,-9.3971024,0.0083130,0.0028841,0.0409348
20.8300000,-1.8371380,-1.9110186,-9.3500596,0.0056275,-0.0024445,0.0396518
20.8400000,-1.9616809,-1.9350256,-9.3170330,0.0045430,-0.0044078,0.0410988
20.8500000,-1.9457627,-1.9207780,-9.4311481,0.0066689,-0.0026565,0.0382352
20.8600000,-1.8760024,-1.9158048,-9.3388101,0.0047824,-0.0033457,0.0416724
20.8700000,-1.8572315,-1.9581471,-9.3975943,0.0049259,-0.0031488,0.0442921
20.8800000,-1.8046388,-1.9858495,-9.4479911,-0.0020157,-0.0024312,0.0404830
20.8900000,-1.8883811,-2.0184803,-9.4089642,0.0084630,0.0012300,0.0456874
20.9000000,-1.8344969,-2.0414940,-9.4064343,0.0063893,-0.0018299,0.0433946
20.9100000,-1.8883887,-1.9898875,-9.4698837,0.0018470,-0.0030841,0.0422622
20.9200000,-1.9276789,-2.0005570,-9.5389057,-0.0025990,0.0003509,0.0367973
20.9300000,-1.8939663,-2.0068751,-9.4359344,0.0059369,-0.0012673,0.0379121
20.9400000,-1.8997067,-1.9893038,-9.4306762,0.0059070,-0.0029880,0.0410778
20.9500000,-1.8936782,-1.9721831,-9.3663162,0.0062141,0.0016581,0.0406711
20.9600000,-1.8739132,-2.1194758,-9.3794206,0.0046624,0.0004365,0.0434491
20.9700000,-1.8318877,-2.0747358,-9.3844860,0.0063755,0.0037973,0.0374928
20.9800000,-1.9430282,-2.1092278,-9.3668609,0.0027908,0.0011170,0.0406324
20.9900000,-1.7806379,-2.0640772,-9.3275353,0.0025016,-0.0083806,0.0373452
21.0000000,-1.8961914,-2.0788012,-9.3592293,0.0078996,-0.0014637,0.0428560
21.0100000,-1.8635256,-2.1471860,-9.4235235,0.0008806,-0.0012196,0.0379194
21.0200000,-1.9619920,-2.2314274,-9.3138745,0.0024237,0.0017885,0.0369831
21.0300000,-1.9272031,-2.2686782,-9.3536305,0.0103368,-0.0026845,0.0423622
21.0400000,-1.8841289,-2.2184585,-9.3752928,0.0045690,-0.0003241,0.0371301
21.0500000,-2.0104227,-2.1859532,-9.3197511,0.0036057,0.0031614,0.0411230
21.0600000,-1.9671439,-2.1489092,-9.3467157,0.0033432,0.0012437,0.0405711
21.0700000,-1.8538421,-2.1640489,-9.3270698,0.0023403,-0.0010117,0.0378331
21.0800000,-1.8375048,-2.2987519,-9.3617092,0.0086396,0.0023311,0.0389287
21.0900000,-1.8952940,-2.3196695,-9.3151776,0.0033750,-0.0028887,0.0368433
21.1000000,-1.9094827,-2.2554236,-9.3634574,0.0103339,0.0007061,0.0407076
21.1100000,-1.8871762,-2.1695110,-9.3223759,0.0051910,-0.0018266,0.0393318
21.1200000,-1.9646732,-2.2800880,-9.3641920,0.0008812,0.0021762,0.0392660
21.1300000,-1.8661294,-2.2862780,-9.3294152,0.0105168,-0.0007472,0.0427847
21.1400000,-1.8837293,-2.3122993,-9.3252783,0.0050203,-0.0001626,0.0330787
21.1500000,-1.9969460,-2.1863257,-9.2838903,0.0038938,-0.0036393,0.0425644
21.1600000,-1.9212738,-2.2208818,-9.3319189,0.0047842,0.0023288,0.0371800
21.1700000,-1.9453964,-2.3536550,-9.3872879,0.0020809,0.0022201,0.0306983
21.1800000,-1.9735320,-2.2969404,-9.4353064,0.0040740,-0.0039110,0.0395828
21.1900000,-1.9409832,-2.2660065,-9.4268948,0.0114776,-0.0000899,0.0418108
21.2000000,-1.8308406,-2.3285641,-9.3613191,0.0027850,-0.0011369,0.0445127
21.2100000,-1.9909510,-2.3078509,-9.3955232,0.0091360,0.0065656,0.0402683
21.2200000,-1.9907573,-2.3194395,-9.4160256,0.0068247,0.0009677,0.0410693
21.2300000,-1.8833228,-2.3741163,-9.2861979,0.0068697,-0.0031799,0.0438285
21.2400000,-1.9656455,-2.2955334,-9.3570129,0.0045612,-0.0030159,0.0402751
21.2500000,-1.9980094,-2.3027866,-9.3055731,0.0021376,0.0050088,0.0444183
21.2600000,-1.9018611,-2.4256317,-9.3733701,0.0027139,0.0019494,0.0460451
21.2700000,-1.8829038,-2.4096571,-9.3101131,0.0077749,-0.0042342,0.0418612
21.2800000,-1.9511010,-2.4552008,-9.2908125,0.0053105,-0.0017295,0.0395569
21.2900000,-1.9565163,-2.4397272,-9.2466162,0.0044110,0.0018788,0.0379207
21.3000000,-1.8491102,-2.4391116,-9.1985385,0.0151934,-0.0020704,0.0374395
21.3100000,-1.9010487,-2.4088622,-9.2822493,0.0026016,-0.0008359,0.0410336
21.3200000,-2.0336044,-2.4276268,-9.3721197,-0.0005720,-0.0012133,0.0424817
21.3300000,-2.0003260,-2.4094596,-9.2758624,-0.0028174,0.0001922,0.0429054
21.3400000,-1.9532883,-2.4662040,-9.2097198,0.0062007,0.0029081,0.0444044
21.3500000,-1.8977408,-2.4341912,-9.3686580,0.0031385,0.0055345,0.0388722
21.3600000,-1.9021076,-2.4354419,-9.2885505,0.0015895,0.0045294,0.0380429
21.3700000,-1.9353443,-2.4221166,-9.3740288,0.0039683,-0.0047447,0.0393199
21.3800000,-1.9485867,-2.5052427,-9.3078293,0.0048506,0.0008873,0.0414799
21.3900000,-1.9580712,-2.5242850,-9.3031427,0.0002745,0.0050940,0.0400552
21.4000000,-2.0153547,-2.4736207,-9.2857911,0.0087675,0.0052583,0.0412150
21.4100000,-1.9347909,-2.5735038,-9.2663352,0.0108510,-0.0008848,0.0384723
21.4200000,-1.9479023,-2.5059019,-9.3255624,-0.0002441,-0.0036328,0.0370091
21.4300000,-1.9183997,-2.5251123,-9.1892005,0.0033887,-0.0001362,0.0372733
21.4400000,-1.9421623,-2.4914960,-9.2156016,0.0077788,0.0035527,0.0366791
21.4500000,-2.1226622,-2.5064215,-9.2629696,0.0080511,-0.0013947,0.0423161
21.4600000,-1.9865437,-2.4862768,-9.2858405,0.0034542,-0.0005750,0.0390446
21.4700000,-1.9624193,-2.4564465,-9.3340650,0.0080788,0.0005066,0.0359589
21.4800000,-1.9430907,-2.6409570,-9.2369264,0.0055472,0.0012725,0.0361601
21.4900000,-1.8813071,-2.5115681,-9.2726078,0.0045563,-0.0007443,0.0407629
21.5000000,-2.0879076,-2.4939124,-9.1838917,0.0022979,0.0038553,0.0394443
21.5100000,-1.8640181,-2.5998768,-9.2297527,0.0043933,0.0009168,0.0380645
21.5200000,-1.9630917,-2.5547468,-9.3387771,0.0049599,0.0019970,0.0448999
21.5300000,-1.9093808,-2.5419332,-9.1936513,0.0068943,0.0012599,0.0410476
21.5400000,-1.9380504,-2.5439345,-9.3002250,0.0084447,-0.0000468,0.0373382
21.5500000,-1.9835506,-2.5670700,-9.2567092,0.0091196,-0.0019581,0.0395796
21.5600000,-1.9501999,-2.6671907,-9.2375230,0.0117743,-0.0039861,0.0430204
21.5700000,-2.0168819,-2.6643051,-9.2790487,0.0021570,-0.0007521,0.0391774
21.5800000,-1.9525274,-2.6506757,-9.2152811,0.0016778,0.0041298,0.0381806
21.5900000,-2.0153604,-2.7010037,-9.2852570,0.0066695,-0.0008475,0.0375305
21.6000000,-1.9681647,-2.5557223,-9.2410262,0.0003237,-0.0020188,0.0365866
21.6100000,-1.9871791,-2.5640246,-9.1439700,0.0084660,0.0000048,0.0371535
21.6200000,-1.9941086,-2.6669774,-9.3155182,0.0089254,0.0015744,0.0489579
21.6300000,-1.9300423,-2.6680698,-9.2029908,0.0027044,0.0014828,0.0389435
21.6400000,-2.0070095,-2.6537801,-9.1573954,0.0089833,0.0003890,0.0361112
21.6500000,-1.8635970,-2.6843999,-9.2646486,0.0088861,0.0054744,0.0386069
21.6600000,-2.0237518,-2.6554333,-9.1370875,0.0046515,-0.0011308,0.0386128
21.6700000,-1.8509865,-2.7058376,-9.2479214,0.0069111,0.0003665,0.0448570
21.6800000,-2.0030607,-2.6594251,-9.2265423,0.0061141,-0.0027086,0.0398598
21.6900000,-1.9470960,-2.7006445,-9.2114296,0.0019892,0.0012518,0.0435596
21.7000000,-2.0771986,-2.7068416,-9.1994666,0.0060572,-0.0002127,0.0436970
21.7100000,-2.0151122,-2.7375211,-9.1919327,0.0065288,0.0036494,0.0380882
21.7200000,-1.9732345,-2.6997149,-9.2048197,0.0048080,-0.0001258,0.0452412
21.7300000,-1.9441021,-2.7933624,-9.1475589,0.0020504,-0.0007273,0.0404555
21.7400000,-2.0140955,-2.7326315,-9.2912492,0.0049101,-0.0000715,0.0408823
21.7500000,-1.9253819,-2.7775587,-9.2002377,0.0082971,0.0058010,0.0371281
21.7600000,-1.9769863,-2.6620372,-9.1205833,0.0039846,0.0094203,0.0430896
21.7700000,-1.9095647,-2.6747569,-9.1453327,0.0089170,-0.0005117,0.0387001
21.7800000,-1.8756520,-2.6928021,-9.1734378,0.0061843,0.0011415,0.0382479
21.7900000,-2.0285619,-2.7629265,-9.1419613,0.0047219,0.0022714,0.0422021
21.8000000,-2.0140410,-2.7391469,-9.1904690,0.0068615,0.0011906,0.0386549
21.8100000,-1.9392925,-2.6887356,-9.2759775,-0.0015998,0.0039042,0.0389702
21.8200000,-2.0349456,-2.7707081,-9.1461023,0.0087411,0.0008139,0.0361273
21.8300000,-1.8744918,-2.7296835,-9.1295844,0.0030251,0.0029427,0.0377654
21.8400000,-1.9950782,-2.7633065,-9.1256034,0.0040483,-0.0013266,0.0367217
21.8500000,-1.9645540,-2.7657360,-9.2281944,0.0053658,-0.0030384,0.0405751
21.8600000,-1.9366021,-2.8811060,-9.2616960,0.0084531,0.0000503,0.0358937
21.8700000,-1.8835183,-2.8245544,-9.0773091,0.0050428,-0.0031563,0.0342810
21.8800000,-1.9732698,-2.7987056,-9.1619924,0.0084705,-0.0078072,0.0376271
21.8900000,-2.0052461,-2.8525330,-9.1270458,0.0000285,0.0045250,0.0387373
21.9000000,-2.0592660,-2.8348304,-9.1450239,0.0113131,0.0013002,0.0395712
21.9100000,-1.9877344,-2.7404493,-9.1078789,0.0064510,-0.0003463,0.0370375
21.9200000,-1.9020061,-2.7381814,-9.2129150,0.0027866,0.0000452,0.0353954
21.9300000,-2.0529722,-2.8657349,-9.2268770,0.0018512,-0.0006449,0.0397328
21.9400000,-2.0499223,-2.7419699,-9.1990386,0.0034515,0.0002597,0.0395439
21.9500000,-1.8791632,-2.8100933,-9.1163923,0.0089426,-0.0025766,0.0390051
21.9600000,-1.9546239,-2.8327922,-9.1655472,0.0028368,-0.0036523,0.0385716
21.9700000,-2.0666761,-2.8335547,-9.1744233,0.0062214,0.0045389,0.0406343
21.9800000,-2.0161023,-2.8268276,-9.1873353,0.0035044,0.0014650,0.0394118
21.9900000,-2.1120803,-2.8452777,-9.3241097,0.0080964,-0.0025118,0.0400424
22.0000000,-1.9260029,-2.8540233,-9.2227982,0.0015592,0.0017212,0.0456926
22.0100000,-2.1030451,-2.8696357,-9.2125889,0.0033242,-0.0023304,0.0437142
22.0200000,-2.0971077,-2.8893417,-9.1278734,0.0028346,0.0048813,0.0417230
22.0300000,-2.0032295,-2.8579142,-9.1955771,0.0030182,-0.0003854,0.0366787
22.0400000,-2.0526444,-2.8848501,-9.1122871,0.0013880,0.0025510,0.0384011
22.0500000,-1.8888617,-2.8804978,-9.1794393,0.0083153,-0.0036611,0.0353303
22.0600000,-1.9351399,-2.8737850,-9.1929215,0.0048211,0.0015826,0.0374479
22.0700000,-2.0475987,-2.8604238,-9.0557808,0.0080163,0.0012945,0.0343343
22.0800000,-2.0192971,-2.9192782,-9.1434437,0.0064914,-0.0005270,0.0404757
22.0900000,-2.0495753,-2.7849498,-9.1516448,0.0052744,-0.0007330,0.0393889
22.1000000,-2.0403104,-2.9586486,-9.0858380,0.0086535,0.0024436,0.0430737
22.1100000,-2.0179112,-2.8170826,-9.2095137,0.0057121,0.0025191,0.0409291
22.1200000,-1.9884271,-2.9117954,-9.1129267,0.0094302,0.0043343,0.0416479
22.1300000,-2.0607716,-2.9229648,-9.1785060,0.0067524,0.0012109,0.0438442
22.1400000,-2.0340676,-2.9458834,-9.0840042,0.0067211,-0.0029396,0.0389588
22.1500000,-2.0659963,-2.9379937,-9.2458205,0.0019188,0.0044958,0.0399632
22.1600000,-2.1590434,-2.8716118,-9.2011492,-0.0002553,0.0039588,0.0440891
22.1700000,-2.0458532,-2.8815954,-9.1365179,0.0013701,-0.0041511,0.0378796
22.1800000,-2.0528316,-2.8966361,-9.1716137,0.0053060,-0.0009627,0.0402027
22.1900000,-2.0270583,-2.9126456,-9.2671163,0.0065752,0.0001240,0.0388091
22.2000000,-2.0632492,-2.9605822,-9.0761280,0.0080012,0.0084105,0.0369683
22.2100000,-2.0730399,-2.9987058,-9.1370256,0.0077566,0.0049229,0.0401142
22.2200000,-2.0799632,-2.8762483,-9.0807450,0.0066855,0.0046756,0.0432458
22.2300000,-2.0433506,-2.9150196,-9.1837583,0.0039403,0.0053516,0.0390452
22.2400000,-2.0096124,-2.8684214,-8.9772314,0.0125039,0.0012944,0.0341312
22.2500000,-2.0168081,-2.9278863,-9.1136016,0.0031187,-0.0014493,0.0463489
22.2600000,-2.0549132,-2.9717630,-9.1600327,0.0028992,0.0033302,0.0373811
22.2700000,-1.9845884,-2.8266177,-9.0551254,0.0040910,-0.0013318,0.0418400
22.2800000,-2.1359360,-2.9513570,-9.1540733,0.0053466,-0.0062104,0.0376229
22.2900000,-1.9741133,-2.9188288,-9.2105428,0.0034333,-0.0017066,0.0409604
22.3000000,-1.9502446,-2.9608696,-9.2063095,0.0019459,0.0057398,0.0361184
22.3100000,-2.0823541,-2.9439518,-9.1890777,0.0018186,0.0019977,0.0405652
22.3200000,-2.0407825,-2.9375855,-9.0750741,0.0045019,0.0016967,0.0447485
22.3300000,-1.9914453,-2.9254150,-9.0094891,0.0064124,0.0027507,0.0395193
22.3400000,-2.0822135,-2.9904407,-9.1603035,-0.0024211,-0.0041638,0.0393514
22.3500000,-1.9759228,-2.9491122,-9.1539933,0.0110021,-0.0037254,0.0376063
22.3600000,-2.1399096,-3.0084780,-9.0853252,0.0087021,-0.0033411,0.0395975
22.3700000,-2.0973970,-2.9471170,-9.0371746,0.0070150,0.0007918,0.0425614
22.3800000,-1.9806727,-2.9881588,-9.0855066,0.0072471,0.0014953,0.0408142
22.3900000,-2.0323502,-2.9794949,-9.0692461,0.0081849,-0.0019062,0.0403256
22.4000000,-2.0862117,-3.0833973,-9.1287273,0.0090898,-0.0023760,0.0421634
22.4100000,-2.0243948,-2.9772143,-9.0895159,0.0058479,0.0005980,0.0381981
22.4200000,-1.9729942,-3.0094487,-9.0011336,0.0039561,-0.0003942,0.0410550
22.4300000,-2.0485003,-3.0101589,-9.1187781,0.0095702,-0.0057533,0.0361763
22.4400000,-2.0905278,-2.9766834,-9.0657031,0.0100011,0.0000237,0.0398485
22.4500000,-1.9924241,-3.0675296,-9.1013558,0.0078429,-0.0001613,0.0411297
22.4600000,-2.1592970,-2.9195729,-9.1672471,0.0041039,-0.0021322,0.0363847
22.4700000,-2.1238064,-2.9914530,-9.0815051,0.0032993,-0.0009084,0.0354372
22.4800000,-2.0948277,-2.9195044,-9.0923087,0.0097582,-0.0037732,0.0449313
22.4900000,-2.0530053,-3.0155942,-9.0936280,0.0062003,0.0011582,0.0390461
22.5000000,-2.1094032,-2.9633864,-9.0211435,0.0063894,0.0008742,0.0371155
22.5100000,-2.0834147,-2.9666740,-9.0530050,0.0084369,0.0015307,0.0410658
22.5200000,-2.0294116,-3.0984301,-9.0840837,0.0090351,0.0044628,0.0402314
22.5300000,-2.0323939,-3.0608750,-9.1433188,0.0050046,0.0029108,0.0412778
22.5400000,-2.0343405,-3.0662265,-9.0492442,0.0109543,0.0017990,0.0410741
22.5500000,-2.0836578,-3.1530053,-9.0253866,0.0015515,-0.0024629,0.0385777
22.5600000,-2.1294285,-2.9983390,-9.1209188,0.0091147,-0.0004476,0.0411132
22.5700000,-2.0322449,-3.0613824,-9.0413995,0.0027967,-0.0003906,0.0430359
22.5800000,-2.0289012,-3.0443394,-9.0656075,0.0040837,-0.0006285,0.0320152
22.5900000,-2.1844779,-3.0119726,-9.1087767,0.0062937,0.0020870,0.0415038
22.6000000,-2.0885281,-3.0170001,-9.0728849,0.0050385,0.0096694,0.0414060
22.6100000,-2.0192297,-3.0707264,-9.0787320,0.0089826,-0.0056609,0.0465590
22.6200000,-2.0490284,-3.0066725,-9.0390281,0.0070141,-0.0013464,0.0368476
22.6300000,-2.0213094,-3.0558742,-9.0703163,0.0041138,0.0021952,0.0436951
22.6400000,-1.9520939,-3.0288771,-9.1408188,0.0039021,-0.0048927,0.0369994
22.6500000,-2.1105306,-3.0417705,-9.1868417,0.0059679,-0.0064133,0.0362766
22.6600000,-2.1575521,-3.0546065,-8.9629734,0.0106526,-0.0000191,0.0434930
22.6700000,-2.0241225,-3.0550148,-9.0238134,0.0053194,0.0029431,0.0411896
22.6800000,-2.0350614,-3.0190167,-9.0376474,0.0043789,0.0037099,0.0398739
22.6900000,-2.0416724,-3.1180177,-9.0532906,0.0043389,-0.0033751,0.0383146
22.7000000,-2.1140458,-3.0795862,-9.1623579,0.0064343,0.0038955,0.0432758
22.7100000,-2.1051613,-2.9835750,-9.0660204,0.0022813,-0.0011323,0.0416116
22.7200000,-2.1235931,-3.0509774,-9.0203887,0.0008587,0.0001132,0.0409059
22.7300000,-2.1253803,-2.9233199,-9.0179049,0.0055306,0.0042909,0.0376935
22.7400000,-2.1244781,-3.1028101,-9.0505996,0.0041595,-0.0022134,0.0390886
22.7500000,-2.2311517,-3.0184141,-9.0554108,0.0069854,0.0011176,0.0411882
22.7600000,-2.1714916,-3.0071258,-9.0296102,0.0080794,-0.0011120,0.0393010
22.7700000,-2.0629298,-3.0273055,-9.0619789,0.0036203,-0.0014919,0.0420645
22.7800000,-2.1747294,-3.0811457,-9.0415334,0.0079336,-0.0021306,0.0399383
22.7900000,-2.1837374,-3.0519790,-8.9696656,0.0038271,0.0043567,0.0384422
22.8000000,-2.0556238,-3.0361567,-9.0606786,0.0002370,0.0011327,0.0375770
22.8100000,-2.1020046,-3.0613669,-9.0199762,0.0007351,-0.0003153,0.0403962
22.8200000,-2.1366269,-2.9976583,-9.0195350,0.0057132,0.0042272,0.0399313
22.8300000,-2.0527955,-3.0558802,-9.0194474,0.0070462,-0.0044975,0.0405303
22.8400000,-2.1047015,-3.0463231,-9.0238237,0.0070541,-0.0009705,0.0391491
22.8500000,-2.0635319,-3.1307721,-9.0260324,0.0011648,-0.0004498,0.0384209
22.8600000,-2.2090972,-3.1497278,-9.1284536,0.0034795,0.0063108,0.0368191
22.8700000,-2.1016348,-3.0458199,-9.1091594,0.0059703,0.0036193,0.0361067
22.8800000,-2.1462585,-3.0330078,-8.9943943,0.0050517,0.0018763,0.0443615
22.8900000,-2.0050532,-3.0479544,-9.0791499,0.0053659,0.0016533,0.0418727
22.9000000,-2.0821836,-3.1099604,-9.0859261,0.0021191,0.0004824,0.0446198
22.9100000,-2.0858891,-3.0618195,-9.1070257,0.0036694,0.0002697,0.0381142
22.9200000,-2.0872419,-3.0620057,-9.0123540,0.0090965,0.0002865,0.0411929
22.9300000,-2.0843836,-3.1864438,-9.0508847,0.0041693,0.0018472,0.0408273
22.9400000,-2.1310393,-3.0113370,-9.0110263,0.0004791,0.0013229,0.0374788
22.9500000,-2.1116296,-3.0636527,-8.9635339,0.0074384,0.0034408,0.0412832
22.9600000,-2.1320075,-3.0554506,-9.1690973,0.0027515,-0.0023981,0.0431226
22.9700000,-2.1320580,-3.1474700,-8.9904359,0.0022470,0.0000885,0.0398017
22.9800000,-2.1705680,-3.0589476,-9.0467092,0.0015884,0.0013016,0.0325452
22.9900000,-2.1756750,-3.0467920,-8.9790993,0.0002441,-0.0007794,0.0432641
23.0000000,-2.1633048,-3.1800792,-9.0256009,0.0080737,-0.0006108,0.0409940
23.0100000,-2.1299618,-3.0149089,-9.0112280,0.0065889,0.0022790,0.0493161
23.0200000,-2.1836050,-3.0898309,-9.0741190,0.0040226,-0.0078706,0.0382130
23.0300000,-2.1413676,-3.0799703,-9.0157202,0.0006089,-0.0006980,0.0322359
23.0400000,-2.1710440,-3.0630923,-9.0977743,0.0077183,-0.0042895,0.0398090
23.0500000,-2.1215292,-3.0847387,-9.1129075,0.0033692,0.0009325,0.0405226
23.0600000,-2.1326489,-3.1636546,-8.9421367,0.0005047,0.0035756,0.0411669
23.0700000,-2.1718008,-3.1201990,-9.1029196,0.0013858,-0.0033295,0.0454635
23.0800000,-2.1490920,-3.1495855,-9.0520352,0.0052148,0.0024228,0.0390823
23.0900000,-2.2618839,-3.1784055,-9.0932660,0.0030962,0.0046227,0.0393125
23.1000000,-2.2317910,-3.1115228,-9.0845200,-0.0009087,0.0003693,0.0400810
23.1100000,-2.1619020,-3.1065375,-9.0224192,0.0062919,0.0066032,0.0452613
23.1200000,-2.1148504,-3.0650328,-9.0624445,0.0035060,-0.0014868,0.0378038
23.1300000,-2.1444241,-3.0872621,-9.0261353,0.0075762,0.0052062,0.0406460
23.1400000,-2.1252464,-3.0385385,-8.9877320,0.0076304,0.0046741,0.0357127
23.1500000,-2.0819486,-3.0773035,-9.0312355,0.0039267,0.0051104,0.0388428
23.1600000,-2.1269228,-3.1277290,-8.9737890,0.0062678,0.0047784,0.0392355
23.1700000,-2.1398359,-3.2530719,-8.9879697,0.0067983,0.0018736,0.0425494
23.1800000,-2.1593940,-3.1612271,-9.0766682,0.0090436,0.0003043,0.0405966
23.1900000,-2.1219118,-3.0485025,-9.0552802,0.0053163,-0.0007613,0.0412575
23.2000000,-2.0822130,-3.1312826,-9.0308709,0.0001948,0.0035739,0.0379884
23.2100000,-2.2199257,-3.1106149,-9.0520897,0.0032600,-0.0021524,0.0403650
23.2200000,-2.1634484,-3.0932843,-8.9507489,0.0069238,0.0017256,0.0385301
23.2300000,-2.2783204,-3.1211659,-9.1203621,0.0094725,0.0067092,0.0401351
23.2400000,-2.1765393,-3.0462684,-9.0083261,-0.0008647,-0.0012936,0.0414291
23.2500000,-2.0990267,-3.1931846,-9.0233459,0.0015767,0.0027571,0.0422455
23.2600000,-2.2467844,-3.1136491,-8.9522756,0.0052215,0.0013429,0.0402617
23.2700000,-2.1540179,-3.1844138,-9.0764807,0.0070436,0.0040502,0.0444555
23.2800000,-2.2603240,-3.1259115,-8.9374728,0.0100343,-0.0012421,0.0407358
23.2900000,-2.1560118,-3.0990459,-9.0891092,0.0064028,0.0012143,0.0440432
23.3000000,-2.1838370,-3.0951094,-9.0274403,0.0092176,-0.0012969,0.0413592
23.3100000,-2.2356873,-3.1604843,-9.0889705,0.0052416,-0.0019803,0.0441081
23.3200000,-2.1353920,-3.0934594,-8.9666128,0.0041443,0.0021275,0.0364775
23.3300000,-2.1296911,-3.0905632,-9.1085902,0.0054902,0.0074558,0.0348400
23.3400000,-2.2380533,-3.1069452,-8.9733204,0.0036337,-0.0013456,0.0356732
23.3500000,-2.1605524,-3.1634971,-8.9846532,0.0021849,-0.0038603,0.0406788
23.3600000,-2.0861055,-3.1902445,-8.9816821,0.0023132,0.0001753,0.0416473
23.3700000,-2.1829783,-3.1017634,-9.0210672,0.0005341,0.0019879,0.0374188
23.3800000,-2.1452884,-3.1630139,-9.0189292,0.0066592,-0.0056789,0.0380573
23.3900000,-2.1780467,-3.1671454,-9.0706779,-0.0012208,0.0034232,0.0391419
23.4000000,-2.1522404,-3.0713770,-8.9837836,0.0060610,0.0032758,0.0385088
23.4100000,-2.1336511,-3.2910981,-9.1098274,0.0051616,0.0012416,0.0406740
23.4200000,-2.2084694,-3.1782670,-9.0646348,0.0071845,0.0027039,0.0377704
23.4300000,-2.1372229,-3.0910885,-9.0102228,0.0032740,0.0013896,0.0376569
23.4400000,-2.1885936,-3.1318312,-9.0134213,0.0059544,-0.0024673,0.0444656
23.4500000,-2.1169167,-3.1379992,-8.9959686,0.0060816,-0.0065556,0.0398933
23.4600000,-2.1052914,-3.1208550,-8.9429345,0.0024749,-0.0015458,0.0421768
23.4700000,-2.1526130,-3.1366590,-8.8635607,0.0073810,0.0007683,0.0426103
23.4800000,-2.1988620,-3.2153582,-8.9900261,-0.0042641,0.0069908,0.0368236
23.4900000,-2.2435546,-3.0993759,-8.9595782,0.0042922,-0.0018392,0.0459692
23.5000000,-2.1715899,-3.1925207,-8.9601189,0.0044980,-0.0012515,0.0417197
23.5100000,-2.2077869,-3.1289217,-8.8806250,0.0050319,0.0000666,0.0410251
23.5200000,-2.1394555,-3.0916178,-9.0394705,0.0032983,0.0053619,0.0388006
23.5300000,-2.2551245,-3.2086933,-9.1263819,0.0035696,-0.0028680,0.0401801
23.5400000,-2.1486342,-3.1841307,-9.1068876,0.0079426,0.0020472,0.0433296
23.5500000,-2.2359481,-3.2147996,-9.0073805,0.0040289,-0.0001585,0.0400451
23.5600000,-2.2168417,-3.1570863,-9.0727599,0.0070743,-0.0017068,0.0367956
23.5700000,-2.1695992,-3.2354374,-9.0103998,0.0038471,-0.0051916,0.0373742
23.5800000,-2.1532165,-3.1825361,-8.8919451,0.0049834,-0.0026533,0.0398979
23.5900000,-2.1729166,-3.0830711,-8.9874755,0.0076184,0.0007460,0.0402401
23.6000000,-2.2077124,-3.2364480,-9.0312433,0.0054476,0.0001555,0.0372902
23.6100000,-2.2647733,-3.1650372,-9.1061967,0.0031565,0.0009395,0.0366473
23.6200000,-2.1691939,-3.1113403,-8.9293689,0.0045097,-0.0005160,0.0382031
23.6300000,-2.2376794,-3.2449429,-9.0420724,-0.0002906,-0.0000820,0.0446237
23.6400000,-2.2245751,-3.1304786,-9.0237481,0.0013555,-0.0021761,0.0361579
23.6500000,-2.1422524,-3.1620457,-9.0797815,0.0080105,-0.0039516,0.0399115
23.6600000,-2.2594384,-3.2277787,-9.0353520,0.0052498,-0.0044790,0.0358778
23.6700000,-2.1811309,-3.2192015,-8.9681637,0.0070282,-0.0010619,0.0424247
23.6800000,-2.2186468,-3.1715166,-9.0239601,0.0072735,-0.0016015,0.0368291
23.6900000,-2.1770744,-3.1419118,-8.9633960,0.0076004,0.0008295,0.0366250
23.7000000,-2.1812659,-3.1623364,-9.0000842,0.0040033,-0.0017812,0.0405808
23.7100000,-2.2452498,-3.1675235,-9.0563238,0.0039245,-0.0076385,0.0414407
23.7200000,-2.2355429,-3.2017281,-8.9953062,0.0032930,-0.0071018,0.0413322
23.7300000,-2.1403605,-3.1494000,-8.9857418,0.0070297,-0.0019768,0.0409507
23.7400000,-2.2289050,-3.1973331,-9.0870305,0.0045842,0.0010465,0.0346278
23.7500000,-2.2554178,-3.1552116,-8.9002096,0.0034007,0.0032751,0.0375623
23.7600000,-2.1848473,-3.0976562,-8.9458511,0.0016046,0.0006202,0.0445255
23.7700000,-2.2002504,-3.0826718,-8.9872297,0.0057500,-0.0004780,0.0399942
23.7800000,-2.1568417,-3.1996436,-8.9195259,0.0040986,-0.0050392,0.0379410
23.7900000,-2.2712646,-3.1120472,-9.0438097,0.0080228,0.0051374,0.0413465
23.8000000,-2.2328106,-3.2096925,-9.0227047,0.0090887,0.0025929,0.0459787
23.8100000,-2.2336934,-3.1736233,-8.9935622,-0.0009528,0.0029927,0.0364903
23.8200000,-2.2951252,-3.2824054,-9.0313169,0.0016346,-0.0056948,0.0364834
23.8300000,-2.0769416,-3.1788618,-8.9990856,0.0024483,0.0008287,0.0450839
23.8400000,-2.2139777,-3.1807930,-9.0237890,0.0011660,0.0013270,0.0432994
23.8500000,-2.3126442,-3.1814268,-9.0391581,0.0040325,0.0054738,0.0422139
23.8600000,-2.2869169,-3.1683856,-9.0014604,0.0005946,-0.0028482,0.0434944
23.8700000,-2.2238380,-3.1691441,-9.0416027,0.0092749,-0.0006271,0.0359002
23.8800000,-2.2494206,-3.1906327,-9.0385178,0.0039294,-0.0021758,0.0396129
23.8900000,-2.1819688,-3.1450810,-8.9955015,0.0048905,0.0008826,0.0402159
23.9000000,-2.1996301,-3.2225206,-9.0455986,0.0058676,-0.0039964,0.0406781
23.9100000,-2.1682450,-3.2248492,-8.9984995,0.0040234,-0.0026376,0.0411832
23.9200000,-2.2187759,-3.1673362,-8.9645433,-0.0043025,0.0007633,0.0395604
23.9300000,-2.2743821,-3.1787982,-8.9797081,0.0041267,0.0034123,0.0432567
23.9400000,-2.1869702,-3.1316252,-8.9764515,0.0032329,0.0022761,0.0409949
23.9500000,-2.2671044,-3.2012295,-8.9900766,0.0055473,0.0023369,0.0411745
23.9600000,-2.2827313,-3.2590860,-9.0537858,0.0072225,-0.0045649,0.0360555
23.9700000,-2.3616377,-3.1146810,-8.9379128,0.0005440,0.0025025,0.0374374
23.9800000,-2.2086101,-3.1132733,-9.0034165,0.0019967,0.0007988,0.0366224
23.9900000,-2.3209819,-3.1498900,-9.0120533,0.0028757,0.0027574,0.0454883
24.0000000,-2.1996220,-3.1752562,-8.9665568,-0.0014248,0.0018087,0.0388930
24.0100000,-2.3204093,-3.1237949,-8.9827331,0.0086580,-0.0007323,0.0399320
24.0200000,-2.2199833,-3.2804719,-9.0950667,0.0037359,-0.0018513,0.0387719
24.0300000,-2.2121075,-3.2639966,-9.0088135,0.0001646,0.0035153,0.0367277
24.0400000,-2.2347501,-3.2493487,-9.0556375,0.0033601,-0.0001081,0.0420256
24.0500000,-2.1351312,-3.1814751,-8.9247437,0.0042585,0.0059985,0.0350817
24.0600000,-2.2421029,-3.2448544,-9.0131800,-0.0003521,-0.0042339,0.0424164
24.0700000,-2.3334197,-3.1660528,-8.9851520,0.0064393,-0.0027783,0.0449310
24.0800000,-2.3109634,-3.1163912,-8.9517242,0.0028735,-0.0043127,0.0437063
24.0900000,-2.2798317,-3.2202173,-8.9914064,0.0059853,0.0013694,0.0372112
24.1000000,-2.2843773,-3.1189886,-9.0702462,0.0086616,-0.0009621,0.0454706
24.1100000,-2.3081011,-3.2111305,-8.9929969,0.0039989,-0.0012852,0.0394831
24.1200000,-2.2817880,-3.2268913,-8.9830919,0.0060999,0.0008391,0.0410324
24.1300000,-2.3288450,-3.2823262,-8.9833208,0.0014357,-0.0011622,0.0410222
24.1400000,-2.2416905,-3.1954713,-8.9708733,0.0025212,-0.0021239,0.0381434
24.1500000,-2.4011451,-3.2237764,-8.9270354,0.0054837,0.0044959,0.0375190
24.1600000,-2.2871743,-3.2154356,-9.0451034,0.0088679,-0.0006558,0.0401368
24.1700000,-2.2930259,-3.1551392,-8.9416320,0.0093623,0.0022520,0.0377925
24.1800000,-2.2843597,-3.0879101,-9.0009037,0.0006205,0.0045890,0.0361740
24.1900000,-2.2250238,-3.1954994,-8.8829167,0.0018025,0.0001971,0.0458890
24.2000000,-2.3463569,-3.2456685,-9.1047400,0.0024714,-0.0022389,0.0413919
24.2100000,-2.3077553,-3.0795967,-8.9609952,-0.0047284,-0.0044490,0.0390841
24.2200000,-2.2610267,-3.1593445,-9.0187470,0.0073259,0.0003868,0.0363103
24.2300000,-2.2570992,-3.2166324,-8.9531642,-0.0027262,-0.0012089,0.0343471
24.2400000,-2.2297224,-3.1677392,-8.9476680,0.0053359,-0.0027059,0.0403632
24.2500000,-2.2742622,-3.2479638,-8.9792024,0.0083602,-0.0029115,0.0404582
24.2600000,-2.2809296,-3.2214824,-8.9013778,0.0006232,-0.0035487,0.0402125
24.2700000,-2.3149058,-3.2133205,-8.9342612,0.0045928,-0.0028409,0.0391930
24.2800000,-2.3392306,-3.2298326,-8.9795198,0.0048616,-0.0019534,0.0388314
24.2900000,-2.2388464,-3.2677605,-8.9922848,0.0055414,-0.0014028,0.0414469
24.3000000,-2.3565168,-3.2287788,-9.0284784,0.0067120,0.0003242,0.0397766
24.3100000,-2.2636118,-3.2725553,-8.9319424,0.0064104,-0.0003016,0.0353206
24.3200000,-2.2811270,-3.2108105,-8.9992922,0.0080463,-0.0044181,0.0398619
24.3300000,-2.2857301,-3.2493045,-9.0570191,0.0033209,0.0054950,0.0423431
24.3400000,-2.2551501,-3.2443000,-8.9743276,0.0013588,0.0018628,0.0424600
24.3500000,-2.3525607,-3.1850559,-8.9352027,0.0035148,0.0027310,0.0440406
24.3600000,-2.3195159,-3.1417382,-8.9869087,0.0040853,0.0022815,0.0442046
24.3700000,-2.2820631,-3.1057987,-8.9283384,0.0061724,0.0004248,0.0435282
24.3800000,-2.3265884,-3.1368221,-9.0391994,0.0007639,0.0009193,0.0371782
24.3900000,-2.3089895,-3.1479630,-8.9650177,0.0013045,-0.0044139,0.0410647
24.4000000,-2.3184773,-3.2651276,-8.9712602,0.0078791,-0.0009012,0.0412635
24.4100000,-2.3075815,-3.2613635,-8.9611384,0.0003811,-0.0027527,0.0391441
24.4200000,-2.3338034,-3.2041273,-9.0451721,0.0092984,0.0004437,0.0388576
24.4300000,-2.2874239,-3.1821620,-8.9714215,0.0063712,-0.0030978,0.0372314
24.4400000,-2.3383502,-3.1793178,-9.0353869,0.0039400,0.0021321,0.0397583
24.4500000,-2.3290989,-3.2176046,-8.9212998,0.0047427,-0.0016430,0.0384366
24.4600000,-2.2950749,-3.2119077,-9.0565175,0.0085486,0.0008227,0.0422358
24.4700000,-2.3391268,-3.2091660,-8.9519380,0.0047704,0.0006410,0.0391740
24.4800000,-2.3064382,-3.2555564,-9.0135477,0.0019149,-0.0006953,0.0389113
24.4900000,-2.3591848,-3.2214858,-8.9984991,0.0050844,0.0059461,0.0410467
24.5000000,-2.3684058,-3.2677922,-8.9055593,0.0023222,0.0017454,0.0420537
24.5100000,-2.3771132,-3.1137148,-9.0020195,0.0074584,0.0020946,0.0400795
24.5200000,-2.2737493,-3.1368986,-9.0112973,0.0028686,-0.0044608,0.0433757
24.5300000,-2.3426558,-3.2194632,-8.9011799,0.0041470,-0.0011096,0.0359530
24.5400000,-2.3865523,-3.2444688,-8.9282468,0.0084551,0.0035283,0.0437266
24.5500000,-2.3741635,-3.2322531,-8.9096349,0.0004514,0.0033145,0.0403947
24.5600000,-2.3754376,-3.2206731,-8.9173907,0.0098316,-0.0063497,0.0394210
24.5700000,-2.2603013,-3.2401020,-8.9857189,0.0011893,0.0063466,0.0332948
24.5800000,-2.3563616,-3.2083495,-8.9479449,0.0023386,0.0018444,0.0427787
24.5900000,-2.4124194,-3.1798562,-8.9363525,0.0051031,0.0008864,0.0402553
24.6000000,-2.2323165,-3.2703219,-9.0491711,-0.0009176,0.0005547,0.0428359
24.6100000,-2.2583684,-3.1499564,-8.9002010,0.0058022,0.0012251,0.0359046
24.6200000,-2.3044262,-3.1697693,-8.8574798,0.0112626,-0.0049766,0.0385691
24.6300000,-2.3513767,-3.2239607,-9.0079090,0.0130336,0.0035096,0.0387289
24.6400000,-2.4110446,-3.1900398,-9.0633352,0.0030709,-0.0004866,0.0426621
24.6500000,-2.2555110,-3.2184948,-8.9319018,0.0005036,-0.0046084,0.0348343
24.6600000,-2.5017730,-3.1266080,-8.9560065,0.0097492,-0.0073068,0.0425438
24.6700000,-2.4203546,-3.2440649,-8.8955976,0.0104035,-0.0055976,0.0396509
24.6800000,-2.2818726,-3.1976751,-8.9119949,0.0016561,-0.0049986,0.0429595
24.6900000,-2.3657346,-3.1950058,-8.9702086,0.0108224,0.0051931,0.0364990
24.7000000,-2.3971379,-3.1647157,-8.8233856,0.0044602,-0.0042331,0.0374411
24.7100000,-2.3879828,-3.2058142,-8.9549346,0.0030081,0.0028034,0.0402441
24.7200000,-2.3252243,-3.1077902,-8.9781288,0.0059367,0.0043470,0.0405440
24.7300000,-2.3693574,-3.1434983,-9.0474277,0.0103144,0.0014012,0.0362772
24.7400000,-2.3716860,-3.2076875,-8.9800145,0.0037401,-0.0017921,0.0376547
24.7500000,-2.2732605,-3.2500436,-8.9385907,0.0047421,0.0014160,0.0394383
24.7600000,-2.3966930,-3.1921655,-8.9452116,0.0040464,0.0003740,0.0476099
24.7700000,-2.3557083,-3.2250039,-8.9733127,0.0051893,-0.0006655,0.0387947
24.7800000,-2.4586553,-3.2708369,-8.9102501,0.0053703,-0.0012059,0.0383383
24.7900000,-2.3318265,-3.2704080,-8.9959491,0.0020982,-0.0021853,0.0422001
24.8000000,-2.3479809,-3.2232687,-9.0353325,0.0069587,0.0035936,0.0412108
24.8100000,-2.4148717,-3.1234253,-8.9711156,0.0097797,-0.0016443,0.0432139
24.8200000,-2.3934831,-3.1863064,-8.9030590,0.0064489,-0.0089104,0.0387193
24.8300000,-2.3788357,-3.2808124,-8.9406103,0.0064637,0.0002631,0.0392754
24.8400000,-2.3084064,-3.2123530,-8.9768437,-0.0002481,-0.0016024,0.0390073
24.8500000,-2.3584530,-3.2662609,-8.9488336,0.0101526,0.0023686,0.0333148
24.8600000,-2.2956655,-3.1713506,-9.0145364,0.0036833,-0.0016727,0.0401625
24.8700000,-2.3163908,-3.2122239,-8.8744389,0.0021617,0.0006741,0.0420088
24.8800000,-2.3555391,-3.1205797,-8.9773245,0.0065332,-0.0006283,0.0480108
24.8900000,-2.3521977,-3.2684781,-8.9525008,0.0074787,-0.0008226,0.0414926
24.9000000,-2.3639381,-3.1641660,-9.0298028,0.0016851,0.0007584,0.0401983
24.9100000,-2.3260523,-3.1181507,-8.9660241,0.0008802,-0.0054557,0.0436576
24.9200000,-2.4282145,-3.1606532,-9.0336902,0.0067116,-0.0030341,0.0395992
24.9300000,-2.5245939,-3.2157105,-8.9357646,0.0117162,0.0027768,0.0414716
24.9400000,-2.4049331,-3.1912108,-8.9065022,0.0047562,0.0033870,0.0456547
24.9500000,-2.3998703,-3.2381178,-8.9109312,0.0048832,0.0041828,0.0442372
24.9600000,-2.3287034,-3.3013556,-8.9730944,0.0022181,-0.0011394,0.0430339
24.9700000,-2.3773137,-3.2085761,-8.9504699,0.0108365,0.0017201,0.0420545
24.9800000,-2.3968791,-3.2160670,-8.9767632,0.0083672,-0.0000164,0.0406229
24.9900000,-2.3872846,-3.1714109,-8.9693893,0.0097730,-0.0011484,0.0388017
25.0000000,-2.4745736,-3.1894285,-8.9345514,0.0029371,-0.0008665,0.0408747
25.0100000,-2.3570526,-3.2419184,-8.9804373,0.0059824,0.0003599,0.0425705
25.0200000,-2.3476124,-3.2300647,-8.8845937,0.0031116,0.0000036,0.0396572
25.0300000,-2.4183242,-3.1656877,-8.9607261,0.0017638,-0.0001232,0.0315983
25.0400000,-2.3730867,-3.1861420,-8.8923816,0.0069695,-0.0000204,0.0368053
25.0500000,-2.4568012,-3.1996005,-8.8950503,0.0023060,0.0019068,0.0389325
25.0600000,-2.4325696,-3.1771011,-8.9521628,0.0069480,0.0002656,0.0387958
25.0700000,-2.3335329,-3.1699715,-9.0253776,0.0015614,-0.0003808,0.0414206
25.0800000,-2.3372701,-3.2103472,-8.9692049,0.0072820,-0.0034989,0.0369842
25.0900000,-2.3494585,-3.1734879,-8.9292248,0.0042867,0.0064226,0.0460500
25.1000000,-2.4636208,-3.1804598,-8.9779814,0.0015588,-0.0040807,0.0434275
25.1100000,-2.3909306,-3.1757640,-9.0434826,0.0093446,0.0000493,0.0365916
25.1200000,-2.3062901,-3.2427940,-8.9139421,0.0018562,-0.0028809,0.0356659
25.1300000,-2.4271361,-3.2281350,-8.9440666,0.0019078,0.0005188,0.0437564
25.1400000,-2.4809277,-3.2736756,-8.9741322,0.0031864,0.0006445,0.0413985
25.1500000,-2.3459416,-3.2087304,-8.9310097,0.0081535,0.0026434,0.0354107
25.1600000,-2.3848516,-3.1644290,-8.9429041,0.0075817,0.0010819,0.0390919
25.1700000,-2.3644444,-3.1846682,-8.9444293,0.0030424,-0.0021225,0.0343012
25.1800000,-2.3848873,-3.1831762,-8.8629280,0.0107244,-0.0022287,0.0419667
25.1900000,-2.4201338,-3.1956268,-8.8884041,0.0039326,0.0001116,0.0404306
25.2000000,-2.3786845,-3.2473517,-8.9070321,0.0064765,-0.0009833,0.0376071
25.2100000,-2.4139718,-3.1408861,-8.9501371,0.0045466,-0.0006498,0.0391083
25.2200000,-2.3741405,-3.2298131,-8.9765922,0.0032611,0.0033298,0.0409080
25.2300000,-2.3625812,-3.2358976,-8.9609259,0.0037416,0.0003823,0.0418542
25.2400000,-2.4322535,-3.1167345,-9.0266951,0.0023719,0.0028184,0.0371394
25.2500000,-2.3624798,-3.2585931,-8.8773683,0.0013389,-0.0010088,0.0392151
25.2600000,-2.3840734,-3.2448194,-8.8445583,0.0069995,-0.0091762,0.0414917
25.2700000,-2.3968975,-3.2010497,-9.0489964,0.0062178,-0.0007240,0.0447575
25.2800000,-2.5005045,-3.1512940,-8.8766743,0.0028344,-0.0010367,0.0382906
25.2900000,-2.3792239,-3.1734935,-8.9679178,0.0038652,-0.0033904,0.0432925
25.3000000,-2.4317137,-3.1993339,-8.8861393,0.0035663,-0.0025942,0.0446000
25.3100000,-2.4543930,-3.2414800,-8.8979613,0.0082310,-0.0034907,0.0405821
25.3200000,-2.4063313,-3.2178068,-8.9524594,0.0111673,0.0020986,0.0343180
25.3300000,-2.4087715,-3.1888334,-8.9408735,0.0061660,0.0020069,0.0384264
25.3400000,-2.3246190,-3.2195978,-8.8465199,0.0040163,0.0020139,0.0407677
25.3500000,-2.4030215,-3.2022947,-8.8830230,0.0063372,-0.0037716,0.0457183
25.3600000,-2.4417902,-3.2104181,-8.9664638,0.0011493,0.0007950,0.0322990
25.3700000,-2.3576497,-3.3110507,-8.9527595,0.0042548,-0.0023113,0.0364628
25.3800000,-2.4637167,-3.1925823,-8.9769213,0.0020597,-0.0030330,0.0378742
25.3900000,-2.4275931,-3.1314895,-8.9573294,0.0010842,-0.0053422,0.0411229
25.4000000,-2.3892277,-3.2230444,-8.9289338,0.0043185,0.0000394,0.0398277
25.4100000,-2.4614275,-3.2008169,-8.9126548,0.0037998,-0.0034470,0.0365794
25.4200000,-2.4676512,-3.2074019,-8.9458426,0.0024024,0.0003043,0.0392890
25.4300000,-2.4727653,-3.1645302,-8.9263024,0.0036422,0.0030950,0.0388865
25.4400000,-2.3820568,-3.2054932,-8.9374134,0.0052614,0.0034453,0.0403258
25.4500000,-2.4271575,-3.1995062,-8.9443994,0.0013996,-0.0008471,0.0443961
25.4600000,-2.4293959,-3.1578876,-8.8933232,0.0038524,-0.0050314,0.0416744
25.4700000,-2.4590669,-3.2083706,-8.9430164,0.0026829,0.0013559,0.0444107
25.4800000,-2.4562828,-3.2305327,-8.9119251,0.0063265,-0.0003042,0.0412362
25.4900000,-2.4366776,-3.2549293,-8.8638304,0.0085226,-0.0040715,0.0382433
25.5000000,-2.4368048,-3.2203840,-8.8385739,0.0010882,-0.0020925,0.0400127
25.5100000,-2.4278837,-3.0813625,-8.9123667,0.0046879,0.0014513,0.0390228
25.5200000,-2.5194809,-3.2831485,-8.9843032,0.0029381,0.0008764,0.0360452
25.5300000,-2.4656231,-3.2244431,-8.8152212,0.0059319,0.0003260,0.0385956
25.5400000,-2.3510346,-3.1339211,-8.9382897,0.0067233,0.0039678,0.0405121
25.5500000,-2.4843004,-3.2179978,-8.8634555,0.0089435,-0.0013131,0.0403220
25.5600000,-2.4016941,-3.2790793,-8.8911102,0.0085842,-0.0011632,0.0393399
25.5700000,-2.4317186,-3.1705959,-8.9383396,0.0037780,-0.0043477,0.0421027
25.5800000,-2.4119620,-3.1802244,-8.9238279,0.0039926,0.0030083,0.0415982
25.5900000,-2.5621421,-3.2726325,-8.9521000,0.0048623,-0.0001497,0.0410320
25.6000000,-2.4763159,-3.1056315,-8.9781750,0.0055798,0.0023950,0.0452170
25.6100000,-2.4264690,-3.3062249,-8.8864187,0.0051753,-0.0000485,0.0400738
25.6200000,-2.4433471,-3.2052586,-8.9395045,0.0039780,0.0024783,0.0414303
25.6300000,-2.3781382,-3.2343920,-9.0138786,-0.0015788,-0.0013091,0.0326493
25.6400000,-2.3812881,-3.1664521,-8.8140822,0.0028405,0.0035805,0.0375743
25.6500000,-2.4738286,-3.1698549,-8.8652517,0.0128489,-0.0013999,0.0429429
25.6600000,-2.4916263,-3.1754820,-8.9182654,0.0025786,0.0035295,0.0387375
25.6700000,-2.4819835,-3.1861585,-8.9114163,0.0058141,-0.0045581,0.0426490
25.6800000,-2.4666731,-3.1488292,-8.9082760,0.0046511,0.0002220,0.0433946
25.6900000,-2.4086179,-3.2064095,-8.8393465,0.0093178,-0.0015829,0.0361459
25.7000000,-2.4568622,-3.1750649,-8.9050110,0.0042962,-0.0042173,0.0385837
25.7100000,-2.4314201,-3.2822813,-8.9807804,0.0090281,-0.0017952,0.0364391
25.7200000,-2.4796469,-3.2335415,-8.9230212,0.0013246,0.0036944,0.0406082
25.7300000,-2.4414366,-3.1537156,-8.9365876,0.0079370,-0.0003367,0.0464525
25.7400000,-2.4845815,-3.2574148,-8.9435340,0.0047102,0.0007167,0.0421369
25.7500000,-2.3689802,-3.2340201,-8.8885730,0.0073581,0.0011070,0.0406404
25.7600000,-2.4898239,-3.2239877,-8.8896814,0.0036054,-0.0000833,0.0383452
25.7700000,-2.3994244,-3.1966971,-8.9326814,0.0029937,0.0034799,0.0443766
25.7800000,-2.4522780,-3.1785476,-8.9414447,0.0111237,0.0007341,0.0416077
25.7900000,-2.4910097,-3.2183170,-8.9246181,0.0034199,-0.0048756,0.0394214
25.8000000,-2.3911960,-3.3497950,-8.8983560,0.0059330,-0.0034850,0.0431238
25.8100000,-2.4848651,-3.1923116,-8.9116068,0.0055522,0.0032022,0.0455747
25.8200000,-2.4626429,-3.2589787,-8.8350978,0.0078274,-0.0035391,0.0432070
25.8300000,-2.4979273,-3.1713484,-8.9744927,0.0046694,-0.0061507,0.0411371
25.8400000,-2.4852986,-3.1868391,-8.9807201,0.0061140,0.0006748,0.0396736
25.8500000,-2.4841064,-3.1210399,-8.9122173,0.0038912,-0.0011833,0.0384186
25.8600000,-2.4720700,-3.2138967,-8.8338832,0.0030392,0.0020659,0.0361659
25.8700000,-2.6114893,-3.2157466,-8.9423060,0.0012040,0.0042990,0.0425367
25.8800000,-2.4835469,-3.1675473,-8.9281660,0.0104872,-0.0009189,0.0417569
25.8900000,-2.4731854,-3.1377570,-8.8632333,0.0017633,0.0009936,0.0423521
25.9000000,-2.4737115,-3.2617946,-8.8432399,0.0063382,-0.0000911,0.0448202
25.9100000,-2.5193385,-3.2831980,-8.9158067,0.0005856,-0.0050391,0.0363778
25.9200000,-2.5325409,-3.1915031,-8.9143451,0.0095082,-0.0060975,0.0370437
25.9300000,-2.4998206,-3.2656999,-8.9694503,0.0050756,0.0002054,0.0394906
25.9400000,-2.4628124,-3.2063239,-8.9908536,0.0070110,0.0012884,0.0438518
25.9500000,-2.4931170,-3.2549012,-8.9591950,0.0025431,-0.0019554,0.0372435
25.9600000,-2.5249238,-3.1358608,-8.9701316,0.0078455,0.0024123,0.0388329
25.9700000,-2.5888376,-3.1701334,-8.8985830,0.0075693,-0.0019200,0.0394353
25.9800000,-2.5761453,-3.1868189,-8.8475190,0.0010959,0.0018743,0.0369894
25.9900000,-2.4731265,-3.1477998,-8.8771770,-0.0002816,-0.0019161,0.0410957
26.0000000,-2.4916914,-3.1852533,-8.8796817,0.0061832,-0.0006459,0.0376717
26.0100000,-2.4813441,-3.1321872,-8.8155117,0.0000122,0.0024393,0.0445600
26.0200000,-2.3793245,-3.1559251,-8.9590458,0.0067533,0.0003984,0.0381100
26.0300000,-2.5292583,-3.2557794,-8.9311902,0.0032647,-0.0013602,0.0393629
26.0400000,-2.5408094,-3.1591576,-8.9063413,-0.0000765,-0.0019897,0.0380505
26.0500000,-2.5106231,-3.2206333,-8.9036249,0.0029426,0.0045929,0.0433225
26.0600000,-2.5331105,-3.1728281,-8.9503049,0.0060454,-0.0022947,0.0417855
26.0700000,-2.5245724,-3.2604955,-8.9425991,0.0059950,-0.0073869,0.0330549
26.0800000,-2.4924415,-3.1715803,-8.8682473,0.0077804,-0.0002241,0.0398804
26.0900000,-2.5093046,-3.1121640,-8.8528442,0.0044316,-0.0013806,0.0410021
26.1000000,-2.4975998,-3.2948110,-8.8597386,0.0022893,-0.0039828,0.0438537
26.1100000,-2.4672195,-3.1960699,-8.8297857,0.0038321,0.0017656,0.0415021
26.1200000,-2.4820827,-3.2172167,-8.8527086,-0.0003504,-0.0002054,0.0467736
26.1300000,-2.5388621,-3.2637479,-8.8986262,0.0098201,-0.0008383,0.0407153
26.1400000,-2.5963212,-3.1554881,-8.9116330,0.0035617,0.0002938,0.0403737
26.1500000,-2.5364249,-3.1984342,-8.9290003,0.0084792,0.0014399,0.0405997
26.1600000,-2.5903893,-3.1061994,-8.9514445,0.0076834,-0.0014317,0.0394750
26.1700000,-2.6044131,-3.1216865,-8.8921571,0.0018172,0.0041912,0.0373458
26.1800000,-2.5660564,-3.0849227,-8.9053582,0.0061186,-0.0023318,0.0389384
26.1900000,-2.6167604,-3.1794619,-8.8794276,0.0015407,-0.0043812,0.0392387
26.2000000,-2.5337896,-3.2523666,-8.9888375,0.0072725,0.0019032,0.0429657
26.2100000,-2.5730354,-3.2156652,-8.9055213,0.0076139,-0.0002860,0.0409706
26.2200000,-2.6195192,-3.1620789,-8.8173426,0.0085783,-0.0008953,0.0373088
26.2300000,-2.6329428,-3.2053715,-8.9372672,0.0064152,0.0022022,0.0385648
26.2400000,-2.5131066,-3.1802892,-8.8316828,0.0059226,0.0007142,0.0376214
26.2500000,-2.5587551,-3.2141033,-8.9029231,0.0097694,-0.0035322,0.0388679
26.2600000,-2.6120813,-3.1728996,-8.9922035,0.0051529,0.0035872,0.0408377
26.2700000,-2.4907387,-3.3081048,-8.9361256,0.0073188,-0.0002320,0.0369990
26.2800000,-2.4748856,-3.2072035,-8.8693613,0.0063272,0.0017798,0.0385162
26.2900000,-2.5255001,-3.2551555,-8.8757552,0.0084437,0.0018890,0.0388853
26.3000000,-2.6221936,-3.1718026,-8.8969945,0.0018592,0.0006621,0.0361769
26.3100000,-2.6194834,-3.2095378,-8.7986959,0.0045064,0.0018757,0.0449749
26.3200000,-2.5842200,-3.1907880,-8.9149813,0.0047040,-0.0047027,0.0365202
26.3300000,-2.6183971,-3.2433576,-9.0323053,0.0075643,0.0011226,0.0389760
26.3400000,-2.5863860,-3.2189665,-8.8588157,-0.0014854,-0.0013703,0.0385475
26.3500000,-2.5198792,-3.1909042,-8.8932808,0.0119230,0.0041199,0.0392704
26.3600000,-2.5525069,-3.1399158,-8.7995000,-0.0002460,-0.0035128,0.0404903
26.3700000,-2.5123733,-3.1766440,-8.9198093,0.0049160,-0.0018663,0.0396320
26.3800000,-2.4976196,-3.2111060,-8.9170242,0.0068076,0.0008254,0.0387839
26.3900000,-2.5903868,-3.1592461,-8.9664693,0.0045644,-0.0024703,0.0377414
26.4000000,-2.5294133,-3.1516770,-8.9737491,0.0048239,-0.0039853,0.0404916
26.4100000,-2.6035543,-3.1809886,-8.8897881,0.0060741,0.0022074,0.0405418
26.4200000,-2.5852733,-3.1531871,-8.8774304,0.0054334,-0.0027372,0.0428255
26.4300000,-2.6046947,-3.1839314,-8.8757366,0.0003791,0.0013233,0.0390760
26.4400000,-2.5526844,-3.1977458,-8.8934751,0.0066828,0.0020311,0.0443862
26.4500000,-2.5070582,-3.1285969,-8.9395837,0.0024714,-0.0001036,0.0397653
26.4600000,-2.5014916,-3.2450353,-8.9037993,0.0072397,-0.0000059,0.0409954
26.4700000,-2.5182731,-3.1730766,-8.8350749,0.0040571,-0.0027327,0.0444382
26.4800000,-2.5697669,-3.2210592,-8.9415197,-0.0018303,-0.0040437,0.0395261
26.4900000,-2.5797848,-3.2488482,-8.8541887,0.0080337,-0.0025482,0.0382897
26.5000000,-2.6675223,-3.1637505,-8.8224905,0.0057827,0.0017568,0.0407117
26.5100000,-2.5743135,-3.1479325,-8.8993487,0.0022019,-0.0032631,0.0355080
26.5200000,-2.5214095,-3.1918998,-8.8408956,0.0009293,-0.0008972,0.0418010
26.5300000,-2.5812144,-3.1382418,-8.8205348,0.0029030,0.0024384,0.0346358
26.5400000,-2.6752419,-3.1774010,-8.8924854,0.0023396,0.0002012,0.0371456
26.5500000,-2.5492946,-3.1762291,-8.9666540,0.0040092,0.0042982,0.0434040
26.5600000,-2.6599509,-3.2917995,-8.9349740,-0.0000583,0.0058395,0.0331703
26.5700000,-2.5785599,-3.1406842,-8.9348540,0.0054166,0.0023063,0.0416612
26.5800000,-2.5979632,-3.1562614,-8.8484407,0.0014858,0.0003316,0.0429148
26.5900000,-2.6104565,-3.1185313,-8.8428626,0.0071524,-0.0011732,0.0502047
26.6000000,-2.5839983,-3.1788584,-8.9395055,0.0065715,-0.0037883,0.0405025
26.6100000,-2.5548441,-3.1720272,-8.8953007,0.0041302,0.0024046,0.0415994
26.6200000,-2.5225090,-3.1519268,-8.9201160,0.0041018,0.0048263,0.0408063
26.6300000,-2.5744603,-3.2361565,-8.8441794,0.0024293,-0.0060019,0.0410075
26.6400000,-2.6071619,-3.2198183,-8.8574619,0.0037494,0.0011352,0.0415783
26.6500000,-2.6242035,-3.1201269,-8.9251918,0.0057031,0.0008776,0.0445854
26.6600000,-2.6192664,-3.2313209,-8.7682596,0.0033498,0.0016572,0.0431571
26.6700000,-2.5672814,-3.1919566,-8.8516291,0.0061642,-0.0047929,0.0420694
26.6800000,-2.5885593,-3.2419507,-8.9170209,0.0027385,-0.0040705,0.0400895
26.6900000,-2.6335642,-3.1944356,-8.8461352,0.0056297,0.0000768,0.0383649
26.7000000,-2.6425345,-3.2134829,-8.8309059,0.0094181,-0.0025763,0.0357659
26.7100000,-2.5796211,-3.1988286,-8.9063200,0.0027577,0.0008099,0.0372466
26.7200000,-2.5837785,-3.2501996,-8.9468086,0.0094929,0.0021215,0.0405798
26.7300000,-2.7205318,-3.1619863,-8.9444244,0.0068003,0.0010195,0.0370421
26.7400000,-2.6002254,-3.1724553,-8.9089653,0.0005119,-0.0033365,0.0434537
26.7500000,-2.6125305,-3.2103146,-8.8444492,0.0068449,0.0016255,0.0392015
26.7600000,-2.5707374,-3.1697474,-8.8652830,0.0066935,-0.0010047,0.0424021
26.7700000,-2.6515429,-3.2847075,-8.9250590,0.0027000,-0.0002793,0.0412556
26.7800000,-2.5870014,-3.1582030,-8.8953168,0.0081819,-0.0010596,0.0372762
26.7900000,-2.6450938,-3.2052825,-8.8659530,0.0066966,-0.0059710,0.0397445
26.8000000,-2.6436515,-3.1864705,-8.8706146,0.0038348,0.0025816,0.0389164
26.8100000,-2.6723341,-3.1957892,-8.8473178,0.0017363,-0.0014588,0.0390568
26.8200000,-2.6045495,-3.2390188,-8.7707683,0.0033454,-0.0033713,0.0442061
26.8300000,-2.5793760,-3.1672117,-8.9035579,0.0098665,0.0016235,0.0362996
26.8400000,-2.6031935,-3.1827212,-9.0076455,0.0061598,0.0009569,0.0341513
26.8500000,-2.5902304,-3.2314597,-8.8695049,0.0052940,-0.0035103,0.0436407
26.8600000,-2.6171164,-3.1828121,-8.7371890,0.0016870,0.0022914,0.0408940
26.8700000,-2.6374582,-3.2418029,-8.9316484,0.0058082,-0.0048259,0.0390082
26.8800000,-2.7156780,-3.1212746,-8.8511674,0.0026732,-0.0000050,0.0398192
26.8900000,-2.5625367,-3.1400104,-8.7885840,0.0105664,0.0041355,0.0408327
26.9000000,-2.6689346,-3.2918503,-8.9332195,0.0144165,0.0006040,0.0409979
26.9100000,-2.5070138,-3.1673396,-8.9103885,0.0074086,0.0019263,0.0406819
26.9200000,-2.7058562,-3.1758103,-8.8583397,0.0027624,0.0058510,0.0398677
26.9300000,-2.6074427,-3.2029122,-8.8937291,0.0057420,-0.0008728,0.0439250
26.9400000,-2.6209514,-3.1842552,-8.7772666,0.0048772,-0.0018796,0.0395936
26.9500000,-2.5917988,-3.1749567,-8.8660299,0.0046951,-0.0001657,0.0389119
26.9600000,-2.6145454,-3.1853159,-8.8991372,0.0076026,-0.0038516,0.0429785
26.9700000,-2.6455486,-3.1489562,-8.9236171,0.0029378,0.0021422,0.0442121
26.9800000,-2.6077901,-3.1860052,-8.9045765,0.0059716,0.0019706,0.0412196
26.9900000,-2.5841889,-3.2036658,-8.8468393,0.0019801,0.0025283,0.0422970
27.0000000,-2.5939996,-3.2452832,-8.9037564,0.0043415,-0.0012085,0.0364793
27.0100000,-2.6168942,-3.1244061,-8.8920292,-0.0007935,0.0058241,0.0433745
27.0200000,-2.6579581,-3.1789607,-8.8354925,0.0043176,-0.0031806,0.0357160
27.0300000,-2.6560626,-3.1365651,-8.8736161,0.0038257,0.0010420,0.0383977
27.0400000,-2.6693840,-3.1621151,-8.9086635,0.0051415,0.0006811,0.0440742
27.0500000,-2.6936407,-3.1956070,-8.8781739,0.0066649,-0.0024573,0.0470166
27.0600000,-2.6558800,-3.2272576,-8.9074251,0.0063426,-0.0041477,0.0405459
27.0700000,-2.6264399,-3.1427648,-8.8633939,0.0060256,-0.0028210,0.0385190
27.0800000,-2.6256296,-3.2986092,-8.9139528,0.0050177,-0.0026250,0.0392802
27.0900000,-2.6265638,-3.2564196,-8.9547350,0.0112811,0.0025677,0.0413013
27.1000000,-2.7272831,-3.1935114,-8.8405006,0.0042924,-0.0006837,0.0435863
27.1100000,-2.6871650,-3.1622234,-8.8717721,0.0111999,0.0011290,0.0360215
27.1200000,-2.6017174,-3.2587901,-8.8154182,0.0077026,-0.0009281,0.0425557
27.1300000,-2.6506222,-3.1685853,-8.8505737,0.0047050,0.0037645,0.0379982
27.1400000,-2.6612375,-3.2141036,-8.8984824,0.0066185,-0.0011655,0.0385619
27.1500000,-2.6235174,-3.2021272,-8.8680831,0.0042028,-0.0007126,0.0383791
27.1600000,-2.6523192,-3.0742956,-8.8805190,0.0007746,0.0023127,0.0430042
27.1700000,-2.6616447,-3.2299252,-8.9082254,0.0082479,0.0002574,0.0441241
27.1800000,-2.8015945,-3.2488254,-8.8102590,0.0098987,0.0010254,0.0362705
27.1900000,-2.6278477,-3.2059362,-8.8254742,0.0039931,-0.0030573,0.0378608
27.2000000,-2.6854717,-3.1562755,-8.9180541,0.0063829,0.0026225,0.0372920
27.2100000,-2.7520805,-3.1987576,-8.8820832,0.0036384,-0.0017145,0.0455268
27.2200000,-2.6217232,-3.1233265,-8.8090302,0.0054199,-0.0042571,0.0372743
27.2300000,-2.7319697,-3.2260092,-9.0592355,0.0071907,0.0024341,0.0455489
27.2400000,-2.7289495,-3.2181285,-8.9114277,0.0085781,-0.0039602,0.0422304
27.2500000,-2.6052119,-3.1915801,-8.8144763,0.0063573,0.0012619,0.0418180
27.2600000,-2.7624117,-3.1403982,-8.8484474,0.0075731,-0.0008359,0.0437590
27.2700000,-2.5902172,-3.1414581,-8.9343000,0.0068587,0.0004708,0.0387738
27.2800000,-2.6946730,-3.1467369,-8.8472854,0.0054491,0.0000659,0.0439974
27.2900000,-2.7567072,-3.1134628,-8.8652766,0.0048103,-0.0037233,0.0438990
27.3000000,-2.6797754,-3.1380393,-8.8592130,0.0026204,-0.0003444,0.0423580
27.3100000,-2.7337006,-3.2180415,-8.8990795,0.0029248,0.0013243,0.0395776
27.3200000,-2.6822842,-3.0711884,-8.8979519,0.0064923,0.0038968,0.0392087
27.3300000,-2.6957545,-3.1020178,-8.8630943,0.0027112,-0.0006456,0.0392292
27.3400000,-2.7505870,-3.1747409,-8.9108301,0.0016111,0.0013645,0.0440212
27.3500000,-2.6819380,-3.1812834,-8.9793992,0.0034945,0.0017710,0.0437030
27.3600000,-2.5448312,-3.0665973,-8.8705904,0.0088331,0.0006682,0.0447060
27.3700000,-2.6676443,-3.1981203,-8.9100799,0.0036067,0.0028367,0.0408241
27.3800000,-2.6643065,-3.1444797,-8.8431763,0.0059814,-0.0033083,0.0390986
27.3900000,-2.6838816,-3.2293336,-8.9020557,0.0004136,-0.0005680,0.0378323
27.4000000,-2.6534489,-3.1274668,-8.7900394,0.0002918,-0.0016369,0.0376779
27.4100000,-2.7258213,-3.1571304,-8.8327914,0.0034022,0.0021940,0.0385047
27.4200000,-2.6873534,-3.2039567,-8.8439529,0.0035839,0.0011748,0.0399029
27.4300000,-2.6836220,-3.2435182,-8.8613159,0.0042915,-0.0026902,0.0364232
27.4400000,-2.6814841,-3.2908736,-8.9119907,0.0043273,0.0008766,0.0469367
27.4500000,-2.7024796,-3.2390244,-8.9300453,0.0013082,-0.0011186,0.0426726
27.4600000,-2.7132161,-3.2410734,-8.8374684,0.0056536,0.0022650,0.0396462
27.4700000,-2.6597294,-3.1100002,-8.8953577,0.0018631,-0.0027842,0.0358810
27.4800000,-2.6962617,-3.1781272,-8.9344760,0.0085030,0.0031955,0.0377603
27.4900000,-2.7530315,-3.1593731,-8.8019420,0.0064664,0.0010625,0.0428616
27.5000000,-2.7553430,-3.1942744,-8.8829217,0.0031755,-0.0032548,0.0433497
27.5100000,-2.7167050,-3.1456975,-8.9124943,0.0037675,0.0003623,0.0470494
27.5200000,-2.7244508,-3.1796376,-8.8898781,0.0070521,0.0006790,0.0358717
27.5300000,-2.6088663,-3.2193211,-8.7975260,0.0092236,0.0002733,0.0447021
27.5400000,-2.6691547,-3.1365008,-8.7943638,0.0041402,0.0037534,0.0400408
27.5500000,-2.6494416,-3.1541394,-8.8106896,0.0016548,0.0000081,0.0405352
27.5600000,-2.7037018,-3.2482938,-8.8189408,0.0058441,0.0060686,0.0445626
27.5700000,-2.7677900,-3.1960854,-8.8937649,-0.0009278,0.0016515,0.0307620
27.5800000,-2.7554700,-3.1678250,-8.9528214,0.0057780,-0.0009305,0.0438387
27.5900000,-2.6576481,-3.1762887,-8.8092432,0.0047180,-0.0013076,0.0422362
27.6000000,-2.7053249,-3.1300815,-8.9589338,-0.0004049,0.0003217,0.0394537
27.6100000,-2.7074714,-3.1837595,-8.8829611,0.0077065,0.0022123,0.0424095
27.6200000,-2.7441895,-3.1512747,-8.8986656,0.0094004,-0.0088232,0.0399470
27.6300000,-2.6308776,-3.1198996,-8.8437369,0.0094880,0.0014092,0.0360948
27.6400000,-2.7003561,-3.2192121,-8.7677106,0.0042314,0.0010112,0.0404222
27.6500000,-2.6702161,-3.2721585,-8.8752072,0.0042946,0.0009269,0.0371588
27.6600000,-2.7544313,-3.2123052,-8.9036442,0.0106029,-0.0049517,0.0367539
27.6700000,-2.6248140,-3.1495068,-8.8378588,0.0097934,0.0017839,0.0370254
27.6800000,-2.6938338,-3.2147137,-8.8638895,0.0059746,0.0040203,0.0390521
27.6900000,-2.7239504,-3.1773831,-8.8700854,0.0045498,-0.0014284,0.0420989
27.7000000,-2.6841070,-3.2375687,-8.9004277,0.0033986,0.0043894,0.0381561
27.7100000,-2.7319810,-3.2504872,-8.8634628,0.0065739,0.0004281,0.0411580
27.7200000,-2.6752459,-3.1353225,-8.8665580,0.0059683,-0.0006999,0.0365933
27.7300000,-2.7735602,-3.1776458,-8.8702535,0.0052330,-0.0019085,0.0398343
27.7400000,-2.6724851,-3.1534584,-8.7622975,0.0040543,-0.0037329,0.0431214
27.7500000,-2.6919036,-3.1344546,-8.7469355,0.0083958,0.0029195,0.0393737
27.7600000,-2.7232674,-3.1610607,-8.7172967,0.0093104,-0.0031014,0.0354224
27.7700000,-2.7816524,-3.1177026,-8.8583014,0.0018360,0.0014841,0.0351781
27.7800000,-2.7430550,-3.1471389,-8.9469969,0.0049589,-0.0008094,0.0400049
27.7900000,-2.6859054,-3.2365234,-8.7610754,0.0072289,-0.0021029,0.0414411
27.8000000,-2.7199165,-3.1475117,-8.8355084,0.0053323,0.0012568,0.0399988
27.8100000,-2.6792801,-3.2277649,-8.8931846,0.0123927,-0.0057656,0.0408175
27.8200000,-2.7246025,-3.1008496,-8.7995469,0.0061156,-0.0008823,0.0425523
27.8300000,-2.7711531,-3.1555840,-8.8714605,0.0024341,-0.0010823,0.0394194
27.8400000,-2.6882267,-3.1689196,-8.8845717,0.0051402,0.0069293,0.0389532
27.8500000,-2.7405094,-3.2137512,-8.8234700,0.0092784,0.0016373,0.0411119
27.8600000,-2.6999442,-3.1287834,-8.9273389,0.0032689,-0.0012545,0.0398007
27.8700000,-2.7154811,-3.1725378,-8.9247749,0.0063489,0.0009689,0.0422299
27.8800000,-2.7940854,-3.2218939,-8.8485959,0.0007098,0.0010948,0.0459593
27.8900000,-2.7367186,-3.2475968,-8.9028834,0.0005123,0.0040628,0.0344998
27.9000000,-2.7532574,-3.1554876,-8.7691640,0.0016704,-0.0010586,0.0414167
27.9100000,-2.7071778,-3.1727099,-8.9346791,0.0044671,0.0012899,0.0390702
27.9200000,-2.8251944,-3.2144620,-8.8619088,0.0016337,0.0011645,0.0413884
27.9300000,-2.8470558,-3.1560268,-8.8075613,0.0059860,0.0020659,0.0424373
27.9400000,-2.6812590,-3.2683403,-8.8374863,0.0124584,-0.0002930,0.0422745
27.9500000,-2.8192135,-3.1359586,-8.8481924,0.0035519,-0.0021438,0.0418760
27.9600000,-2.7679186,-3.1327641,-8.9027112,0.0062468,0.0021658,0.0376600
27.9700000,-2.7350505,-3.1174160,-8.8060881,0.0037488,0.0024028,0.0418635
27.9800000,-2.7990312,-3.1190352,-8.8601292,0.0020142,0.0022872,0.0382318
27.9900000,-2.7678115,-3.1653020,-8.8620548,0.0013189,-0.0014452,0.0397903
28.0000000,-2.8155435,-3.1326373,-8.8899075,0.0071560,-0.0011067,0.0354478
28.0100000,-2.7916349,-3.1845690,-8.7981868,0.0088096,-0.0021441,0.0385040
28.0200000,-2.7337787,-3.0920028,-8.8475150,0.0057627,-0.0047355,0.0411199
28.0300000,-2.7413222,-3.2185900,-8.8798576,0.0054618,0.0029026,0.0365647
28.0400000,-2.8453532,-3.1644292,-8.9230921,0.0069134,0.0013340,0.0423033
28.0500000,-2.7758609,-3.1176043,-8.8590797,0.0067503,0.0042005,0.0405774
28.0600000,-2.8423839,-3.2038567,-8.8637709,0.0082695,0.0022176,0.0425693
28.0700000,-2.8235324,-3.2530255,-8.9062433,0.0075409,-0.0009915,0.0430140
28.0800000,-2.7443006,-3.1305960,-8.8792892,0.0057494,-0.0025513,0.0363140
28.0900000,-2.7496407,-3.2405417,-8.7929794,0.0007382,0.0008854,0.0439748
28.1000000,-2.7710063,-3.1099376,-8.8579677,0.0084026,0.0002028,0.0381137
28.1100000,-2.7858707,-3.1390223,-8.8863234,0.0015019,-0.0016320,0.0420949
28.1200000,-2.7827685,-3.1239872,-8.8489463,0.0083655,0.0014270,0.0382863
28.1300000,-2.8127144,-3.1602406,-8.8325737,0.0024473,-0.0011328,0.0354843
28.1400000,-2.7928734,-3.2068642,-8.8498120,0.0052294,0.0039585,0.0426050
28.1500000,-2.7716093,-3.1497489,-8.8409512,0.0028981,0.0044966,0.0406318
28.1600000,-2.7526002,-3.1487202,-8.8166561,0.0044890,0.0017542,0.0410178
28.1700000,-2.7373177,-3.0851320,-8.8679907,0.0071617,0.0017594,0.0428670
28.1800000,-2.8142741,-3.0887894,-8.7893475,0.0020185,0.0064725,0.0446056
28.1900000,-2.7428051,-3.1523658,-8.7697510,0.0058911,-0.0021051,0.0397229
28.2000000,-2.8735642,-3.1974434,-8.9079959,0.0039234,-0.0009383,0.0368572
28.2100000,-2.7776966,-3.1557485,-8.8113814,0.0036592,0.0035380,0.0416488
28.2200000,-2.7833228,-3.1098681,-8.8507835,0.0020221,-0.0008894,0.0379695
28.2300000,-2.7876059,-3.1155731,-8.8458225,0.0052810,0.0006021,0.0373707
28.2400000,-2.7788567,-3.1916066,-8.7873963,0.0033493,0.0009354,0.0345803
28.2500000,-2.8626361,-3.1225723,-8.8627583,0.0062653,0.0012159,0.0420703
28.2600000,-2.8201786,-3.1527523,-8.8310279,0.0078214,0.0000130,0.0422204
28.2700000,-2.7919905,-3.1774634,-8.8988333,0.0056015,-0.0016129,0.0473955
28.2800000,-2.6841189,-3.2042894,-8.9221333,0.0015825,0.0006391,0.0437247
28.2900000,-2.8224157,-3.1932801,-8.8651445,0.0021734,-0.0022101,0.0389558
28.3000000,-2.7795979,-3.1825039,-8.8051965,0.0060211,0.0061618,0.0432408
28.3100000,-2.7686875,-3.0875812,-8.8300230,0.0052712,-0.0022122,0.0361115
28.3200000,-2.7186882,-3.1465986,-8.8110596,0.0090022,0.0037030,0.0405528
28.3300000,-2.8792172,-3.0851691,-8.8615939,0.0021228,-0.0014828,0.0398381
28.3400000,-2.8028597,-3.1323212,-8.7425312,0.0010023,-0.0005007,0.0408234
28.3500000,-2.8258035,-3.1181074,-8.8685370,0.0038135,0.0039554,0.0467972
28.3600000,-2.7654134,-3.1959944,-8.8942325,-0.0009729,-0.0028365,0.0348856
28.3700000,-2.8370070,-3.2214737,-8.8787458,0.0059383,0.0026817,0.0374563
28.3800000,-2.7972851,-3.1239013,-8.8757067,0.0020516,-0.0000390,0.0385730
28.3900000,-2.8081065,-3.1247370,-8.8624950,0.0026538,0.0035852,0.0363117
28.4000000,-2.7079920,-3.2331652,-8.7836089,0.0082839,0.0035770,0.0422808
28.4100000,-2.8852522,-3.1231526,-8.7699418,0.0117777,0.0007566,0.0411171
28.4200000,-2.7220020,-3.1409489,-8.7961316,0.0062904,-0.0006257,0.0397256
28.4300000,-2.9170080,-3.2441799,-8.8228220,0.0001707,0.0030485,0.0393336
28.4400000,-2.8714433,-3.1655270,-8.8117707,0.0052596,0.0028311,0.0430961
28.4500000,-2.8291605,-3.1896353,-8.7135781,0.0059209,-0.0002509,0.0425300
28.4600000,-2.9422185,-3.2207781,-8.8226834,0.0065019,0.0006364,0.0383391
28.4700000,-2.8072762,-3.1775576,-8.8422817,0.0099602,-0.0033727,0.0470718
28.4800000,-2.8324801,-3.1979787,-8.8673288,0.0007856,0.0034486,0.0312680
28.4900000,-2.8063085,-3.2339350,-8.8787309,0.0046383,-0.0034675,0.0379064
28.5000000,-2.8487594,-3.1528513,-8.8636748,0.0088402,0.0002823,0.0399213
28.5100000,-2.8021015,-3.0992473,-8.8276312,0.0080124,-0.0017909,0.0425351
28.5200000,-2.7752260,-3.2383138,-8.8177753,0.0031442,0.0023902,0.0384589
28.5300000,-2.9214764,-3.1549619,-8.8727306,0.0062655,-0.0033182,0.0421361
28.5400000,-2.9234422,-3.1562435,-8.8897487,0.0035253,-0.0027246,0.0356155
28.5500000,-2.8986231,-3.1579365,-8.7251403,0.0078100,0.0042174,0.0410938
28.5600000,-2.8986407,-3.2057378,-8.8328505,0.0060248,0.0007825,0.0440444
28.5700000,-2.8408241,-3.2177935,-8.8248304,0.0039444,-0.0032673,0.0415713
28.5800000,-2.7644788,-3.2317361,-8.8967282,0.0026777,-0.0011099,0.0391515
28.5900000,-2.7782504,-3.1833128,-8.7868284,0.0078937,-0.0108664,0.0413253
28.6000000,-2.9500408,-3.1886287,-8.9011550,0.0071492,-0.0019875,0.0439163
28.6100000,-2.8238184,-3.2307895,-8.8314148,0.0068826,-0.0020313,0.0378997
28.6200000,-2.8919712,-3.1921225,-8.9371196,0.0074116,0.0021111,0.0364676
28.6300000,-2.8501763,-3.1534219,-8.8758535,0.0054322,0.0026732,0.0442093
28.6400000,-2.8854971,-3.1147546,-8.9258262,-0.0017577,-0.0072384,0.0433996
28.6500000,-2.8094075,-3.1593490,-8.7905146,0.0087371,0.0011457,0.0425247
28.6600000,-2.8133095,-3.1957138,-8.8072091,0.0064301,0.0069281,0.0416823
28.6700000,-2.8531969,-3.1290504,-8.8111727,0.0031506,-0.0003135,0.0399873
28.6800000,-2.9027402,-3.1992422,-8.8066051,0.0090000,0.0019758,0.0426265
28.6900000,-2.8350087,-3.2106068,-8.8660186,0.0081999,-0.0071582,0.0393605
28.7000000,-2.8058828,-3.2861057,-8.8209358,0.0037755,-0.0002307,0.0387266
28.7100000,-2.9049178,-3.1569005,-8.8745264,0.0033546,0.0050762,0.0391281
28.7200000,-2.8908762,-3.1000731,-8.7979270,0.0038046,0.0000207,0.0478512
28.7300000,-2.8646720,-3.1810292,-8.8412883,0.0104535,0.0012767,0.0456459
28.7400000,-2.9201493,-3.1668968,-8.8087179,0.0086060,0.0018416,0.0387206
28.7500000,-2.8621187,-3.2328466,-8.8081620,0.0084892,0.0010623,0.0382042
28.7600000,-2.8383349,-3.1218093,-8.8439251,0.0010842,-0.0022556,0.0390173
28.7700000,-2.8565608,-3.1755354,-8.9404310,0.0022067,0.0036832,0.0383124
28.7800000,-2.8635785,-3.1990861,-8.8895752,0.0048953,-0.0001650,0.0384955
28.7900000,-2.8519001,-3.0858857,-8.8172164,0.0083517,-0.0004256,0.0403056
28.8000000,-2.9202237,-3.1697425,-8.8807780,0.0078827,0.0033345,0.0344109
28.8100000,-2.9895814,-3.2676105,-8.8114409,0.0042623,0.0019176,0.0436114
28.8200000,-2.9624186,-3.1235588,-8.7585256,0.0053395,-0.0000807,0.0404312
28.8300000,-2.9070056,-3.1943205,-8.8021105,0.0048007,0.0054983,0.0412656
28.8400000,-2.7729158,-3.2196498,-8.9346339,0.0054769,-0.0016814,0.0342272
28.8500000,-2.8444326,-3.1818109,-8.7240560,0.0078858,0.0028024,0.0416428
28.8600000,-2.9575854,-3.1529873,-8.8550811,0.0031978,-0.0002837,0.0394814
28.8700000,-2.8368341,-3.1572084,-8.8759554,0.0079852,-0.0036777,0.0430722
28.8800000,-2.9473031,-3.2501802,-8.8019186,0.0020685,0.0012028,0.0408792
28.8900000,-2.9522183,-3.1836970,-8.7920985,0.0071092,0.0027808,0.0423244
28.9000000,-2.8587731,-3.1682473,-8.8679688,0.0088027,-0.0024188,0.0391065
28.9100000,-2.9928767,-3.1571474,-8.7890743,0.0059275,0.0001397,0.0341204
28.9200000,-2.8444114,-3.1885259,-8.8336035,0.0048192,0.0015024,0.0398348
28.9300000,-2.8968241,-3.2159280,-8.8370604,0.0054503,-0.0023450,0.0384323
28.9400000,-2.8329746,-3.1080755,-8.7318205,0.0020503,-0.0006717,0.0420979
28.9500000,-2.8870786,-3.0662854,-8.8062949,0.0025351,-0.0000448,0.0405966
28.9600000,-2.8480961,-3.1919973,-8.7606470,0.0116981,0.0031344,0.0399620
28.9700000,-2.9585316,-3.0753203,-8.8187045,0.0065377,0.0028275,0.0381888
28.9800000,-2.8910749,-3.1322411,-8.8136367,0.0060148,0.0011758,0.0379140
28.9900000,-2.9284068,-3.1730729,-8.8549771,0.0061279,0.0038308,0.0378343
29.0000000,-2.8444991,-3.1883432,-8.8353148,0.0003295,0.0012341,0.0415008
29.0100000,-2.9331466,-3.1754326,-8.8013355,0.0068338,-0.0118808,0.0336474
29.0200000,-2.8070139,-3.1492792,-8.8545377,0.0043800,0.0008134,0.0396317
29.0300000,-2.9062597,-3.0683424,-8.8779647,0.0033389,0.0046362,0.0398246
29.0400000,-2.8390802,-3.2100589,-8.8564260,0.0057614,0.0056473,0.0416745
29.0500000,-2.8796378,-3.1663116,-8.7821714,-0.0003975,0.0030163,0.0431931
29.0600000,-2.8766558,-3.1960796,-8.8633023,0.0068473,0.0049390,0.0408345
29.0700000,-2.9039908,-3.1125568,-8.8273432,0.0077971,0.0039119,0.0430194
29.0800000,-2.9100049,-3.1848595,-8.8026827,0.0055602,0.0079946,0.0373974
29.0900000,-3.0144512,-3.0616631,-8.8179810,0.0007057,-0.0030549,0.0423907
29.1000000,-2.9423223,-3.2267733,-8.8561863,0.0098595,0.0006838,0.0411190
29.1100000,-2.8516200,-3.2236798,-8.7405192,0.0066201,0.0009960,0.0404990
29.1200000,-2.9670006,-3.1470121,-8.8443807,0.0083384,-0.0006024,0.0403715
29.1300000,-2.8690186,-3.1969220,-8.6856459,0.0068724,0.0013696,0.0400341
29.1400000,-2.9404742,-3.1810245,-8.7679088,0.0029067,0.0036087,0.0311754
29.1500000,-2.8855757,-3.0882714,-8.7968948,0.0047517,-0.0035871,0.0391322
29.1600000,-2.8911693,-3.2219420,-8.9308655,0.0062999,0.0052149,0.0376781
29.1700000,-2.8759908,-3.0913135,-8.8552792,0.0093029,-0.0026658,0.0356525
29.1800000,-3.0410588,-3.1970259,-8.8078588,0.0028492,-0.0013034,0.0398670
29.1900000,-2.8182026,-3.1587503,-8.8018495,0.0018209,-0.0009971,0.0412691
29.2000000,-2.8709565,-3.1166543,-8.7882099,0.0077029,0.0000900,0.0435302
29.2100000,-2.8385130,-3.1373445,-8.7987923,0.0040412,0.0036364,0.0366170
29.2200000,-2.8827606,-3.1493065,-8.8459790,0.0043755,-0.0004101,0.0434220
29.2300000,-2.8894473,-3.1648054,-8.8124994,0.0022902,0.0059214,0.0339929
29.2400000,-2.8929761,-3.1644877,-8.8087347,0.0071065,0.0023421,0.0411113
29.2500000,-2.9386728,-3.2708161,-8.7278476,0.0058980,0.0017055,0.0447428
29.2600000,-2.8321943,-3.0347525,-8.7851576,0.0023918,0.0007931,0.0396926
29.2700000,-2.9569471,-3.1374768,-8.7581481,0.0028909,0.0049303,0.0373836
29.2800000,-2.9370866,-3.1211418,-8.8074399,0.0076032,0.0022132,0.0374158
29.2900000,-2.9914562,-3.1454057,-8.7231039,0.0061696,0.0012925,0.0378010
29.3000000,-2.9682645,-3.2211305,-8.8452089,0.0087440,-0.0029091,0.0420298
29.3100000,-2.8966193,-3.1725836,-8.8161888,-0.0002169,-0.0041224,0.0478072
29.3200000,-2.8990006,-3.1761052,-8.8409026,-0.0025768,-0.0014102,0.0406347
29.3300000,-2.9865029,-3.1427346,-8.8001345,0.0048535,-0.0018503,0.0467436
29.3400000,-3.0226366,-3.1497405,-8.8276185,0.0003737,0.0034616,0.0386187
29.3500000,-2.9833696,-3.1251013,-8.7266894,0.0022912,0.0003075,0.0455604
29.3600000,-2.9167218,-3.1655639,-8.8617428,0.0056517,-0.0042291,0.0389350
29.3700000,-2.9751721,-3.0530180,-8.6860770,-0.0020467,-0.0039500,0.0356657
29.3800000,-2.9763958,-3.2552677,-8.7867486,0.0098714,0.0021890,0.0369803
29.3900000,-2.8971179,-3.1466994,-8.8359968,0.0070040,-0.0006413,0.0403948
29.4000000,-2.9717533,-3.1929341,-8.7901294,0.0092096,0.0033906,0.0405551
29.4100000,-2.9226567,-3.2221497,-8.7334062,0.0065981,0.0024637,0.0410254
29.4200000,-2.9574899,-3.1640548,-8.9088299,0.0020680,-0.0018162,0.0397103
29.4300000,-2.9460254,-3.0583342,-8.7429308,0.0029757,0.0000546,0.0354779
29.4400000,-2.9427440,-3.2212632,-8.8023234,0.0053020,0.0022988,0.0386504
29.4500000,-2.9664723,-3.1884994,-8.8450233,0.0058850,-0.0033393,0.0371640
29.4600000,-3.0211548,-3.1852417,-8.7333038,0.0067294,0.0035508,0.0406189
29.4700000,-2.9922141,-3.1764723,-8.7944033,-0.0023840,-0.0002171,0.0400284
29.4800000,-3.0567524,-3.2356529,-8.9228945,0.0040077,0.0044012,0.0441002
29.4900000,-3.0648228,-3.1091368,-8.8100827,0.0077716,0.0012832,0.0456443
29.5000000,-2.9038113,-3.2059536,-8.7661327,0.0050881,-0.0012914,0.0451274
29.5100000,-3.0233334,-3.1193486,-8.8547665,0.0060077,-0.0013469,0.0402582
29.5200000,-2.9159170,-3.1810274,-8.6513836,0.0030321,0.0013948,0.0378308
29.5300000,-2.9869964,-3.0765852,-8.7710346,0.0064217,0.0040817,0.0361231
29.5400000,-2.8917485,-3.0648508,-8.7798338,0.0093264,0.0037814,0.0380167
29.5500000,-3.0530600,-3.2177078,-8.7892918,-0.0008986,-0.0010059,0.0399779
29.5600000,-2.8984594,-3.1721649,-8.7585202,-0.0026367,0.0006181,0.0404028
29.5700000,-2.9689233,-3.1630540,-8.8278581,0.0022845,-0.0049809,0.0370593
29.5800000,-3.0703333,-3.1862069,-8.8172368,0.0025495,0.0051916,0.0458605
29.5900000,-2.9766088,-3.1779277,-8.9005185,0.0022609,-0.0008999,0.0416478
29.6000000,-2.9154987,-3.1761074,-8.7947115,0.0075181,0.0006981,0.0417441
29.6100000,-2.9318523,-3.1592074,-8.8134883,0.0081972,0.0047834,0.0434274
29.6200000,-2.9836057,-3.2049963,-8.7131720,0.0036774,-0.0008150,0.0404351
29.6300000,-3.0145740,-3.1931008,-8.8009982,0.0091391,0.0067133,0.0372363
29.6400000,-3.0146208,-3.1728671,-8.7296679,0.0027609,0.0016185,0.0402377
29.6500000,-2.9915135,-3.1363023,-8.8051337,0.0063462,-0.0072672,0.0396648
29.6600000,-3.0727658,-3.2235506,-8.7456509,0.0080037,0.0004852,0.0447665
29.6700000,-2.9761811,-3.1490614,-8.8242081,0.0015706,0.0016049,0.0366448
29.6800000,-2.9917373,-3.1498980,-8.8289935,0.0071381,0.0027863,0.0414520
29.6900000,-2.9675220,-3.0532096,-8.7729473,0.0025690,0.0023125,0.0366597
29.7000000,-3.0248484,-3.1732534,-8.7674787,0.0064575,-0.0008431,0.0454021
29.7100000,-2.8530779,-3.1090793,-8.7283265,0.0027111,-0.0005400,0.0397776
29.7200000,-2.9851590,-3.0984355,-8.8172296,0.0065496,0.0014501,0.0360698
29.7300000,-2.8950172,-3.1791131,-8.8035105,0.0072955,-0.0034806,0.0425246
29.7400000,-3.0814220,-2.9938847,-8.7999811,0.0084360,0.0001728,0.0382068
29.7500000,-2.9921077,-3.1538207,-8.8413119,0.0002464,0.0009260,0.0412323
29.7600000,-2.9659878,-3.1398246,-8.7970417,0.0065017,-0.0006756,0.0413806
29.7700000,-3.0133813,-3.0943382,-8.7355372,0.0048182,0.0006720,0.0405427
29.7800000,-2.9091666,-3.0785550,-8.8771289,0.0030071,0.0015722,0.0373017
29.7900000,-2.8773027,-3.0611441,-8.7298998,0.0056472,0.0003277,0.0375980
29.8000000,-2.9600323,-3.0677685,-8.7715217,0.0026974,-0.0010285,0.0388832
29.8100000,-2.9880838,-3.1346558,-8.8927104,0.0069804,-0.0007474,0.0394232
29.8200000,-3.0178659,-3.1620429,-8.7859418,0.0055610,-0.0033300,0.0411187
29.8300000,-2.8402317,-3.1404723,-8.7366035,0.0032765,-0.0050711,0.0418828
29.8400000,-2.9235443,-3.1112275,-8.8296129,0.0074363,0.0047024,0.0448344
29.8500000,-2.9666385,-3.1849606,-8.8241321,0.0046700,-0.0018846,0.0414846
29.8600000,-3.0668947,-3.1311526,-8.8349614,0.0150089,-0.0023889,0.0451603
29.8700000,-2.9382484,-3.1647847,-8.8073583,0.0052632,0.0003918,0.0429690
29.8800000,-3.0525777,-3.0982222,-8.7675902,0.0053776,0.0002725,0.0435106
29.8900000,-3.0230441,-3.1214184,-8.7632003,0.0021947,-0.0003741,0.0397359
29.9000000,-3.0022346,-3.0822274,-8.7909963,0.0013252,0.0002044,0.0361793
29.9100000,-3.0180369,-3.1011772,-8.7511234,-0.0011210,0.0001836,0.0402742
29.9200000,-3.0039653,-3.1274183,-8.7192948,0.0045022,0.0007870,0.0446401
29.9300000,-3.0790767,-3.1451151,-8.7864228,0.0079985,0.0014884,0.0415861
29.9400000,-2.9702862,-3.1673797,-8.8002086,0.0055539,0.0034941,0.0423064
29.9500000,-3.0416459,-3.2235893,-8.7759076,0.0017347,0.0043415,0.0415078
29.9600000,-3.0526344,-2.9662818,-8.7701147,0.0020176,-0.0009102,0.0369957
29.9700000,-2.9676184,-3.1925906,-8.7503274,0.0058209,0.0018603,0.0364278
29.9800000,-3.0523729,-3.1803203,-8.7699001,0.0043315,-0.0033123,0.0375153
29.9900000,-3.0172540,-3.1157297,-8.7838236,0.0057803,-0.0041080,0.0402404
30.0000000,-2.9622303,-3.0889867,-8.7266702,0.0031202,0.0004288,0.0412771
30.0100000,-3.0771612,-3.1020341,-8.7848959,0.0066242,0.0000890,0.0392226
30.0200000,-2.9922239,-3.0688161,-8.7854377,0.0069658,-0.0026908,0.0430249
30.0300000,-3.0406166,-3.1760479,-8.7885958,0.0108431,-0.0008499,0.0395972
30.0400000,-3.0700517,-3.1120881,-8.7723698,0.0050924,-0.0004271,0.0382371
30.0500000,-2.9989148,-3.1241890,-8.7236111,0.0073861,0.0010536,0.0366122
30.0600000,-2.9976904,-3.1361579,-8.7809272,0.0020913,0.0001585,0.0371774
30.0700000,-3.0857628,-3.1218684,-8.7073401,0.0080549,0.0004029,0.0398666
30.0800000,-2.9785706,-3.1105859,-8.7338606,0.0009447,-0.0039563,0.0399290
30.0900000,-3.0383208,-3.0437740,-8.7162988,0.0053621,-0.0006042,0.0391028
30.1000000,-3.0000939,-3.1253002,-8.8467638,0.0088182,0.0020451,0.0359901
30.1100000,-3.0524575,-3.1130657,-8.7407820,0.0062759,-0.0028019,0.0438403
30.1200000,-3.0377039,-3.1416164,-8.7642991,0.0027376,0.0048152,0.0374891
30.1300000,-3.1297862,-3.1439981,-8.7652043,0.0023569,-0.0020490,0.0436399
30.1400000,-3.0829371,-3.0906621,-8.6965648,0.0000368,0.0008389,0.0451360
30.1500000,-2.9771588,-3.1716684,-8.7712511,0.0063590,0.0004825,0.0378092
30.1600000,-3.0295302,-3.1071137,-8.7242459,0.0076665,0.0030791,0.0397505
30.1700000,-3.0375259,-3.1582303,-8.6944752,0.0038486,-0.0046323,0.0431267
30.1800000,-2.9953639,-3.0461339,-8.7674675,0.0089133,-0.0010591,0.0327312
30.1900000,-3.0277720,-3.1487106,-8.8155292,0.0072893,0.0029858,0.0385626
30.2000000,-3.0384315,-3.1137315,-8.7460205,0.0031270,0.0003979,0.0404207
30.2100000,-3.0029944,-3.1596933,-8.8357162,0.0050553,0.0020888,0.0392576
30.2200000,-3.0749760,-3.1302769,-8.7056959,0.0029031,0.0045583,0.0427699
30.2300000,-3.1083384,-3.0790010,-8.7132221,0.0007853,0.0002320,0.0363033
30.2400000,-3.0390697,-3.1549319,-8.7320113,0.0063159,-0.0020533,0.0424017
30.2500000,-3.0526410,-3.1787299,-8.8236429,0.0079548,-0.0028216,0.0402202
30.2600000,-3.1587580,-3.1530698,-8.7959878,0.0078670,0.0015864,0.0404208
30.2700000,-3.1050433,-3.2184887,-8.6912321,0.0048526,0.0032770,0.0406246
30.2800000,-3.0937076,-3.1681167,-8.6888937,0.0054796,-0.0018729,0.0416852
30.2900000,-2.9711373,-3.1073828,-8.7909183,0.0064046,-0.0020042,0.0434381
30.3000000,-3.1212633,-3.0885144,-8.7209478,0.0083614,0.0015836,0.0402185
30.3100000,-3.1321188,-3.2008446,-8.7227515,-0.0010412,-0.0018702,0.0400011
30.3200000,-3.0781944,-3.1178609,-8.8342076,0.0058403,0.0022196,0.0446848
30.3300000,-3.0593159,-3.1233880,-8.7181798,0.0048847,0.0002727,0.0402530
30.3400000,-3.0632567,-3.2226168,-8.7080942,0.0045815,-0.0006537,0.0442783
30.3500000,-3.1104223,-2.9971290,-8.8015902,0.0017003,0.0070120,0.0356785
30.3600000,-3.1523959,-3.2014674,-8.8116197,0.0070260,0.0050823,0.0386355
30.3700000,-3.0337073,-3.1454912,-8.8299403,0.0033901,0.0004837,0.0412258
30.3800000,-2.9704823,-3.1569948,-8.7256373,0.0068372,0.0008548,0.0440173
30.3900000,-3.0450901,-3.1866532,-8.7539973,0.0094154,0.0033779,0.0372751
30.4000000,-3.0496935,-2.9766092,-8.6877449,0.0068195,-0.0043855,0.0428701
30.4100000,-3.0007982,-3.1257090,-8.8246110,0.0015011,0.0024840,0.0420714
30.4200000,-3.0634415,-3.1928916,-8.7410739,0.0043281,0.0004473,0.0404545
30.4300000,-3.0692133,-3.1840534,-8.8224321,0.0067462,0.0022292,0.0422098
30.4400000,-3.0517221,-3.1979053,-8.6791743,0.0094316,0.0027424,0.0421594
30.4500000,-3.0847739,-3.1585612,-8.7201950,0.0016358,0.0011797,0.0424955
30.4600000,-3.0957482,-3.1687424,-8.6977338,0.0051846,-0.0017438,0.0402920
30.4700000,-3.1248920,-3.1034686,-8.8448427,0.0008440,-0.0056231,0.0361048
30.4800000,-3.0551293,-3.1844767,-8.8237451,0.0067505,0.0021444,0.0395146
30.4900000,-3.2178537,-3.1268637,-8.7481380,-0.0069726,-0.0052357,0.0402555
30.5000000,-3.1293689,-3.1893707,-8.6926648,0.0056671,-0.0008657,0.0386746
30.5100000,-2.9775484,-3.1097470,-8.7075659,0.0016490,-0.0050721,0.0409081
30.5200000,-3.0927157,-3.1376648,-8.7945064,0.0085178,-0.0000151,0.0385431
30.5300000,-3.0536560,-3.1249236,-8.6367683,0.0061203,0.0023451,0.0419651
30.5400000,-3.0864756,-3.1564059,-8.7576075,0.0097255,-0.0027556,0.0418044
30.5500000,-3.0974479,-3.1117992,-8.6984458,0.0036847,-0.0012284,0.0407264
30.5600000,-2.9906672,-3.1016618,-8.6414960,0.0050283,0.0004907,0.0406412
30.5700000,-2.9956688,-3.0417054,-8.8675627,0.0041783,0.0029520,0.0405942
30.5800000,-3.0362355,-3.1517748,-8.7052318,0.0044227,0.0021321,0.0355997
30.5900000,-3.1859305,-3.1480274,-8.7099372,0.0078869,-0.0046574,0.0392981
30.6000000,-3.0925820,-3.0696032,-8.7376570,0.0038197,0.0028609,0.0392759
30.6100000,-3.0787152,-3.2146451,-8.7357531,0.0065345,-0.0024927,0.0411519
30.6200000,-3.1309929,-3.1285506,-8.7868867,0.0014899,-0.0020575,0.0392431
30.6300000,-3.0366521,-3.1524120,-8.7137351,0.0109959,0.0019382,0.0400884
30.6400000,-3.1401179,-3.0198219,-8.7069589,-0.0002563,-0.0062727,0.0411980
30.6500000,-3.1498787,-3.1967941,-8.7617458,0.0045131,0.0004992,0.0421444
30.6600000,-3.1096575,-3.1139610,-8.7195301,0.0059208,0.0011813,0.0381253
30.6700000,-3.0837482,-3.1759367,-8.8352226,0.0087915,0.0004833,0.0415265
30.6800000,-3.0975422,-3.0897602,-8.7138846,0.0057440,-0.0026612,0.0389296
30.6900000,-3.0311186,-3.1424157,-8.6985613,0.0036153,-0.0032430,0.0439594
30.7000000,-3.0954849,-3.1315316,-8.6597503,0.0033471,-0.0016515,0.0379814
30.7100000,-3.0645614,-3.1268894,-8.7758913,0.0069987,0.0007634,0.0411363
30.7200000,-3.1077718,-3.1342900,-8.7658948,0.0043910,-0.0022492,0.0440592
30.7300000,-3.0861639,-3.0290703,-8.7736899,0.0043450,-0.0000797,0.0411052
30.7400000,-3.1502496,-3.1780110,-8.8116388,0.0040849,0.0012014,0.0338357
30.7500000,-3.0946635,-3.1403630,-8.7778787,0.0000712,0.0048106,0.0427284
30.7600000,-3.1257758,-3.0927843,-8.7532234,0.0064705,-0.0059487,0.0393913
30.7700000,-3.1341040,-3.1282100,-8.7196488,0.0066051,-0.0015922,0.0381806
30.7800000,-3.0876167,-3.1429003,-8.7319159,0.0052387,0.0036070,0.0435102
30.7900000,-3.0446257,-3.2146253,-8.7514523,0.0068888,0.0031289,0.0375634
30.8000000,-3.1255813,-3.0778733,-8.7427912,0.0088965,0.0032975,0.0404401
30.8100000,-3.1643148,-3.1752708,-8.6950258,0.0064246,-0.0002273,0.0384423
30.8200000,-3.0914536,-3.0985911,-8.7007271,0.0042376,0.0051321,0.0397097
30.8300000,-3.0385454,-3.0834417,-8.7281409,0.0021608,0.0015517,0.0400630
30.8400000,-3.1480003,-3.0923821,-8.6612005,0.0062634,0.0035208,0.0369103
30.8500000,-3.1476113,-3.0382650,-8.6986802,0.0015095,0.0023547,0.0379228
30.8600000,-3.2062971,-3.0247979,-8.7241620,0.0103855,-0.0012494,0.0358253
30.8700000,-3.2156068,-3.1316924,-8.7822911,0.0066069,-0.0012082,0.0416804
30.8800000,-3.0876007,-3.0623196,-8.8120741,0.0072059,-0.0006948,0.0366085
30.8900000,-3.1542027,-3.1594144,-8.7510433,0.0066755,0.0046875,0.0389786
30.9000000,-3.1246870,-3.1238705,-8.6525627,0.0064844,0.0052501,0.0394427
30.9100000,-3.1238785,-3.0767037,-8.7537549,0.0013073,-0.0017886,0.0428190
30.9200000,-3.1207873,-3.1036145,-8.6159772,0.0018789,-0.0036611,0.0415203
30.9300000,-3.1505959,-3.0744587,-8.7745326,0.0032953,0.0015190,0.0430396
30.9400000,-3.2171720,-3.1735314,-8.7476826,0.0075628,-0.0002084,0.0375612
30.9500000,-3.1012748,-3.1762871,-8.6944948,0.0057694,-0.0016889,0.0413185
30.9600000,-3.1494113,-3.0691331,-8.7967967,0.0054264,-0.0037413,0.0446485
30.9700000,-3.1627293,-3.0833520,-8.7145591,0.0066335,0.0057472,0.0440640
30.9800000,-3.1013565,-3.1239274,-8.7591330,0.0085455,-0.0038679,0.0402391
30.9900000,-3.0024016,-3.1374935,-8.7157947,0.0020389,0.0009011,0.0407889
31.0000000,-3.1981821,-3.1195635,-8.7643189,0.0039115,-0.0024351,0.0393011
31.0100000,-3.1175327,-3.1985734,-8.7832326,-0.0003687,-0.0001216,0.0435163
31.0200000,-3.0786200,-3.1245566,-8.7399430,0.0082286,-0.0015569,0.0410677
31.0300000,-3.1423072,-3.0394553,-8.6835978,0.0031051,0.0040922,0.0366586
31.0400000,-3.2053655,-3.0431222,-8.6839354,0.0026235,0.0001257,0.0441895
31.0500000,-3.1782149,-3.0430675,-8.6726095,0.0079611,-0.0005996,0.0369954
31.0600000,-3.0748038,-3.1964992,-8.7261716,0.0008647,-0.0011200,0.0486269
31.0700000,-3.0478300,-3.1377316,-8.7875689,0.0022376,0.0041679,0.0396438
31.0800000,-3.1648986,-3.0887432,-8.7620165,0.0025788,-0.0036644,0.0364440
31.0900000,-3.2385062,-3.0588501,-8.7399277,0.0052610,0.0030783,0.0387821
31.1000000,-3.1080533,-3.1378067,-8.7498569,0.0043814,-0.0003703,0.0351421
31.1100000,-3.1707264,-3.1768554,-8.7936497,0.0064601,-0.0017722,0.0358032
31.1200000,-3.2178721,-3.1419563,-8.6365737,0.0029486,0.0013744,0.0348588
31.1300000,-3.2148578,-3.0444309,-8.6400734,-0.0003939,-0.0066427,0.0384813
31.1400000,-3.1934567,-3.1629461,-8.7265720,0.0065500,0.0017749,0.0384044
31.1500000,-3.1788274,-3.0267541,-8.7929185,0.0018770,-0.0029410,0.0404686
31.1600000,-3.1636983,-3.1155041,-8.7743613,0.0008417,0.0050351,0.0381479
31.1700000,-3.1516938,-3.1530859,-8.8842524,0.0055524,0.0025040,0.0404857
31.1800000,-3.1452662,-3.0855333,-8.6526584,0.0037658,-0.0009028,0.0435024
31.1900000,-3.2581277,-3.0643795,-8.7572867,0.0006693,-0.0012422,0.0371282
31.2000000,-3.2100961,-3.0994031,-8.6995709,0.0061116,-0.0029718,0.0397614
31.2100000,-3.2392636,-3.0767296,-8.7925020,0.0063534,0.0013236,0.0445233
31.2200000,-3.2872092,-3.1252444,-8.6672010,0.0037035,0.0004691,0.0391819
31.2300000,-3.2272206,-3.0745408,-8.8138254,0.0071392,0.0018807,0.0356796
31.2400000,-3.2884775,-3.1165447,-8.8086400,0.0064965,0.0033029,0.0433720
31.2500000,-3.1528740,-3.1019704,-8.7750005,0.0073517,0.0003150,0.0339666
31.2600000,-3.1720229,-3.1601375,-8.6436139,0.0067887,0.0017315,0.0439519
31.2700000,-3.1581234,-3.1362432,-8.7179894,0.0034194,0.0007195,0.0444376
31.2800000,-3.2260664,-3.1433527,-8.7471869,0.0055493,0.0006350,0.0425611
31.2900000,-3.1572988,-3.0732548,-8.7475907,0.0054768,0.0031635,0.0375809
31.3000000,-3.1781610,-3.1380480,-8.7269128,0.0069554,-0.0018215,0.0424042
31.3100000,-3.2179112,-3.1301649,-8.7328705,0.0062282,0.0063808,0.0413254
31.3200000,-3.1857537,-3.1706276,-8.6463027,0.0024286,-0.0012933,0.0398950
31.3300000,-3.1641667,-3.1048134,-8.7396451,0.0033384,0.0011355,0.0386803
31.3400000,-3.2391393,-3.1050452,-8.7364662,0.0081322,-0.0004555,0.0390617
31.3500000,-3.2517570,-3.1196184,-8.7202142,-0.0028322,-0.0029004,0.0389130
31.3600000,-3.2245951,-3.0016072,-8.8648925,0.0014027,-0.0020008,0.0386683
31.3700000,-3.1825055,-3.1106511,-8.7954734,0.0098023,0.0030721,0.0406622
31.3800000,-3.0860041,-3.1101710,-8.6996554,0.0067654,0.0030073,0.0393819
31.3900000,-3.2261273,-3.0438824,-8.7076149,0.0089451,-0.0078370,0.0394898
31.4000000,-3.1422476,-3.1071801,-8.7565551,0.0083070,-0.0002998,0.0419448
31.4100000,-3.2099158,-3.1298114,-8.7823616,0.0055323,0.0051856,0.0373915
31.4200000,-3.2113066,-3.1128610,-8.6709877,0.0019237,-0.0002170,0.0322176
31.4300000,-3.2086129,-3.1243521,-8.7519896,0.0062373,-0.0016477,0.0420223
31.4400000,-3.1770240,-3.1564477,-8.6487678,0.0056734,0.0015107,0.0383965
31.4500000,-3.2177882,-2.9895611,-8.6561995,0.0046007,-0.0056538,0.0392109
31.4600000,-3.1969493,-3.1109405,-8.7144716,0.0043566,0.0014850,0.0438115
31.4700000,-3.1952425,-3.0874456,-8.7172404,0.0059692,-0.0021937,0.0427496
31.4800000,-3.1980196,-3.1418860,-8.7580005,0.0082756,-0.0013343,0.0386681
31.4900000,-3.1877336,-3.0948948,-8.7068374,0.0028260,0.0085072,0.0369228
31.5000000,-3.1755114,-3.0765307,-8.6909269,0.0022403,-0.0022423,0.0418335
31.5100000,-3.2203745,-3.0719501,-8.7636100,0.0073717,0.0064075,0.0361881
31.5200000,-3.1785817,-3.0482400,-8.7418618,0.0069256,0.0010363,0.0329423
31.5300000,-3.2143763,-3.0794157,-8.6631481,-0.0002328,0.0005630,0.0355550
31.5400000,-3.1200298,-3.0493332,-8.6942869,0.0058842,0.0032046,0.0359021
31.5500000,-3.1486512,-3.1098407,-8.8619426,0.0020259,-0.0045242,0.0428186
31.5600000,-3.2112784,-3.0841664,-8.6887229,0.0126433,-0.0009484,0.0331791
31.5700000,-3.1992292,-3.0730256,-8.7107860,0.0017860,-0.0085062,0.0380250
31.5800000,-3.2525676,-3.0566201,-8.6541134,0.0049355,-0.0007661,0.0417421
31.5900000,-3.2029360,-3.1452505,-8.6769480,0.0025538,-0.0020770,0.0408366
31.6000000,-3.1286141,-3.1776816,-8.7440153,0.0078703,0.0066661,0.0367251
31.6100000,-3.2714234,-3.1588744,-8.8114165,0.0041669,-0.0011660,0.0399888
31.6200000,-3.1996053,-3.1583283,-8.6482492,-0.0003586,-0.0003341,0.0451430
31.6300000,-3.2228762,-3.0962426,-8.7083594,0.0015343,-0.0059942,0.0445950
31.6400000,-3.3102627,-3.1754900,-8.6789658,0.0033943,0.0030171,0.0359222
31.6500000,-3.2152052,-3.1206207,-8.6837008,0.0060352,-0.0050719,0.0368289
31.6600000,-3.2152859,-3.1490176,-8.7747602,0.0041202,0.0006781,0.0408539
31.6700000,-3.1369673,-3.1064742,-8.7213838,0.0070668,-0.0013174,0.0418985
31.6800000,-3.1694786,-3.0436478,-8.7902486,0.0037910,-0.0021876,0.0376394
31.6900000,-3.2638072,-3.0473256,-8.7333536,0.0085401,0.0014310,0.0435812
31.7000000,-3.2210609,-3.0693660,-8.6658512,0.0069124,-0.0030288,0.0412623
31.7100000,-3.2802493,-3.0347333,-8.7271191,0.0048213,-0.0001771,0.0387919
31.7200000,-3.2765455,-3.1998046,-8.6750806,0.0090263,-0.0005126,0.0378375
31.7300000,-3.2746073,-3.1314345,-8.6923456,0.0081432,-0.0048624,0.0423730
31.7400000,-3.2194440,-3.0649717,-8.7508215,0.0040255,0.0035750,0.0441895
31.7500000,-3.3188157,-3.1103109,-8.7800147,0.0110199,-0.0042279,0.0398352
31.7600000,-3.2695327,-3.0090980,-8.7158507,0.0072698,0.0021991,0.0423904
31.7700000,-3.2887299,-3.1058004,-8.7020384,0.0030130,0.0004840,0.0382206
31.7800000,-3.2031803,-3.0801126,-8.6562652,0.0048396,0.0016180,0.0368817
31.7900000,-3.2984802,-3.1287727,-8.6884575,0.0058118,0.0049832,0.0382711
31.8000000,-3.2495884,-3.0596965,-8.6821786,0.0035016,0.0014741,0.0412675
31.8100000,-3.2631493,-3.0790317,-8.7545471,0.0030102,-0.0007672,0.0396265
31.8200000,-3.3032666,-3.1098145,-8.6718473,0.0031808,0.0055809,0.0424246
31.8300000,-3.2757437,-3.0266432,-8.8012879,0.0093273,-0.0036397,0.0403295
31.8400000,-3.2633303,-3.1087442,-8.7414796,0.0035411,0.0030130,0.0375608
31.8500000,-3.2145372,-3.0727520,-8.6544228,0.0050112,0.0008551,0.0419760
31.8600000,-3.2980472,-3.0498370,-8.6749131,0.0077348,0.0053509,0.0413056
31.8700000,-3.2769448,-3.0648472,-8.7144684,0.0007643,0.0011704,0.0375283
31.8800000,-3.1819165,-3.0546557,-8.7211288,0.0075253,-0.0025761,0.0405183
31.8900000,-3.2893782,-3.0249764,-8.6860597,0.0117198,-0.0009757,0.0378019
31.9000000,-3.2647119,-3.0627978,-8.6586052,0.0022435,-0.0016287,0.0413284
31.9100000,-3.3786975,-3.1839389,-8.7253186,0.0062787,0.0006528,0.0372197
31.9200000,-3.2995467,-3.1388234,-8.6337713,0.0017597,0.0039249,0.0426384
31.9300000,-3.2071247,-3.0594267,-8.5997896,0.0057694,-0.0007027,0.0389676
31.9400000,-3.2225380,-3.1255001,-8.6873247,0.0051842,0.0027410,0.0385499
31.9500000,-3.3068465,-3.1370155,-8.6689336,0.0055323,-0.0033693,0.0359493
31.9600000,-3.2376726,-2.9913075,-8.7531209,0.0025529,-0.0033151,0.0416236
31.9700000,-3.3165407,-3.1670208,-8.7159256,0.0076987,0.0018987,0.0418026
31.9800000,-3.2886307,-3.1532379,-8.6680169,0.0031876,0.0002983,0.0334948
31.9900000,-3.2447316,-3.1559131,-8.7439612,0.0051146,-0.0033589,0.0399794
32.0000000,-3.2786878,-3.0739899,-8.6381435,0.0071545,0.0033072,0.0375009
32.0100000,-3.2234838,-3.1126779,-8.7402060,0.0075664,0.0011273,0.0391757
32.0200000,-3.3011291,-3.1013790,-8.7395716,0.0079117,0.0032230,0.0381152
32.0300000,-3.3351984,-3.0709104,-8.6352179,0.0045885,-0.0001171,0.0372593
32.0400000,-3.3309162,-3.1428998,-8.7449286,0.0031919,-0.0038720,0.0353397
32.0500000,-3.1917623,-3.1115678,-8.6659459,0.0048157,-0.0024222,0.0410863
32.0600000,-3.2043163,-3.1123475,-8.7262232,0.0037232,0.0065124,0.0376892
32.0700000,-3.3450035,-3.1284527,-8.6347481,0.0056619,0.0013404,0.0387396
32.0800000,-3.2243396,-3.1212142,-8.6645155,0.0098987,0.0015241,0.0382162
32.0900000,-3.3375901,-3.1757448,-8.7594546,0.0081353,-0.0042273,0.0414401
32.1000000,-3.2054196,-3.0740177,-8.6903578,0.0058554,0.0030509,0.0407097
32.1100000,-3.3054827,-3.0416259,-8.6880251,0.0037367,-0.0008549,0.0366364
32.1200000,-3.3111667,-3.0497155,-8.6565233,0.0046532,-0.0033501,0.0337509
32.1300000,-3.2968877,-3.0621882,-8.7773662,0.0045316,0.0024217,0.0408927
32.1400000,-3.3629145,-2.9976472,-8.6223574,0.0040429,-0.0020010,0.0393612
32.1500000,-3.3309361,-3.2270788,-8.7055187,0.0031997,0.0044160,0.0413388
32.1600000,-3.2361310,-3.0728176,-8.6108943,0.0101765,-0.0071767,0.0415387
32.1700000,-3.3715333,-3.1408845,-8.7641042,0.0015145,-0.0004040,0.0355869
32.1800000,-3.2660714,-3.1051181,-8.7407617,0.0033835,-0.0023916,0.0418361
32.1900000,-3.3043096,-3.0589005,-8.6299134,0.0094827,0.0003808,0.0392739
32.2000000,-3.3378990,-3.0303748,-8.6267761,0.0062874,-0.0007489,0.0432276
32.2100000,-3.2981803,-3.0874012,-8.7240930,0.0050837,-0.0019670,0.0397489
32.2200000,-3.3052778,-3.0684059,-8.5693919,0.0046241,-0.0024883,0.0424891
32.2300000,-3.2799472,-3.1257335,-8.6051842,0.0080806,-0.0039425,0.0396026
32.2400000,-3.2634661,-3.1811293,-8.6653520,0.0093623,0.0024353,0.0410493
32.2500000,-3.2439380,-3.0780334,-8.7180273,0.0064036,-0.0041514,0.0400946
32.2600000,-3.2578976,-3.0902352,-8.6834868,0.0010624,0.0013133,0.0371853
32.2700000,-3.3532466,-3.1354000,-8.6981738,0.0071441,0.0006659,0.0393075
32.2800000,-3.2840990,-3.0875419,-8.5894643,0.0117372,0.0041257,0.0442308
32.2900000,-3.3325047,-3.0809009,-8.7100282,0.0020716,-0.0011105,0.0432223
32.3000000,-3.2229864,-2.9963061,-8.6302920,0.0045384,-0.0013862,0.0394450
32.3100000,-3.3840737,-3.0274857,-8.6553509,0.0055695,0.0031528,0.0340825
32.3200000,-3.3820569,-3.1908928,-8.7014873,0.0051599,0.0010305,0.0430072
32.3300000,-3.2706220,-3.1830449,-8.5810086,0.0051647,0.0012995,0.0461188
32.3400000,-3.2583446,-3.1141661,-8.6351382,0.0100149,0.0013131,0.0390086
32.3500000,-3.2119704,-3.0997056,-8.6692947,0.0124688,0.0007221,0.0390674
32.3600000,-3.2604787,-3.1737984,-8.6266847,0.0012047,0.0017743,0.0408215
32.3700000,-3.3655830,-3.0110110,-8.7558866,0.0084931,-0.0036849,0.0429229
32.3800000,-3.3547320,-3.0990106,-8.6387848,0.0043269,0.0016886,0.0407033
32.3900000,-3.2995286,-3.0898133,-8.6590850,0.0051051,-0.0051187,0.0400229
32.4000000,-3.2772688,-3.0780486,-8.6786791,0.0092498,-0.0016446,0.0438018
32.4100000,-3.2895467,-3.1135169,-8.7083944,0.0045468,0.0016020,0.0392112
32.4200000,-3.3099685,-3.0190640,-8.7327709,0.0083665,0.0007023,0.0420274
32.4300000,-3.3309842,-3.0604749,-8.7105523,0.0079976,0.0017069,0.0394602
32.4400000,-3.3566334,-3.0597331,-8.6349477,-0.0006379,-0.0066272,0.0456207
32.4500000,-3.3004322,-3.1081032,-8.6317096,0.0037004,-0.0041420,0.0376126
32.4600000,-3.3124892,-3.1413747,-8.6934546,0.0066211,-0.0024966,0.0388236
32.4700000,-3.3027806,-3.0126473,-8.6762637,0.0006865,-0.0036646,0.0396527
32.4800000,-3.3879359,-3.0667685,-8.6992303,0.0027792,-0.0029206,0.0404010
32.4900000,-3.3747908,-3.1225230,-8.7716938,0.0054796,0.0048333,0.0379014
32.5000000,-3.3129030,-3.1473402,-8.6406559,0.0042514,-0.0034452,0.0375255
32.5100000,-3.3306042,-3.0690842,-8.7007322,-0.0014719,0.0069222,0.0342895
32.5200000,-3.3935899,-2.9215749,-8.6893919,0.0069711,0.0018776,0.0416657
32.5300000,-3.2903255,-3.0508053,-8.7048043,0.0051907,-0.0029000,0.0392295
32.5400000,-3.3702127,-3.0813360,-8.6294375,0.0032776,0.0032058,0.0426144
32.5500000,-3.3483594,-3.0411214,-8.6218563,0.0064937,-0.0046900,0.0389721
32.5600000,-3.3834331,-3.0964036,-8.6676658,-0.0005071,0.0074167,0.0398730
32.5700000,-3.3291939,-3.0905784,-8.7104791,0.0064688,0.0036802,0.0387445
32.5800000,-3.3530356,-3.1138129,-8.7111961,0.0132476,0.0002236,0.0363581
32.5900000,-3.3195961,-3.0110463,-8.7435759,0.0014189,0.0018528,0.0388890
32.6000000,-3.3566069,-3.0973509,-8.6125166,0.0050450,0.0019491,0.0454875
32.6100000,-3.3977368,-3.0839028,-8.6832921,-0.0037031,0.0050569,0.0385605
32.6200000,-3.2001587,-3.1144838,-8.6538305,0.0013100,-0.0045741,0.0430308
32.6300000,-3.3345913,-3.1932512,-8.6227678,0.0029632,0.0004894,0.0418227
32.6400000,-3.3538143,-3.0694086,-8.6351803,0.0052580,-0.0013316,0.0379155
32.6500000,-3.3303594,-3.1584429,-8.5852532,0.0033094,-0.0023131,0.0362619
32.6600000,-3.3732570,-3.1061953,-8.7446659,-0.0001027,0.0000407,0.0418375
32.6700000,-3.3418917,-3.1264643,-8.7094730,0.0073872,0.0016068,0.0353458
32.6800000,-3.3935514,-3.0804309,-8.6982099,0.0043832,0.0000931,0.0433782
32.6900000,-3.3199778,-3.1426880,-8.6915587,0.0056614,-0.0009942,0.0401853
32.7000000,-3.4150869,-3.1020601,-8.6309895,0.0046032,-0.0013316,0.0429767
32.7100000,-3.3327363,-3.0959251,-8.6958831,0.0076920,0.0057298,0.0422560
32.7200000,-3.3888311,-3.0791753,-8.5778278,-0.0035696,0.0062674,0.0456912
32.7300000,-3.3354481,-3.0360607,-8.5781820,0.0091628,-0.0029900,0.0453647
32.7400000,-3.3717012,-3.0283384,-8.5997671,0.0086812,0.0007886,0.0396278
32.7500000,-3.3764790,-3.1326158,-8.6505160,0.0046125,0.0019150,0.0422554
32.7600000,-3.4274003,-3.0955088,-8.6251983,0.0031144,-0.0009955,0.0393024
32.7700000,-3.3045249,-3.1673915,-8.6602715,0.0027280,-0.0045908,0.0375501
32.7800000,-3.3611849,-3.0398751,-8.7724646,0.0034606,0.0011382,0.0360133
32.7900000,-3.3710455,-3.0828854,-8.6496664,0.0062540,-0.0014847,0.0401433
32.8000000,-3.3160455,-3.0699074,-8.6604392,0.0061709,0.0037685,0.0392927
32.8100000,-3.4013749,-3.0320949,-8.7166012,0.0035906,0.0051572,0.0409008
32.8200000,-3.3065014,-3.0242863,-8.6801186,0.0024546,0.0030667,0.0401508
32.8300000,-3.3058408,-3.0902596,-8.6717028,-0.0026471,-0.0006335,0.0368328
32.8400000,-3.3107944,-3.1268467,-8.6682544,0.0061603,-0.0031804,0.0465593
32.8500000,-3.3898075,-2.9898584,-8.6812407,0.0050631,-0.0024234,0.0418617
32.8600000,-3.4185911,-3.2618832,-8.6689190,0.0062773,-0.0028293,0.0382800
32.8700000,-3.3679447,-3.0164545,-8.4945843,0.0033079,0.0007117,0.0391576
32.8800000,-3.3110259,-3.1990254,-8.6932732,0.0068829,0.0052175,0.0386753
32.8900000,-3.4008385,-3.0939905,-8.6374778,0.0071742,-0.0013107,0.0426113
32.9000000,-3.4467612,-3.1388156,-8.6655530,0.0041608,0.0018619,0.0349469
32.9100000,-3.3324797,-3.1077700,-8.7362201,0.0035363,-0.0068703,0.0402980
32.9200000,-3.3343318,-3.0832587,-8.5988861,0.0075413,-0.0004619,0.0429390
32.9300000,-3.3574641,-3.0666620,-8.6750333,0.0080576,0.0005668,0.0411835
32.9400000,-3.4296076,-3.0942107,-8.6650361,0.0052506,0.0022311,0.0399019
32.9500000,-3.4072053,-3.1313396,-8.7000339,0.0047118,0.0007521,0.0388765
32.9600000,-3.4051164,-3.1071823,-8.6809606,0.0043374,-0.0030384,0.0439565
32.9700000,-3.3781452,-3.0477313,-8.6790983,0.0044199,-0.0002055,0.0360029
32.9800000,-3.4219935,-3.0887901,-8.6086836,0.0041196,-0.0040369,0.0371668
32.9900000,-3.3419444,-3.0860502,-8.7112453,0.0007133,0.0041640,0.0386715
33.0000000,-3.4408370,-3.0208240,-8.6826244,0.0047165,-0.0010313,0.0362215
33.0100000,-3.3593035,-3.0724926,-8.6475708,0.0004690,-0.0063508,0.0409262
33.0200000,-3.4436510,-3.1013763,-8.6409555,-0.0033736,0.0015655,0.0446283
33.0300000,-3.4405555,-3.1430577,-8.7330668,0.0028300,0.0031248,0.0433627
33.0400000,-3.5060473,-3.0465290,-8.7402165,0.0106731,-0.0027228,0.0384356
33.0500000,-3.4092387,-3.0060288,-8.6492845,0.0037286,-0.0028700,0.0408900
33.0600000,-3.4044916,-3.0717414,-8.6418540,0.0062388,-0.0011297,0.0402888
33.0700000,-3.4115762,-3.1103701,-8.6827242,0.0075594,-0.0001686,0.0365049
33.0800000,-3.3378750,-3.0889212,-8.7454418,0.0055586,0.0029400,0.0376395
33.0900000,-3.4005675,-2.9978721,-8.6678573,0.0027927,-0.0059728,0.0388293
33.1000000,-3.3571794,-3.0095343,-8.6237552,0.0060284,-0.0069176,0.0373733
33.1100000,-3.4014505,-3.1298560,-8.6929174,0.0113930,0.0002351,0.0363999
33.1200000,-3.4247562,-3.0042592,-8.6886240,0.0070001,0.0000291,0.0364023
33.1300000,-3.4540765,-3.0942522,-8.5738584,0.0048444,0.0030553,0.0383858
33.1400000,-3.3433561,-3.1109079,-8.6465939,0.0037852,0.0027438,0.0392770
33.1500000,-3.3190825,-3.0225923,-8.6687492,0.0062628,-0.0033379,0.0376866
33.1600000,-3.3004970,-3.1201979,-8.6048492,0.0075499,-0.0004880,0.0431302
33.1700000,-3.3895743,-3.0605697,-8.7198074,0.0038370,-0.0017469,0.0374882
33.1800000,-3.5002814,-3.0325965,-8.6158942,0.0063182,0.0052069,0.0364944
33.1900000,-3.4237217,-3.0051312,-8.6564105,0.0006058,-0.0029706,0.0390942
33.2000000,-3.3964569,-3.0922330,-8.6017289,0.0044366,0.0000805,0.0401629
33.2100000,-3.4598154,-3.0212868,-8.7336757,0.0085419,0.0028906,0.0432274
33.2200000,-3.4049978,-3.0457924,-8.6220686,0.0040593,-0.0014368,0.0379553
33.2300000,-3.3976176,-3.0636143,-8.5964165,0.0021289,0.0027882,0.0389989
33.2400000,-3.4412963,-2.9992527,-8.6637650,0.0070720,-0.0007496,0.0408218
33.2500000,-3.4523283,-3.0338660,-8.6488214,0.0033333,0.0015589,0.0474877
33.2600000,-3.4366092,-3.0712001,-8.6234549,0.0034695,0.0050758,0.0366205
33.2700000,-3.3651740,-3.0668723,-8.5984232,-0.0006022,-0.0028426,0.0389704
33.2800000,-3.4894205,-3.1122255,-8.6720938,0.0024796,-0.0006767,0.0376803
33.2900000,-3.5328252,-3.0598038,-8.5754838,0.0007619,0.0023521,0.0431253
33.3000000,-3.3973266,-3.0528698,-8.6201969,-0.0001191,0.0053940,0.0416123
33.3100000,-3.3604697,-3.0493096,-8.6313068,0.0025961,-0.0022159,0.0420769
33.3200000,-3.4370258,-2.9934742,-8.6979649,0.0018528,0.0005956,0.0435838
33.3300000,-3.4626226,-3.0344808,-8.6118950,0.0059533,-0.0026012,0.0413311
33.3400000,-3.4269543,-3.0842537,-8.5747335,0.0070681,-0.0008023,0.0415943
33.3500000,-3.3529595,-3.1645090,-8.6914599,0.0059713,-0.0009326,0.0438029
33.3600000,-3.3598809,-3.1411019,-8.6133544,0.0047478,0.0056314,0.0386094
33.3700000,-3.4541214,-3.1262866,-8.6188507,0.0033802,-0.0029408,0.0425796
33.3800000,-3.4428613,-3.0467169,-8.6444093,0.0112283,-0.0030019,0.0438095
33.3900000,-3.4515562,-3.1495524,-8.6040270,0.0037634,-0.0005716,0.0427622
33.4000000,-3.4072863,-3.1698660,-8.6273216,0.0058354,-0.0028666,0.0419032
33.4100000,-3.4325050,-3.0461020,-8.6142666,0.0052941,0.0008500,0.0355473
33.4200000,-3.4506853,-3.1355443,-8.6849146,0.0084409,-0.0036054,0.0366344
33.4300000,-3.5512317,-3.0589991,-8.6200151,0.0066328,-0.0003810,0.0402323
33.4400000,-3.4954750,-3.0219746,-8.6599166,0.0066649,0.0003616,0.0381820
33.4500000,-3.4100000,-3.0521845,-8.6437156,0.0090010,0.0023165,0.0410387
33.4600000,-3.4161896,-3.0571510,-8.5906244,0.0067356,-0.0042071,0.0384203
33.4700000,-3.3845540,-3.0763843,-8.6514111,0.0032056,-0.0009682,0.0384556
33.4800000,-3.5223757,-2.9482740,-8.6782356,0.0086305,-0.0030025,0.0439563
33.4900000,-3.4486866,-3.0672709,-8.6872828,0.0094257,-0.0058478,0.0372384
33.5000000,-3.4973834,-2.9659658,-8.5947539,0.0037472,0.0033240,0.0422304
33.5100000,-3.4954927,-3.0859156,-8.6191209,0.0070988,-0.0006375,0.0438817
33.5200000,-3.4697206,-3.0945616,-8.5560617,0.0043941,-0.0011388,0.0424935
33.5300000,-3.3967187,-2.9746787,-8.5628878,0.0070023,-0.0030661,0.0354710
33.5400000,-3.4431986,-3.0454892,-8.6513550,0.0046953,-0.0010260,0.0329061
33.5500000,-3.4747667,-2.9836724,-8.6532077,0.0049020,0.0003002,0.0393368
33.5600000,-3.5253502,-3.0994245,-8.6371937,0.0087813,-0.0012826,0.0415293
33.5700000,-3.4277892,-3.1075327,-8.6070515,0.0052142,-0.0013061,0.0434996
33.5800000,-3.5300375,-3.1230989,-8.6070867,0.0024135,0.0007336,0.0382683
33.5900000,-3.4574307,-3.0408323,-8.6324105,0.0068707,0.0009582,0.0398794
33.6000000,-3.4949512,-2.9433244,-8.6636512,0.0053918,-0.0049968,0.0410655
33.6100000,-3.4544759,-3.0743408,-8.6648102,0.0048353,0.0004042,0.0425400
33.6200000,-3.4684114,-3.0136336,-8.5909607,0.0082389,0.0050746,0.0382905
33.6300000,-3.5125313,-3.1080922,-8.6730074,0.0048522,-0.0007474,0.0451158
33.6400000,-3.4753660,-3.0388765,-8.6378397,0.0042178,-0.0003802,0.0362559
33.6500000,-3.4963061,-2.9863852,-8.6197141,0.0000349,0.0008122,0.0368434
33.6600000,-3.4694632,-3.0908540,-8.5576812,0.0090785,-0.0008224,0.0382042
33.6700000,-3.3589128,-3.0529841,-8.6913121,0.0037134,0.0011729,0.0423435
33.6800000,-3.4147136,-3.0808992,-8.5738012,0.0050243,-0.0013013,0.0400293
33.6900000,-3.4711563,-3.0377952,-8.6628565,0.0067215,0.0000112,0.0408246
33.7000000,-3.4975968,-3.0609484,-8.5654279,0.0085561,0.0013020,0.0432661
33.7100000,-3.4775679,-3.0604683,-8.5529993,0.0069895,0.0052820,0.0437870
33.7200000,-3.4001348,-3.0880313,-8.6000501,0.0034966,0.0049275,0.0420422
33.7300000,-3.4480814,-3.0974982,-8.6376718,0.0051096,-0.0044784,0.0370666
33.7400000,-3.4293476,-3.1064511,-8.6866568,0.0072623,0.0010256,0.0412893
33.7500000,-3.5005418,-3.1207299,-8.5910403,0.0020358,0.0040419,0.0399926
33.7600000,-3.4356247,-3.0628608,-8.6805695,0.0030341,-0.0006920,0.0363574
33.7700000,-3.4772551,-3.0106468,-8.6399858,-0.0014927,-0.0029709,0.0377932
33.7800000,-3.5601058,-3.0998252,-8.6359218,0.0047126,0.0020481,0.0423953
33.7900000,-3.5534359,-3.0268247,-8.7602448,0.0054676,0.0053611,0.0449704
33.8000000,-3.5415540,-3.0335970,-8.5858159,0.0089126,0.0033015,0.0425771
33.8100000,-3.3812830,-3.0675664,-8.6746712,0.0047193,-0.0051239,0.0386213
33.8200000,-3.4300190,-3.0956613,-8.5965263,0.0080283,-0.0022214,0.0346734
33.8300000,-3.4650587,-3.0674908,-8.6755693,0.0022933,-0.0023409,0.0412292
33.8400000,-3.5020875,-3.1077688,-8.5784743,0.0060416,0.0007273,0.0398183
33.8500000,-3.4736351,-3.0449335,-8.6265522,0.0070070,0.0007910,0.0385393
33.8600000,-3.4256547,-3.0785729,-8.6158841,0.0037817,-0.0043408,0.0465108
33.8700000,-3.4630727,-3.0951100,-8.5541932,0.0042892,0.0047720,0.0405703
33.8800000,-3.4796358,-2.9718331,-8.5617030,0.0048289,0.0007088,0.0427680
33.8900000,-3.5120184,-2.9683113,-8.6271493,0.0057230,-0.0024241,0.0353688
33.9000000,-3.4491619,-3.0087992,-8.5449300,0.0076406,-0.0069592,0.0399942
33.9100000,-3.5192442,-3.0251597,-8.6510544,0.0008122,0.0064367,0.0400015
33.9200000,-3.5081569,-3.1131711,-8.6081856,0.0023176,-0.0009082,0.0352496
33.9300000,-3.5701962,-3.1132015,-8.6109245,0.0073851,0.0006249,0.0398023
33.9400000,-3.4853371,-3.0719255,-8.6030530,0.0023119,-0.0009896,0.0420339
33.9500000,-3.5553746,-3.0069250,-8.5841184,0.0011791,-0.0012653,0.0388198
33.9600000,-3.5119491,-2.9789699,-8.5762306,0.0053328,-0.0008789,0.0386260
33.9700000,-3.5245887,-2.9965213,-8.6969737,0.0015126,0.0001144,0.0372241
33.9800000,-3.4540431,-3.1142697,-8.6260461,0.0020867,-0.0002245,0.0428383
33.9900000,-3.5068826,-3.0662490,-8.6847334,0.0028850,0.0008351,0.0409422
34.0000000,-3.5867785,-3.0453588,-8.6048875,0.0039910,0.0015228,0.0423085
34.0100000,-3.4075173,-3.0260824,-8.5640472,0.0064939,0.0025657,0.0445502
34.0200000,-3.4515086,-3.1013379,-8.6226616,0.0020023,-0.0005252,0.0395149
34.0300000,-3.5248383,-3.0750458,-8.6067763,0.0042203,-0.0000946,0.0373957
34.0400000,-3.4375414,-3.0563247,-8.6287898,0.0030023,-0.0017407,0.0395168
34.0500000,-3.4803055,-2.9931651,-8.6983942,-0.0014108,-0.0001959,0.0361439
34.0600000,-3.5531704,-3.0970163,-8.6544823,-0.0002574,-0.0022671,0.0432898
34.0700000,-3.4347681,-3.0600453,-8.6576013,0.0026397,-0.0009118,0.0427944
34.0800000,-3.4946295,-3.0362720,-8.6390630,0.0024885,-0.0024453,0.0401943
34.0900000,-3.5018898,-3.0423969,-8.6617844,0.0065006,0.0015064,0.0385628
34.1000000,-3.5536335,-3.0730088,-8.6657345,0.0021155,-0.0025646,0.0375936
34.1100000,-3.4788475,-2.9745214,-8.6140653,0.0041224,0.0017789,0.0407356
34.1200000,-3.4829633,-2.9771472,-8.6541657,0.0067299,-0.0008923,0.0408045
34.1300000,-3.4974154,-3.0253205,-8.5645877,0.0080106,-0.0004943,0.0362057
34.1400000,-3.5161609,-3.1634593,-8.6071962,0.0049136,-0.0049492,0.0358841
34.1500000,-3.5699921,-3.0787869,-8.6387346,0.0045948,-0.0013894,0.0360334
34.1600000,-3.4626923,-3.0671242,-8.5821385,-0.0004176,-0.0012433,0.0349606
34.1700000,-3.4786602,-3.0812495,-8.6220388,0.0074452,0.0002279,0.0413287
34.1800000,-3.5505231,-3.0877009,-8.6676298,0.0067088,0.0005581,0.0386859
34.1900000,-3.6066875,-3.0279965,-8.6226968,-0.0006084,0.0024005,0.0413581
34.2000000,-3.5765807,-3.1220573,-8.6006432,0.0045114,0.0028711,0.0366193
34.2100000,-3.4450405,-3.1058752,-8.5940675,0.0081539,-0.0019600,0.0422412
34.2200000,-3.5406501,-3.2423539,-8.6154201,0.0092625,-0.0002946,0.0393604
34.2300000,-3.5331258,-2.9676253,-8.5883691,0.0024351,-0.0049275,0.0415805
34.2400000,-3.4708179,-3.0208262,-8.5171501,0.0066397,-0.0019004,0.0427097
34.2500000,-3.5987274,-3.0264119,-8.6632825,0.0043740,-0.0034835,0.0419522
34.2600000,-3.5281623,-2.9999145,-8.6601598,0.0043833,-0.0007625,0.0423237
34.2700000,-3.5153854,-3.0370994,-8.5566995,0.0032443,-0.0035246,0.0364593
34.2800000,-3.5192601,-3.0684055,-8.5276270,0.0016546,-0.0009608,0.0374285
34.2900000,-3.6980147,-3.0226317,-8.6459674,0.0070837,-0.0002951,0.0437130
34.3000000,-3.5573449,-3.0475977,-8.6102508,0.0102611,-0.0055239,0.0407450
34.3100000,-3.5048955,-3.0639755,-8.6394109,0.0075341,0.0012895,0.0402558
34.3200000,-3.5326696,-3.0082065,-8.5761638,0.0028673,-0.0019967,0.0419255
34.3300000,-3.5597233,-3.0430850,-8.6627640,0.0027374,-0.0047704,0.0351687
34.3400000,-3.4957158,-2.9880073,-8.6587344,0.0071285,-0.0031204,0.0388250
34.3500000,-3.5511995,-3.0195741,-8.7157493,0.0037626,0.0034995,0.0431514
34.3600000,-3.4931193,-3.0450919,-8.5346464,0.0029309,-0.0044538,0.0416712
34.3700000,-3.5500912,-3.0393748,-8.5580168,0.0024133,0.0033562,0.0356156
34.3800000,-3.5391608,-3.0888854,-8.5846880,-0.0000714,-0.0028589,0.0418538
34.3900000,-3.6182331,-2.9990071,-8.6013942,0.0053510,0.0014710,0.0416938
34.4000000,-3.5303683,-2.9647329,-8.5818546,0.0048429,-0.0002713,0.0416460
34.4100000,-3.6197527,-3.0151360,-8.6154876,0.0058600,-0.0020837,0.0433713
34.4200000,-3.6033802,-3.0328974,-8.5913225,0.0043661,-0.0000927,0.0383619
34.4300000,-3.6331015,-3.0470082,-8.6625050,0.0045356,-0.0003623,0.0373433
34.4400000,-3.5871628,-3.1373773,-8.5305600,0.0011667,-0.0020240,0.0381444
34.4500000,-3.5409470,-3.0090017,-8.6426865,0.0069683,0.0015865,0.0377523
34.4600000,-3.5220232,-3.1045166,-8.6175672,0.0023135,0.0031714,0.0411436
34.4700000,-3.5807072,-3.1298072,-8.5604498,0.0046750,-0.0001839,0.0350008
34.4800000,-3.5556749,-3.0425551,-8.5891015,0.0030402,-0.0023196,0.0460943
34.4900000,-3.6312206,-3.0505326,-8.4961154,0.0054859,-0.0015335,0.0408282
34.5000000,-3.6023218,-3.0933371,-8.6099131,0.0081328,-0.0013411,0.0443194
34.5100000,-3.6392483,-2.9775360,-8.6316539,0.0024679,-0.0054655,0.0383443
34.5200000,-3.4853574,-3.0624850,-8.5149241,0.0067069,-0.0037847,0.0383310
34.5300000,-3.5828983,-3.0519823,-8.5492397,0.0101014,-0.0006844,0.0364272
34.5400000,-3.6077412,-3.0219736,-8.5506535,0.0039105,0.0017143,0.0414514
34.5500000,-3.5767993,-3.0363202,-8.5659543,0.0068326,-0.0036275,0.0395900
34.5600000,-3.6289917,-3.0197494,-8.5672661,0.0025088,0.0002638,0.0367767
34.5700000,-3.6230475,-2.9732071,-8.5579366,0.0047666,0.0065882,0.0397216
34.5800000,-3.5727812,-3.0756396,-8.6013601,0.0034792,0.0003596,0.0368953
34.5900000,-3.6279121,-3.0422608,-8.6639851,0.0086434,0.0050705,0.0410496
34.6000000,-3.5112030,-3.0371319,-8.5208732,0.0111915,0.0024938,0.0430696
34.6100000,-3.6760482,-3.0191143,-8.6408897,0.0028114,-0.0046513,0.0410350
34.6200000,-3.5963790,-3.0454981,-8.5559024,0.0007526,-0.0031569,0.0389873
34.6300000,-3.6918638,-2.9518758,-8.4920080,0.0050156,-0.0014539,0.0377784
34.6400000,-3.5538331,-2.9521960,-8.6627633,0.0097458,0.0002121,0.0409388
34.6500000,-3.5817365,-3.0707136,-8.5555247,0.0042579,-0.0007426,0.0385979
34.6600000,-3.6307869,-2.9053403,-8.5768772,0.0030718,0.0001734,0.0416307
34.6700000,-3.6626168,-3.0727874,-8.5942295,0.0064347,-0.0015416,0.0413502
34.6800000,-3.5525081,-2.9910561,-8.5116125,0.0121909,0.0004172,0.0371241
34.6900000,-3.6077967,-3.0600257,-8.5570032,0.0031724,0.0036078,0.0427962
34.7000000,-3.6845829,-3.0036329,-8.5630212,0.0006263,-0.0009450,0.0355821
34.7100000,-3.6609713,-2.9985610,-8.6270122,0.0003937,0.0026604,0.0432872
34.7200000,-3.5798729,-3.0847079,-8.5798458,0.0029660,-0.0019333,0.0383625
34.7300000,-3.5879558,-3.0369332,-8.6038396,0.0132326,-0.0002827,0.0434839
34.7400000,-3.4334127,-3.0573543,-8.5771227,0.0035370,0.0033103,0.0409075
34.7500000,-3.6647198,-2.9893013,-8.5986169,0.0078712,-0.0046653,0.0419715
34.7600000,-3.6413497,-3.0093017,-8.5630120,0.0083516,-0.0079750,0.0382735
34.7700000,-3.6254123,-3.0890709,-8.6089409,0.0103161,0.0017647,0.0405820
34.7800000,-3.5227129,-3.0233031,-8.5714243,0.0041130,0.0017181,0.0357386
34.7900000,-3.5462902,-3.0287806,-8.4516211,0.0070717,0.0022500,0.0389393
34.8000000,-3.6742753,-3.0559026,-8.5982729,0.0063295,0.0002531,0.0393187
34.8100000,-3.6218738,-3.0884815,-8.5141380,0.0029448,-0.0031845,0.0350416
34.8200000,-3.5707001,-3.0087643,-8.5474578,0.0041918,-0.0023765,0.0424252
34.8300000,-3.5153873,-2.9908229,-8.5630519,0.0096563,0.0093179,0.0371596
34.8400000,-3.5805821,-2.9138789,-8.6318909,0.0089001,-0.0049893,0.0359427
34.8500000,-3.6021901,-3.0068125,-8.5796504,0.0067514,0.0012017,0.0378502
34.8600000,-3.5650497,-3.1861887,-8.5207690,0.0034165,0.0077899,0.0352696
34.8700000,-3.6238575,-3.1591997,-8.5904446,0.0016799,0.0026147,0.0386377
34.8800000,-3.5796753,-3.1050032,-8.5446747,0.0086812,0.0009059,0.0406090
34.8900000,-3.6059395,-2.9594029,-8.5877602,0.0085322,0.0041512,0.0393867
34.9000000,-3.6510319,-2.9372300,-8.6502258,0.0055765,-0.0011278,0.0362904
34.9100000,-3.6518537,-2.9583454,-8.6009569,0.0007132,0.0014828,0.0440778
34.9200000,-3.6069456,-3.0081810,-8.5098932,0.0041807,0.0029853,0.0409333
34.9300000,-3.6393681,-3.0414223,-8.6670973,0.0057369,0.0013794,0.0438665
34.9400000,-3.6240001,-3.0176565,-8.5965535,0.0029801,-0.0025771,0.0411688
34.9500000,-3.6048062,-3.1109893,-8.5303908,0.0036978,0.0005045,0.0412842
34.9600000,-3.6327761,-3.0087572,-8.6301334,0.0056795,0.0007577,0.0413176
34.9700000,-3.4787671,-3.0171624,-8.5278191,0.0069509,0.0026372,0.0424871
34.9800000,-3.6768329,-3.0536301,-8.4615960,0.0006540,0.0017886,0.0382582
34.9900000,-3.6606455,-3.0963209,-8.5909042,0.0108667,0.0023086,0.0418620
35.0000000,-3.6574935,-3.0882618,-8.6293598,0.0051355,0.0031186,0.0432138
35.0100000,-3.7013794,-3.0655957,-8.5186808,0.0058295,-0.0009162,0.0404536
35.0200000,-3.6180904,-2.9882561,-8.6113902,0.0069210,-0.0029655,0.0437639
35.0300000,-3.6425120,-3.0735600,-8.5878002,0.0089816,0.0040822,0.0405136
35.0400000,-3.5808700,-3.0032372,-8.5678388,0.0017468,-0.0009418,0.0379568
35.0500000,-3.6873633,-3.1235087,-8.5907961,0.0065726,-0.0002570,0.0449964
35.0600000,-3.7379644,-3.0677660,-8.5176211,0.0071645,-0.0024198,0.0392848
35.0700000,-3.5880989,-3.0920097,-8.5133541,-0.0017643,0.0021545,0.0420100
35.0800000,-3.6210998,-3.1031319,-8.5765478,0.0072681,-0.0026181,0.0422001
35.0900000,-3.6153975,-3.0057063,-8.5216767,0.0080393,-0.0009134,0.0443465
35.1000000,-3.6745484,-3.0368469,-8.4967720,0.0049046,-0.0025673,0.0419702
35.1100000,-3.5514767,-3.0398767,-8.4843010,0.0069831,-0.0009993,0.0408713
35.1200000,-3.6887641,-2.9739267,-8.6526805,0.0041700,0.0024355,0.0379555
35.1300000,-3.6546879,-3.0425075,-8.5864145,0.0046108,-0.0030928,0.0363894
35.1400000,-3.5879385,-3.0529028,-8.5859260,0.0003065,0.0073015,0.0404722
35.1500000,-3.7257903,-3.0761409,-8.6288927,0.0082117,-0.0006458,0.0468125
35.1600000,-3.5933822,-3.0145650,-8.5364315,0.0053069,0.0009753,0.0382718
35.1700000,-3.6671030,-3.0395734,-8.4690434,0.0001951,0.0027152,0.0394090
35.1800000,-3.6850678,-3.0983032,-8.5732737,0.0018124,-0.0036280,0.0418255
35.1900000,-3.6626177,-3.0156031,-8.4852992,0.0051974,0.0031355,0.0398932
35.2000000,-3.7192159,-3.0135934,-8.5867519,0.0103288,-0.0029486,0.0384720
35.2100000,-3.7338790,-3.0752210,-8.5899469,0.0058477,-0.0031067,0.0406250
35.2200000,-3.6453096,-3.1145716,-8.6152556,0.0082424,-0.0001800,0.0419324
35.2300000,-3.6834146,-3.0746291,-8.4837308,0.0046998,-0.0001895,0.0451986
35.2400000,-3.6687440,-3.0304519,-8.5593914,0.0094834,-0.0035270,0.0370472
35.2500000,-3.6533701,-3.0761851,-8.5361572,0.0041422,0.0061343,0.0430782
35.2600000,-3.6941478,-3.0630472,-8.5027104,0.0100780,0.0036282,0.0432944
35.2700000,-3.7061455,-2.9842172,-8.5441226,0.0033538,-0.0026459,0.0389443
35.2800000,-3.6354374,-3.0760338,-8.4496988,0.0074861,-0.0040614,0.0414824
35.2900000,-3.6582569,-2.9442472,-8.4783442,0.0057612,-0.0008929,0.0453122
35.3000000,-3.6341138,-3.0467630,-8.5358519,0.0071461,0.0027743,0.0433178
35.3100000,-3.7238948,-3.0179008,-8.5478364,0.0033562,-0.0038243,0.0360709
35.3200000,-3.6890496,-3.0175650,-8.4951508,0.0028138,0.0070663,0.0418516
35.3300000,-3.6380413,-2.9714084,-8.5906962,0.0055862,0.0010843,0.0389890
35.3400000,-3.6520763,-2.9809399,-8.6214283,0.0024982,-0.0000501,0.0371923
35.3500000,-3.6861221,-3.0130456,-8.5158796,0.0030545,-0.0034984,0.0396240
35.3600000,-3.6228800,-3.0166506,-8.5364771,0.0062794,0.0069324,0.0372142
35.3700000,-3.7391231,-3.0207241,-8.4977199,0.0120016,-0.0046201,0.0454089
35.3800000,-3.7278989,-3.0032499,-8.4868280,0.0090517,-0.0008739,0.0426403
35.3900000,-3.6787233,-3.0242968,-8.5653818,0.0036362,-0.0015535,0.0346072
35.4000000,-3.7105996,-3.1529264,-8.5336515,0.0112862,-0.0005284,0.0407413
35.4100000,-3.7542883,-3.0231513,-8.6074240,0.0091411,0.0011780,0.0340235
35.4200000,-3.6868451,-3.0340283,-8.5808450,0.0059346,-0.0018876,0.0406374
35.4300000,-3.7314386,-2.9601123,-8.5611412,0.0010367,0.0042767,0.0376140
35.4400000,-3.6539935,-2.8685996,-8.5663676,0.0051628,-0.0034332,0.0389392
35.4500000,-3.7214586,-3.0567203,-8.5543818,0.0085428,-0.0016144,0.0391750
35.4600000,-3.6134904,-3.0660491,-8.5480610,0.0034805,0.0024715,0.0438429
35.4700000,-3.6790997,-3.1018834,-8.5507400,0.0034381,0.0039851,0.0393632
35.4800000,-3.7334524,-3.0085984,-8.5541316,-0.0010024,-0.0002165,0.0397681
35.4900000,-3.7284835,-3.1087841,-8.5296061,0.0043621,-0.0049685,0.0459452
35.5000000,-3.6777113,-2.9185389,-8.5450794,0.0054655,-0.0022240,0.0419385
35.5100000,-3.6852568,-3.0416993,-8.5511019,0.0032700,-0.0029516,0.0345795
35.5200000,-3.6261469,-3.0049636,-8.5150282,-0.0021429,0.0022545,0.0397931
35.5300000,-3.6395256,-3.1020309,-8.5244869,0.0033407,-0.0008296,0.0351052
35.5400000,-3.6795475,-2.9332967,-8.5568201,0.0042492,0.0021756,0.0332461
35.5500000,-3.6546962,-2.9981438,-8.5152805,0.0099106,-0.0005559,0.0407236
35.5600000,-3.5821415,-2.9999233,-8.5078526,0.0043372,0.0052136,0.0409233
35.5700000,-3.7075048,-3.0869065,-8.5506403,0.0049994,0.0037552,0.0404518
35.5800000,-3.6585985,-3.0303937,-8.6397442,0.0022904,0.0013463,0.0376880
35.5900000,-3.7040147,-3.0350125,-8.5491768,0.0035323,0.0014097,0.0403079
35.6000000,-3.6644468,-2.9668532,-8.6386009,0.0069199,0.0024510,0.0447907
35.6100000,-3.6117264,-2.9996129,-8.6077984,0.0026420,-0.0004632,0.0404436
35.6200000,-3.6366372,-3.0050711,-8.5059063,0.0057911,0.0009042,0.0385872
35.6300000,-3.7246444,-2.9872330,-8.4854957,0.0072551,0.0040486,0.0448773
35.6400000,-3.6562012,-2.9453236,-8.4668479,0.0036915,-0.0022693,0.0398716
35.6500000,-3.8274252,-3.0475889,-8.5078185,0.0081713,-0.0012548,0.0361123
35.6600000,-3.7138156,-3.0314706,-8.5414975,0.0058082,0.0011543,0.0380566
35.6700000,-3.8343047,-3.1186143,-8.5276927,0.0041221,-0.0031842,0.0395057
35.6800000,-3.7093820,-2.9676466,-8.5186008,0.0045542,0.0031193,0.0391688
35.6900000,-3.7322827,-2.9907450,-8.4806933,0.0099322,0.0004387,0.0417175
35.7000000,-3.7370848,-3.0223061,-8.5219377,0.0106115,-0.0006072,0.0386912
35.7100000,-3.7950663,-3.0433550,-8.5649812,0.0071811,-0.0041169,0.0413342
35.7200000,-3.6646934,-2.9534824,-8.5761033,0.0015882,0.0001431,0.0417421
35.7300000,-3.6477106,-3.0934898,-8.4780589,0.0008744,0.0009399,0.0443566
35.7400000,-3.7709636,-2.9933214,-8.5454658,0.0052918,0.0022876,0.0392608
35.7500000,-3.8089602,-3.0025700,-8.5485123,0.0043717,0.0032275,0.0359944
35.7600000,-3.7348151,-2.9977665,-8.5495945,0.0022547,0.0024173,0.0442721
35.7700000,-3.8246801,-3.0002790,-8.5648293,0.0077219,0.0053027,0.0371350
35.7800000,-3.7896596,-2.9455744,-8.4704042,0.0020247,0.0004153,0.0371529
35.7900000,-3.7206324,-2.9782071,-8.5721596,0.0087348,0.0033591,0.0427479
35.8000000,-3.7549605,-3.0510230,-8.5789241,0.0058000,-0.0025175,0.0359884
35.8100000,-3.6917462,-3.0795200,-8.5671835,0.0074899,-0.0014629,0.0345486
35.8200000,-3.8098391,-2.9797790,-8.4990564,0.0040743,0.0022472,0.0368820
35.8300000,-3.8096402,-2.9955325,-8.4510016,0.0078169,-0.0013078,0.0420449
35.8400000,-3.7987794,-3.0033751,-8.5587281,0.0045014,-0.0041818,0.0384092
35.8500000,-3.6927856,-3.0675144,-8.6349776,0.0028264,0.0024582,0.0381502
35.8600000,-3.7431434,-3.0868427,-8.5295211,0.0053931,-0.0027845,0.0424066
35.8700000,-3.6864561,-3.0212687,-8.5788957,0.0039797,-0.0009005,0.0384467
35.8800000,-3.7409457,-2.9292172,-8.4932382,0.0070378,-0.0015356,0.0393660
35.8900000,-3.7877937,-3.0355627,-8.5534668,0.0002701,-0.0071755,0.0405300
35.9000000,-3.7260433,-2.9204346,-8.5564476,0.0060209,0.0028628,0.0389735
35.9100000,-3.6813017,-2.9728391,-8.5205565,0.0018534,0.0038708,0.0395340
35.9200000,-3.7875875,-3.0184786,-8.5667566,0.0021484,-0.0012847,0.0397378
35.9300000,-3.7523019,-3.0149034,-8.5972540,0.0085091,-0.0089863,0.0384443
35.9400000,-3.7122685,-3.0644242,-8.5602246,0.0048316,0.0046081,0.0378134
35.9500000,-3.6267259,-3.0467508,-8.5639625,0.0066165,-0.0045110,0.0360099
35.9600000,-3.7157689,-3.1318901,-8.5195936,0.0042167,0.0058019,0.0366060
35.9700000,-3.7371888,-3.0126499,-8.5454727,0.0078493,0.0011127,0.0329588
35.9800000,-3.6108607,-3.0285888,-8.5266956,-0.0017539,-0.0024676,0.0446528
35.9900000,-3.8014710,-2.9731329,-8.5243138,0.0055586,-0.0038808,0.0431624
36.0000000,-3.7738586,-2.9416716,-8.6234118,0.0053460,0.0011861,0.0440698
36.0100000,-3.7420179,-2.9936126,-8.5292410,0.0073390,-0.0017724,0.0418536
36.0200000,-3.8433585,-3.0775565,-8.4974107,0.0037202,0.0036683,0.0386095
36.0300000,-3.7346303,-3.0317012,-8.4467016,0.0054784,0.0055536,0.0348858
36.0400000,-3.8097215,-3.0398580,-8.5050450,0.0064243,0.0048137,0.0409784
36.0500000,-3.7002190,-3.0466944,-8.5534296,0.0124994,-0.0047714,0.0429281
36.0600000,-3.7417076,-3.0642899,-8.5041713,0.0067213,0.0010263,0.0394711
36.0700000,-3.7761937,-3.0948264,-8.4589976,0.0034855,0.0047279,0.0389903
36.0800000,-3.7060908,-2.9785744,-8.4758857,-0.0000863,-0.0006464,0.0426705
36.0900000,-3.6516769,-3.0529699,-8.5360686,0.0049327,0.0026355,0.0429236
36.1000000,-3.7661546,-3.0186111,-8.5154855,0.0028055,0.0038929,0.0418767
36.1100000,-3.7348147,-2.9713481,-8.5001459,0.0040576,-0.0041281,0.0393884
36.1200000,-3.7124535,-3.0953901,-8.5856886,0.0030622,0.0008802,0.0385768
36.1300000,-3.7115665,-2.9958932,-8.4441751,0.0042647,0.0031838,0.0357844
36.1400000,-3.7589721,-3.0390735,-8.4901194,0.0036750,0.0033682,0.0380247
36.1500000,-3.7480592,-2.9865649,-8.4875684,0.0076946,0.0001449,0.0394722
36.1600000,-3.7336146,-2.9371278,-8.4720081,0.0043666,-0.0042882,0.0405262
36.1700000,-3.6549731,-3.0913319,-8.4080173,0.0039502,-0.0056870,0.0418562
36.1800000,-3.8006421,-3.0030579,-8.4987898,0.0054327,0.0019859,0.0357936
36.1900000,-3.8452573,-2.9509037,-8.5505055,0.0042340,0.0017472,0.0393831
36.2000000,-3.8289342,-3.0478586,-8.5719536,0.0020792,-0.0014024,0.0365328
36.2100000,-3.7435088,-3.0054430,-8.4401271,0.0094735,-0.0046952,0.0398599
36.2200000,-3.8467279,-2.9534875,-8.3627307,0.0043800,0.0036712,0.0387339
36.2300000,-3.7648075,-3.0252732,-8.4391640,0.0020789,-0.0006418,0.0355404
36.2400000,-3.7871233,-3.0904617,-8.5124448,0.0000859,0.0044194,0.0432778
36.2500000,-3.7495180,-3.0006126,-8.4002806,0.0048154,0.0004433,0.0393474
36.2600000,-3.7889321,-2.9510895,-8.5470664,0.0056648,0.0009715,0.0368793
36.2700000,-3.8092589,-3.0613746,-8.5458706,0.0016541,0.0018627,0.0388743
36.2800000,-3.8457918,-2.9871605,-8.4397801,0.0036374,-0.0001059,0.0397501
36.2900000,-3.8328984,-2.9738733,-8.5184688,0.0064718,0.0007463,0.0456677
36.3000000,-3.7425095,-2.9752045,-8.4216711,0.0059236,-0.0002073,0.0440167
36.3100000,-3.8916281,-3.0392298,-8.4909978,0.0058019,0.0045981,0.0411043
36.3200000,-3.8006886,-2.9631637,-8.4909810,0.0049170,-0.0036246,0.0359339
36.3300000,-3.8905124,-2.9972082,-8.5969374,-0.0052024,-0.0011031,0.0387575
36.3400000,-3.7004916,-3.0825228,-8.5566103,0.0086276,-0.0045330,0.0376183
36.3500000,-3.6442393,-3.0168922,-8.4623564,0.0074704,-0.0027569,0.0428294
36.3600000,-3.7344963,-2.9885738,-8.5793887,0.0067133,0.0004922,0.0418750
36.3700000,-3.8142763,-3.0511526,-8.4819794,0.0046493,-0.0052240,0.0394708
36.3800000,-3.8135152,-3.0798792,-8.5431869,0.0034365,-0.0034460,0.0391841
36.3900000,-3.7151423,-2.9917095,-8.5299099,0.0088619,0.0015489,0.0380270
36.4000000,-3.8304896,-2.9711007,-8.4748860,0.0053002,-0.0017239,0.0419472
36.4100000,-3.7863159,-2.9509626,-8.4940873,0.0039366,-0.0005679,0.0444573
36.4200000,-3.7891368,-2.9227397,-8.4329009,0.0027151,-0.0011009,0.0469592
36.4300000,-3.7973464,-3.0672328,-8.4173535,0.0056473,0.0032384,0.0328832
36.4400000,-3.8956765,-3.0155144,-8.6414089,0.0077303,-0.0036727,0.0409837
36.4500000,-3.7788402,-3.0386760,-8.5091021,0.0029720,-0.0023033,0.0390129
36.4600000,-3.8043031,-2.9143723,-8.5151444,-0.0014753,0.0018065,0.0409820
36.4700000,-3.8037207,-3.0117465,-8.5239163,0.0055075,-0.0008726,0.0465705
36.4800000,-3.8109467,-2.9565667,-8.4596387,0.0048817,0.0025255,0.0426309
36.4900000,-3.7900382,-3.0750358,-8.6238471,0.0108243,-0.0055563,0.0419462
36.5000000,-3.8224924,-3.0190154,-8.5492298,0.0028165,0.0062866,0.0426117
36.5100000,-3.8646036,-2.9927358,-8.4845859,0.0055997,0.0023633,0.0430645
36.5200000,-3.8790498,-2.9311017,-8.5272254,0.0036654,-0.0060904,0.0428375
36.5300000,-3.8636736,-2.9496946,-8.4336220,0.0082140,0.0007093,0.0372846
36.5400000,-3.7937567,-2.9730659,-8.5352185,0.0077176,0.0020100,0.0332495
36.5500000,-3.7941551,-2.9431860,-8.5847698,0.0004645,-0.0005169,0.0426719
36.5600000,-3.9462556,-3.0984292,-8.4394572,0.0059016,0.0008875,0.0394100
36.5700000,-3.9334027,-2.9039257,-8.4583129,0.0118092,-0.0051797,0.0381503
36.5800000,-3.8107817,-3.0499356,-8.4911308,0.0081941,-0.0005727,0.0397118
36.5900000,-3.8212354,-2.9532622,-8.5135411,0.0036611,0.0013662,0.0385100
36.6000000,-3.7966015,-2.9433979,-8.4878386,0.0044399,-0.0031630,0.0372770
36.6100000,-3.8218095,-3.0001493,-8.5366091,0.0046690,-0.0037124,0.0420026
36.6200000,-3.8693849,-3.0153549,-8.4859741,0.0067788,-0.0010736,0.0463419
36.6300000,-3.8636936,-3.0138184,-8.5182953,0.0049127,-0.0039223,0.0356183
36.6400000,-3.7901300,-2.9680587,-8.5603153,0.0014510,-0.0006093,0.0423520
36.6500000,-3.8655842,-3.0760773,-8.5290253,0.0091808,0.0048430,0.0427338
36.6600000,-3.7922502,-2.9844482,-8.4951870,0.0050140,0.0037151,0.0415135
36.6700000,-3.9614886,-2.9267198,-8.4468506,0.0029262,-0.0004925,0.0423054
36.6800000,-3.8457855,-2.9459399,-8.5549071,0.0041274,0.0075224,0.0367527
36.6900000,-3.9251145,-2.9997683,-8.5519778,0.0029918,-0.0002437,0.0391232
36.7000000,-3.8712601,-3.0851552,-8.5728219,0.0022613,-0.0013843,0.0410549
36.7100000,-3.7781824,-2.9716778,-8.5381782,0.0026796,-0.0020471,0.0372229
36.7200000,-3.8485017,-3.0446812,-8.4887984,-0.0013923,-0.0008983,0.0429127
36.7300000,-3.9245824,-3.0822029,-8.4645650,0.0071012,-0.0046733,0.0373563
36.7400000,-3.7896454,-2.9797784,-8.4726147,0.0031075,-0.0035171,0.0394167
36.7500000,-3.9133484,-3.0508806,-8.5497477,0.0073130,-0.0012140,0.0424761
36.7600000,-3.9013017,-3.0253390,-8.4771127,0.0086636,0.0031000,0.0413826
36.7700000,-3.7710917,-3.0809272,-8.5637558,0.0063697,0.0022167,0.0406427
36.7800000,-3.8774075,-3.0274860,-8.4269632,0.0066489,-0.0032035,0.0398542
36.7900000,-3.8735532,-2.9152063,-8.5018261,-0.0029451,0.0003691,0.0366915
36.8000000,-3.9020137,-2.9774601,-8.3719594,0.0046491,-0.0013069,0.0386071
36.8100000,-3.9563210,-2.9876279,-8.4629098,0.0073402,-0.0000521,0.0415193
36.8200000,-3.9228683,-3.0388631,-8.5556943,0.0051926,0.0006696,0.0359129
36.8300000,-3.8077395,-2.9892311,-8.4516177,0.0018445,-0.0031210,0.0416309
36.8400000,-3.8604421,-2.9742320,-8.4744590,0.0039130,-0.0038088,0.0433575
36.8500000,-3.8290116,-2.9877306,-8.5342259,0.0010183,-0.0006570,0.0371891
36.8600000,-3.8358975,-3.0178089,-8.4837282,0.0083270,0.0011426,0.0382926
36.8700000,-3.9582904,-2.9833310,-8.4771471,0.0054241,0.0003361,0.0434264
36.8800000,-3.8034050,-3.0876706,-8.4756095,0.0079767,-0.0022290,0.0385697
36.8900000,-3.8851258,-3.0566088,-8.4475576,0.0041661,0.0045364,0.0405647
36.9000000,-3.9066074,-2.8784647,-8.4438650,0.0035036,-0.0008624,0.0408244
36.9100000,-3.9289544,-3.0051076,-8.4774496,0.0086288,-0.0023051,0.0424635
36.9200000,-3.7950973,-3.0093809,-8.5028740,0.0023626,-0.0040502,0.0403278
36.9300000,-3.8648006,-2.9838814,-8.4872164,0.0061170,-0.0015195,0.0402926
36.9400000,-3.9162901,-2.9904834,-8.4331210,-0.0052244,-0.0019450,0.0409486
36.9500000,-3.9128113,-2.9846451,-8.5091236,0.0074579,0.0006556,0.0375921
36.9600000,-3.9080419,-2.9893820,-8.5384408,0.0054742,-0.0019270,0.0434129
36.9700000,-3.8594808,-2.9936019,-8.5573868,0.0045394,0.0079296,0.0387121
36.9800000,-3.8283359,-2.9451918,-8.3971468,0.0057916,-0.0023776,0.0417379
36.9900000,-3.8364775,-3.0191539,-8.4554518,0.0024534,0.0031143,0.0463421
37.0000000,-3.8020916,-3.0507336,-8.4271651,0.0051942,-0.0031019,0.0352709
37.0100000,-3.9039729,-2.9950836,-8.5161998,0.0045739,0.0023740,0.0378685
37.0200000,-3.8572081,-2.9952579,-8.5439463,0.0042108,-0.0004085,0.0377855
37.0300000,-3.8094452,-3.0428070,-8.5814131,0.0038276,-0.0014517,0.0443484
37.0400000,-3.9026066,-3.0746631,-8.4659486,0.0064905,-0.0021165,0.0399055
37.0500000,-3.8549598,-2.9976419,-8.4980769,0.0083617,-0.0015562,0.0441196
37.0600000,-3.8988782,-2.9351448,-8.3649136,-0.0005640,0.0014585,0.0403867
37.0700000,-3.9470518,-2.9677858,-8.5534781,-0.0037005,0.0015635,0.0384051
37.0800000,-3.9458949,-2.9535783,-8.5174915,0.0048518,-0.0020075,0.0390189
37.0900000,-3.9413410,-2.9939396,-8.6428734,0.0020234,0.0035304,0.0365928
37.1000000,-3.9097483,-3.0872509,-8.5670356,0.0090004,-0.0021695,0.0424668
37.1100000,-3.7679423,-2.9988648,-8.4633146,0.0053186,0.0017567,0.0386938
37.1200000,-3.9337184,-3.0323420,-8.5737398,0.0083976,0.0048926,0.0378071
37.1300000,-3.8461398,-2.9868707,-8.5204596,0.0087415,-0.0009806,0.0403949
37.1400000,-3.8858796,-2.9567067,-8.4976829,0.0029976,0.0007247,0.0436512
37.1500000,-3.9213119,-2.9875194,-8.4864699,0.0053595,-0.0039341,0.0435713
37.1600000,-3.8206606,-2.9884300,-8.4787754,0.0065020,0.0006957,0.0390280
37.1700000,-3.9223304,-3.0773380,-8.4921222,0.0132233,-0.0036645,0.0347593
37.1800000,-3.8735020,-3.0140005,-8.4135401,0.0002054,-0.0039764,0.0380251
37.1900000,-3.9506979,-2.9494714,-8.4520285,0.0002482,-0.0010660,0.0394154
37.2000000,-4.0057892,-2.9565519,-8.4695147,0.0017245,0.0006394,0.0387738
37.2100000,-3.9381868,-3.0302733,-8.4446823,0.0023285,-0.0026891,0.0379244
37.2200000,-3.8936177,-2.9706759,-8.4924632,0.0083412,0.0018225,0.0358516
37.2300000,-3.9736477,-2.9336965,-8.4506274,0.0066969,-0.0064213,0.0377910
37.2400000,-3.8745753,-3.0264854,-8.5035754,0.0045719,-0.0021562,0.0375425
37.2500000,-3.8540746,-3.0592161,-8.5987458,0.0025990,-0.0024040,0.0460325
37.2600000,-3.9368641,-2.9847742,-8.3918995,0.0079104,-0.0033214,0.0422052
37.2700000,-3.9008369,-3.0177079,-8.4400219,0.0075302,-0.0042854,0.0400984
37.2800000,-3.8627569,-2.9735310,-8.3985184,0.0076225,0.0024371,0.0455205
37.2900000,-3.9038003,-3.0418413,-8.4728209,0.0047531,-0.0021883,0.0430478
37.3000000,-3.9014306,-3.0163192,-8.4773828,0.0036387,-0.0027846,0.0425369
37.3100000,-3.9787481,-2.9146887,-8.5770848,0.0047573,0.0005254,0.0419418
37.3200000,-3.9407995,-3.0824623,-8.3781123,0.0042874,-0.0002032,0.0421988
37.3300000,-4.0012804,-2.9843793,-8.4415792,0.0015869,0.0040489,0.0406069
37.3400000,-3.9459536,-2.9836015,-8.4882315,0.0073094,0.0015139,0.0388961
37.3500000,-3.8327425,-2.9558120,-8.4382066,0.0033782,0.0071017,0.0400761
37.3600000,-3.8888435,-3.0028629,-8.5239710,0.0037293,-0.0014423,0.0414657
37.3700000,-3.8885943,-3.0370671,-8.4992239,0.0101312,0.0006838,0.0349412
37.3800000,-4.0241776,-2.9602124,-8.5180412,0.0085011,0.0012032,0.0412327
37.3900000,-3.8816336,-3.0637566,-8.5542802,0.0059099,-0.0030004,0.0413799
37.4000000,-3.9606866,-2.9974943,-8.3948652,0.0084080,-0.0014806,0.0392315
37.4100000,-3.9002454,-2.9550954,-8.4941647,0.0040249,-0.0002592,0.0441107
37.4200000,-3.9048970,-2.9125358,-8.4640106,0.0051878,-0.0008285,0.0410546
37.4300000,-3.9338586,-3.0518772,-8.4655375,0.0046291,-0.0014650,0.0353154
37.4400000,-3.9312950,-3.0120140,-8.4769670,-0.0003123,-0.0014959,0.0386075
37.4500000,-3.9859361,-2.9537443,-8.4152461,0.0055501,-0.0003688,0.0418492
37.4600000,-4.0001879,-2.9229441,-8.4770531,0.0088845,0.0017119,0.0391330
37.4700000,-4.0688912,-2.9119492,-8.4537729,0.0042127,-0.0045411,0.0426283
37.4800000,-3.9064682,-2.9599086,-8.3515960,0.0061626,-0.0019781,0.0438356
37.4900000,-3.9278112,-3.0579804,-8.4411070,0.0048524,-0.0030425,0.0364807
37.5000000,-3.9627704,-3.0153832,-8.4227303,0.0053248,0.0026077,0.0320566
37.5100000,-3.9988720,-2.9155410,-8.3848143,0.0061082,-0.0014495,0.0381541
37.5200000,-3.9387966,-3.0227399,-8.4013979,0.0043776,0.0002334,0.0417757
37.5300000,-3.9611727,-3.0115632,-8.4455457,0.0012688,0.0025170,0.0395114
37.5400000,-3.9506703,-2.9958044,-8.4798205,0.0036098,-0.0012728,0.0418459
37.5500000,-3.9674039,-2.9970541,-8.4838391,0.0033836,-0.0013635,0.0464188
37.5600000,-3.9480805,-2.8769501,-8.4713028,0.0093954,0.0001324,0.0403042
37.5700000,-3.9386420,-2.9749013,-8.4062182,-0.0016275,-0.0061693,0.0411378
37.5800000,-3.8643597,-3.0068672,-8.4213804,0.0104749,-0.0025783,0.0405578
37.5900000,-3.9138836,-2.9587448,-8.4655053,0.0016473,-0.0038086,0.0410082
37.6000000,-3.9543350,-2.9608015,-8.4260372,0.0024728,-0.0004826,0.0396695
37.6100000,-3.9466241,-2.9502041,-8.3531114,0.0114242,-0.0008148,0.0379675
37.6200000,-3.9749967,-2.9112632,-8.4526841,0.0061140,0.0048498,0.0419029
37.6300000,-3.8995135,-2.9859676,-8.3980841,0.0075321,-0.0005941,0.0419091
37.6400000,-3.9142795,-3.0568635,-8.3864079,0.0037826,-0.0027565,0.0443218
37.6500000,-4.0553358,-2.8876880,-8.5065240,0.0067317,0.0081941,0.0324807
37.6600000,-3.9075267,-3.0012846,-8.5270748,-0.0027767,-0.0023032,0.0351473
37.6700000,-3.9967143,-2.9571496,-8.4530203,0.0076405,-0.0018129,0.0382734
37.6800000,-3.9918750,-3.0430210,-8.4341484,0.0039960,-0.0021584,0.0410640
37.6900000,-3.9632881,-2.9517428,-8.4278585,0.0039740,0.0021654,0.0381280
37.7000000,-3.9781861,-2.9350062,-8.4454286,0.0075461,0.0009677,0.0413114
37.7100000,-3.9738541,-2.9875433,-8.4194386,-0.0007476,0.0002904,0.0339197
37.7200000,-3.8854250,-2.9212018,-8.4214362,0.0035906,0.0030263,0.0379693
37.7300000,-3.9971452,-2.9249510,-8.5097542,0.0008703,-0.0039836,0.0412639
37.7400000,-3.9027651,-2.9400054,-8.4320579,0.0029846,0.0034275,0.0383956
37.7500000,-3.9924648,-3.0198275,-8.4532551,0.0069208,0.0015704,0.0349996
37.7600000,-3.8808713,-2.9066475,-8.3365083,0.0046421,0.0027145,0.0397423
37.7700000,-4.0191822,-2.9909451,-8.4329413,0.0052792,-0.0029393,0.0431714
37.7800000,-4.0623548,-2.9446476,-8.5009395,0.0051506,0.0007483,0.0400961
37.7900000,-3.9892087,-2.9641385,-8.4446617,0.0030138,0.0035517,0.0384474
37.8000000,-3.9925044,-3.0418483,-8.4382415,0.0016506,-0.0061774,0.0350925
37.8100000,-3.9355759,-2.9568485,-8.4195358,0.0046335,-0.0035441,0.0420642
37.8200000,-3.9271295,-2.9536268,-8.4694625,0.0041362,-0.0007055,0.0382814
37.8300000,-3.9534040,-2.9701542,-8.4292720,0.0018310,0.0021427,0.0437768
37.8400000,-3.8952807,-3.0323910,-8.4387763,0.0075652,-0.0022293,0.0405071
37.8500000,-3.9332398,-2.8933927,-8.3866704,0.0022081,0.0030371,0.0401232
37.8600000,-3.9912397,-3.0490154,-8.4468831,0.0073142,-0.0011120,0.0363272
37.8700000,-3.9107475,-2.9842509,-8.4287131,0.0012513,-0.0058515,0.0389332
37.8800000,-4.0394420,-2.9504465,-8.4811161,0.0064877,-0.0051903,0.0393743
37.8900000,-4.0624408,-2.9196720,-8.4437092,0.0045378,0.0048611,0.0461506
37.9000000,-4.0078064,-3.0041398,-8.3721575,0.0078021,-0.0009256,0.0409753
37.9100000,-4.0204911,-2.9212653,-8.3660489,0.0073633,-0.0018458,0.0422943
37.9200000,-3.9939173,-2.9560663,-8.4811447,0.0036595,-0.0008944,0.0411373
37.9300000,-4.0781998,-2.9588940,-8.4304029,0.0058581,-0.0044400,0.0446460
37.9400000,-3.9891604,-2.9416115,-8.4815807,0.0100035,0.0013017,0.0396614
37.9500000,-3.9469672,-2.9328654,-8.4373354,0.0038877,0.0051022,0.0413209
37.9600000,-3.9984259,-3.0063587,-8.4429827,0.0039632,-0.0027324,0.0439554
37.9700000,-3.9839992,-2.9180765,-8.4588598,0.0046413,-0.0028057,0.0430008
37.9800000,-4.1130877,-2.9556575,-8.4114275,0.0103148,0.0011129,0.0375833
37.9900000,-3.9679643,-2.9194334,-8.4074683,0.0012869,-0.0007021,0.0399619
38.0000000,-4.0303501,-2.9382652,-8.3331714,0.0032111,0.0026770,0.0388096
38.0100000,-3.9624262,-2.9676901,-8.3804040,0.0023380,0.0010945,0.0403141
38.0200000,-3.9965512,-2.9722017,-8.4761292,0.0050612,0.0016951,0.0347275
38.0300000,-3.9730733,-2.9471722,-8.3742419,0.0048778,-0.0005134,0.0352008
38.0400000,-4.0153167,-2.9095512,-8.3950631,0.0047283,0.0010665,0.0353645
38.0500000,-3.9928371,-2.9600273,-8.3953472,0.0119906,0.0028621,0.0408011
38.0600000,-4.0251314,-2.9842026,-8.4568679,0.0023664,-0.0008212,0.0375986
38.0700000,-4.0312439,-2.9757261,-8.4642066,0.0023341,0.0056572,0.0386659
38.0800000,-4.0304431,-2.9945529,-8.4260856,0.0030868,0.0030513,0.0412318
38.0900000,-3.9484849,-2.9447317,-8.4413514,0.0071078,-0.0039776,0.0369859
38.1000000,-3.9797721,-2.9854628,-8.4912860,0.0068506,0.0006886,0.0350938
38.1100000,-3.9746208,-3.0339995,-8.4273240,-0.0018671,0.0020142,0.0421807
38.1200000,-4.0949944,-3.0508571,-8.4120883,0.0011786,-0.0015178,0.0435247
38.1300000,-4.0191288,-2.9148330,-8.4092127,0.0091065,-0.0019509,0.0453015
38.1400000,-3.9755437,-2.9561994,-8.4685762,0.0063362,-0.0025104,0.0383182
38.1500000,-3.9967663,-3.0109531,-8.4442777,0.0080721,0.0081092,0.0403974
38.1600000,-3.9482342,-2.8647754,-8.5461713,0.0071642,-0.0007795,0.0386536
38.1700000,-3.9677380,-2.9465482,-8.4004017,0.0063495,0.0026746,0.0458800
38.1800000,-4.0546033,-2.9730845,-8.3915538,0.0052566,0.0036977,0.0435791
38.1900000,-4.0537953,-3.0115238,-8.3830641,0.0032403,0.0025807,0.0416091
38.2000000,-4.0715396,-2.9872236,-8.4694916,0.0056666,0.0020945,0.0392893
38.2100000,-4.0489148,-2.9158820,-8.4573850,0.0086940,0.0040626,0.0420595
38.2200000,-4.1252297,-3.0085468,-8.3436428,0.0070105,0.0019771,0.0372480
38.2300000,-4.0362756,-2.9959627,-8.4371874,0.0025749,-0.0029559,0.0459925
38.2400000,-4.1025419,-3.0215809,-8.3907803,0.0018673,-0.0023764,0.0386788
38.2500000,-4.0280552,-2.9474149,-8.5002281,0.0054189,-0.0028479,0.0409343
38.2600000,-4.0580584,-3.0036068,-8.3490017,0.0066879,-0.0090934,0.0414131
38.2700000,-4.0120291,-2.9509866,-8.3679562,0.0051366,-0.0025158,0.0416353
38.2800000,-3.9967599,-2.9145905,-8.3513843,0.0131403,-0.0017273,0.0385682
38.2900000,-4.1120022,-2.9205187,-8.3826033,0.0000043,-0.0017973,0.0413731
38.3000000,-4.0229178,-2.8433129,-8.4384238,0.0072590,-0.0029072,0.0405969
38.3100000,-3.9650497,-2.9207538,-8.4330924,0.0028418,-0.0001097,0.0325553
38.3200000,-4.0251051,-2.9231288,-8.3556491,0.0049954,0.0026998,0.0351554
38.3300000,-4.1030820,-3.0129260,-8.4366616,0.0010466,0.0051365,0.0356204
38.3400000,-4.1021410,-3.0067838,-8.4520139,0.0118561,0.0049841,0.0439501
38.3500000,-3.9294114,-2.9411505,-8.4096381,0.0079787,-0.0004580,0.0412613
38.3600000,-4.0922664,-3.0595684,-8.3869281,0.0082646,-0.0038783,0.0379812
38.3700000,-4.1033023,-2.9527837,-8.3688747,0.0041297,0.0022326,0.0382962
38.3800000,-4.1020765,-3.0736958,-8.4433322,0.0048965,-0.0023743,0.0405581
38.3900000,-4.0973232,-2.9234832,-8.4305757,0.0085612,0.0098106,0.0437719
38.4000000,-4.0194057,-2.9392633,-8.3943581,0.0064811,0.0028483,0.0437119
38.4100000,-4.0196970,-3.0046978,-8.3424799,0.0062143,0.0023263,0.0396535
38.4200000,-3.9742622,-2.9352783,-8.3751770,0.0021517,-0.0025225,0.0405241
38.4300000,-4.1432471,-2.8496657,-8.4434645,0.0084340,-0.0006916,0.0413654
38.4400000,-4.0737388,-2.9243905,-8.3669154,0.0084777,0.0053601,0.0397054
38.4500000,-4.0637905,-3.0257882,-8.3790148,0.0055180,-0.0042214,0.0449181
38.4600000,-4.1676495,-2.9762013,-8.4609755,0.0016687,0.0031016,0.0427531
38.4700000,-4.0514074,-2.8951390,-8.3903574,0.0034677,-0.0008236,0.0420551
38.4800000,-4.0403766,-2.9257793,-8.4153437,0.0066482,-0.0009749,0.0457788
38.4900000,-4.0714448,-3.0135773,-8.3958018,0.0118474,0.0013384,0.0401675
38.5000000,-4.1023757,-3.0674246,-8.3851115,0.0001359,-0.0011874,0.0395057
38.5100000,-4.0892498,-2.9912963,-8.3808336,0.0034167,-0.0025965,0.0405761
38.5200000,-4.0778239,-2.9685122,-8.3867170,0.0023761,-0.0044619,0.0431375
38.5300000,-4.0753191,-2.9585814,-8.4311113,0.0037654,0.0017430,0.0404641
38.5400000,-4.0465037,-2.8805135,-8.4820613,0.0042972,0.0024424,0.0442759
38.5500000,-4.0810421,-3.0645930,-8.3747690,-0.0001885,-0.0017727,0.0395658
38.5600000,-4.0414292,-2.9122815,-8.3884257,0.0030723,0.0000911,0.0397016
38.5700000,-4.0931032,-2.9951674,-8.3823195,0.0009117,-0.0010490,0.0397968
38.5800000,-4.0591701,-2.9093503,-8.4438604,0.0101448,0.0030467,0.0428660
38.5900000,-4.0379938,-2.9669802,-8.3753517,0.0050607,0.0006437,0.0386951
38.6000000,-4.1124796,-2.9296063,-8.3760476,0.0089145,0.0004877,0.0382938
38.6100000,-4.0252047,-2.8860951,-8.3473355,0.0085408,-0.0017417,0.0369139
38.6200000,-4.0281347,-2.9384938,-8.4164584,0.0081347,-0.0028683,0.0383561
38.6300000,-3.9985467,-2.9056622,-8.3156857,0.0022231,0.0056239,0.0372142
38.6400000,-4.1477965,-2.9034726,-8.4208731,0.0061153,-0.0079743,0.0457576
38.6500000,-4.1275650,-2.9948530,-8.4261288,0.0055350,-0.0021509,0.0373818
38.6600000,-4.1063173,-2.9428230,-8.4018717,0.0044090,-0.0002781,0.0361016
38.6700000,-4.0957387,-2.9668555,-8.3421533,0.0030449,0.0004237,0.0413495
38.6800000,-4.0996845,-2.8849598,-8.4169136,0.0077740,0.0021131,0.0391420
38.6900000,-4.1117446,-2.8960700,-8.4797385,0.0079013,0.0008348,0.0412201
38.7000000,-4.0656151,-2.9317420,-8.3714579,0.0076334,0.0030524,0.0399674
38.7100000,-3.9990977,-2.9845994,-8.4690610,0.0063165,-0.0036475,0.0369524
38.7200000,-4.0571945,-2.9241846,-8.3810129,0.0057742,0.0021122,0.0447702
38.7300000,-4.0811119,-2.9709587,-8.4677872,0.0052344,-0.0064629,0.0405751
38.7400000,-4.0988123,-2.9916736,-8.3072131,0.0013934,0.0011676,0.0420903
38.7500000,-4.1049708,-2.9341247,-8.4406200,0.0097303,0.0004742,0.0352913
38.7600000,-4.2132794,-2.8816554,-8.3452266,0.0016775,0.0033316,0.0424717
38.7700000,-4.0104360,-3.0191197,-8.4023840,0.0052719,-0.0020286,0.0363240
38.7800000,-4.0775566,-2.9686671,-8.3856485,0.0074567,0.0026715,0.0386281
38.7900000,-4.0439231,-2.9713402,-8.4564103,0.0101499,0.0001352,0.0385677
38.8000000,-4.1032905,-2.8708617,-8.4069608,0.0031668,0.0035488,0.0398339
38.8100000,-4.1024471,-3.0242748,-8.3836520,0.0028393,-0.0021389,0.0430223
38.8200000,-4.1500186,-2.9282679,-8.3379869,0.0046252,-0.0029108,0.0364192
38.8300000,-4.1353608,-2.9633898,-8.5202156,0.0021235,0.0024077,0.0383228
38.8400000,-4.0734925,-2.9204287,-8.4142796,0.0018432,-0.0003375,0.0426025
38.8500000,-4.0982887,-3.0041771,-8.3242134,0.0084168,0.0055687,0.0341315
38.8600000,-4.0678959,-2.8395053,-8.3812578,0.0039186,0.0028120,0.0382178
38.8700000,-4.0528470,-3.0034676,-8.3242241,0.0036220,-0.0011834,0.0398382
38.8800000,-4.1433278,-2.9402062,-8.3258374,0.0021680,-0.0006679,0.0430642
38.8900000,-4.1843997,-2.9409245,-8.4099731,0.0005746,-0.0028432,0.0404874
38.9000000,-4.1339486,-3.0343361,-8.4415998,0.0053276,-0.0044391,0.0381320
38.9100000,-4.1937244,-2.9360566,-8.3285504,0.0061155,0.0006225,0.0434702
38.9200000,-4.1545796,-3.0124701,-8.4565366,0.0009818,0.0031866,0.0458963
38.9300000,-4.0929957,-2.9108548,-8.4571290,0.0026020,-0.0012262,0.0373959
38.9400000,-4.0604684,-2.9146062,-8.3446496,0.0040988,-0.0007119,0.0388000
38.9500000,-4.1339163,-2.9095099,-8.3579290,0.0028349,0.0011946,0.0384704
38.9600000,-4.2491290,-2.9769091,-8.3454714,0.0009894,-0.0039184,0.0331013
38.9700000,-4.0819352,-3.0045117,-8.3646010,0.0092552,-0.0022589,0.0325314
38.9800000,-4.0890575,-2.9404024,-8.3892106,0.0056686,-0.0006014,0.0428946
38.9900000,-4.0280097,-2.9762191,-8.3811359,0.0029708,-0.0017518,0.0377239
39.0000000,-4.1309307,-2.9541586,-8.3734821,0.0040002,0.0072493,0.0434526
39.0100000,-4.1797017,-2.9834005,-8.3918745,0.0041577,-0.0032141,0.0392802
39.0200000,-4.0520883,-2.9344911,-8.3730869,0.0105364,0.0005254,0.0403166
39.0300000,-4.0667749,-2.8834735,-8.3965326,0.0082961,0.0035898,0.0433546
39.0400000,-4.1524376,-2.9971390,-8.3915952,0.0077800,-0.0031050,0.0406741
39.0500000,-4.1269492,-2.8102005,-8.4153034,0.0110637,0.0002641,0.0382454
39.0600000,-4.0699666,-2.9743096,-8.4165104,0.0046722,-0.0028442,0.0378872
39.0700000,-4.2228122,-2.9004386,-8.3796269,0.0024803,0.0065411,0.0477103
39.0800000,-4.1823383,-2.8825418,-8.4519893,0.0061846,-0.0029496,0.0386822
39.0900000,-4.1189900,-2.9291441,-8.3417731,0.0048586,0.0010473,0.0378479
39.1000000,-4.2044459,-2.9335060,-8.3146058,0.0086643,0.0024836,0.0363319
39.1100000,-4.1192968,-2.9263016,-8.3351353,0.0046819,0.0020653,0.0415646
39.1200000,-4.0289293,-2.9710161,-8.4442091,0.0040073,-0.0001342,0.0431939
39.1300000,-4.1927242,-2.9554894,-8.4515410,0.0032115,0.0044679,0.0455263
39.1400000,-4.1025713,-3.0077846,-8.3982302,0.0099644,-0.0014869,0.0382836
39.1500000,-4.1963266,-2.9992863,-8.4043178,0.0045294,0.0015899,0.0455800
39.1600000,-4.1589336,-2.9830770,-8.3046441,0.0073200,-0.0004356,0.0424558
39.1700000,-4.0973645,-2.8957772,-8.4769313,0.0078813,-0.0001511,0.0436163
39.1800000,-4.0821305,-2.9111872,-8.3719148,0.0060760,0.0009148,0.0408591
39.1900000,-4.2241430,-2.9629883,-8.4599132,0.0105446,0.0042109,0.0404284
39.2000000,-3.9760861,-2.9171087,-8.3807767,0.0045086,0.0008681,0.0400395
39.2100000,-4.1218516,-2.9890930,-8.2583681,0.0078591,0.0036737,0.0393475
39.2200000,-4.1599493,-2.9340263,-8.4102009,0.0013643,0.0008881,0.0426282
39.2300000,-4.2021987,-2.9121812,-8.4116898,0.0008852,0.0014311,0.0412633
39.2400000,-4.1021719,-2.9108357,-8.3977773,0.0035961,-0.0035797,0.0438660
39.2500000,-4.0779350,-2.8764156,-8.3171995,0.0045069,-0.0030410,0.0332855
39.2600000,-4.0637472,-3.0109256,-8.4943520,0.0105954,0.0025409,0.0450696
39.2700000,-4.0699757,-2.9954032,-8.4222988,0.0041190,-0.0009782,0.0413416
39.2800000,-4.1894560,-2.9007140,-8.3478502,0.0098605,0.0002410,0.0397895
39.2900000,-4.1556085,-2.9553666,-8.3216540,0.0058360,0.0022454,0.0416559
39.3000000,-4.2453340,-2.9981502,-8.3442122,-0.0011813,0.0002073,0.0423314
39.3100000,-4.1030763,-2.9290353,-8.3541663,0.0062426,0.0023562,0.0373039
39.3200000,-4.1622206,-3.0533037,-8.3545800,0.0054929,-0.0016541,0.0400546
39.3300000,-4.1206400,-2.9466022,-8.3472135,0.0052755,0.0038530,0.0400572
39.3400000,-4.1767812,-3.0750122,-8.3523502,0.0005907,0.0002203,0.0445001
39.3500000,-4.2048700,-2.9295428,-8.3183093,0.0036982,0.0015496,0.0351023
39.3600000,-4.1367823,-2.9614143,-8.4529604,0.0035181,0.0031803,0.0408435
39.3700000,-4.1851632,-2.9326070,-8.3608898,0.0046293,-0.0025843,0.0395860
39.3800000,-4.1300456,-2.9436233,-8.3634997,0.0042663,0.0009846,0.0432869
39.3900000,-4.2064873,-2.9102687,-8.4196273,0.0031596,0.0004846,0.0438885
39.4000000,-4.1691265,-2.9273653,-8.3294680,0.0002020,0.0044827,0.0357442
39.4100000,-4.0752097,-2.9245527,-8.3511344,0.0045055,-0.0046574,0.0421798
39.4200000,-4.1397053,-2.9448956,-8.4081018,0.0035536,0.0027701,0.0361182
39.4300000,-4.1864050,-3.0121275,-8.4371182,0.0050303,-0.0005233,0.0416587
39.4400000,-4.1458363,-2.8908909,-8.2589449,0.0019420,0.0011453,0.0388695
39.4500000,-4.2028520,-2.9166041,-8.2790720,0.0046480,0.0019378,0.0421265
39.4600000,-4.2143917,-2.8401493,-8.2815889,-0.0035728,-0.0071121,0.0377076
39.4700000,-4.2498071,-2.9022873,-8.4308488,0.0006595,0.0036402,0.0423028
39.4800000,-4.1503815,-2.8863319,-8.3165119,0.0058082,-0.0017380,0.0399015
39.4900000,-4.1118864,-2.8741520,-8.3359309,0.0134470,0.0021787,0.0384520
39.5000000,-4.1360235,-2.9157725,-8.3220012,0.0081798,0.0021404,0.0413832
39.5100000,-4.1998452,-2.9301971,-8.2822989,0.0089632,0.0005454,0.0387105
39.5200000,-4.2355415,-2.9594881,-8.3250146,0.0084719,0.0026441,0.0432762
39.5300000,-4.2018571,-2.9071108,-8.3555649,0.0033498,0.0001414,0.0440768
39.5400000,-4.1305617,-3.0035920,-8.3490921,0.0032809,-0.0018800,0.0343601
39.5500000,-4.1387932,-2.9139698,-8.3239109,0.0040898,0.0028538,0.0389504
39.5600000,-4.2293537,-2.9540000,-8.3076658,0.0072314,0.0009570,0.0417712
39.5700000,-4.2179991,-2.8943330,-8.3837209,0.0070499,0.0003869,0.0388283
39.5800000,-4.2370187,-2.9987833,-8.3882957,0.0041933,0.0002767,0.0423282
39.5900000,-4.2072835,-2.9366610,-8.3792464,0.0021564,0.0016935,0.0418836
39.6000000,-4.1035475,-2.9122202,-8.2998705,0.0044328,-0.0018598,0.0374933
39.6100000,-4.1760821,-2.9543486,-8.3739772,0.0070284,0.0012367,0.0413578
39.6200000,-4.2340100,-2.9303427,-8.3063010,0.0058214,-0.0064435,0.0410252
39.6300000,-4.0987814,-2.8241934,-8.3305918,0.0053563,-0.0031736,0.0440093
39.6400000,-4.2241271,-2.9552881,-8.3175778,0.0061538,0.0018881,0.0464411
39.6500000,-4.1324730,-3.0086115,-8.4194704,0.0034512,-0.0049665,0.0415303
39.6600000,-4.1666943,-2.8679955,-8.3945367,0.0030246,-0.0007216,0.0362114
39.6700000,-4.1545179,-2.9233142,-8.3011696,0.0067636,-0.0001448,0.0389045
39.6800000,-4.1895523,-2.8467201,-8.3779850,0.0067940,-0.0027817,0.0413388
39.6900000,-4.1979356,-2.9185105,-8.3135849,0.0119878,0.0013162,0.0384772
39.7000000,-4.2043682,-2.8641638,-8.2853420,0.0023920,-0.0046895,0.0400938
39.7100000,-4.0640706,-2.9462533,-8.3004749,0.0002465,0.0039846,0.0362903
39.7200000,-4.2290308,-2.8995432,-8.3132901,0.0077260,-0.0003301,0.0409554
39.7300000,-4.2342318,-3.0269428,-8.3394018,0.0073921,0.0037784,0.0361189
39.7400000,-4.2100542,-2.9363109,-8.3451287,0.0115397,0.0082282,0.0407788
39.7500000,-4.1511514,-2.9674072,-8.2568910,0.0045476,0.0052713,0.0380658
39.7600000,-4.2383621,-2.8962536,-8.3175080,0.0060908,0.0033958,0.0428888
39.7700000,-4.2664582,-2.9578769,-8.3124854,0.0066050,-0.0033609,0.0450093
39.7800000,-4.2429792,-2.9571801,-8.3185956,0.0019705,0.0010162,0.0411534
39.7900000,-4.2342741,-2.9642736,-8.3753655,-0.0003146,0.0000464,0.0435038
39.8000000,-4.0797436,-2.9486622,-8.2685313,0.0063112,-0.0019546,0.0418196
39.8100000,-4.2588116,-2.8924852,-8.3329757,0.0086895,-0.0086862,0.0389292
39.8200000,-4.2436401,-3.0027323,-8.2622658,0.0061283,0.0071340,0.0400840
39.8300000,-4.1714620,-2.9214746,-8.3797116,0.0067260,0.0017931,0.0416187
39.8400000,-4.2433805,-2.8820858,-8.3490882,0.0029427,-0.0030905,0.0374763
39.8500000,-4.3396453,-2.9049412,-8.3721771,0.0054132,0.0040815,0.0402824
39.8600000,-4.2906096,-2.9323506,-8.4421110,0.0034032,-0.0023478,0.0393256
39.8700000,-4.1822465,-2.9754977,-8.4390033,0.0041653,-0.0018035,0.0391672
39.8800000,-4.2323965,-2.8385213,-8.3190481,0.0016942,0.0009784,0.0414882
39.8900000,-4.2330709,-2.9853954,-8.3316680,0.0028560,0.0005631,0.0419545
39.9000000,-4.2058929,-2.9644274,-8.3747523,0.0072677,0.0005349,0.0377321
39.9100000,-4.2702592,-2.9724987,-8.4029491,0.0063990,-0.0009162,0.0411992
39.9200000,-4.1550244,-2.8646305,-8.3269552,-0.0001432,-0.0014569,0.0400743
39.9300000,-4.2421551,-3.0127257,-8.3336557,0.0007721,0.0010130,0.0412347
39.9400000,-4.1755405,-2.8799090,-8.3309224,0.0058932,-0.0049789,0.0420126
39.9500000,-4.2931906,-2.9885135,-8.3121665,0.0004262,-0.0045922,0.0368089
39.9600000,-4.1911922,-2.8612422,-8.3155160,0.0084419,-0.0025812,0.0415856
39.9700000,-4.2690951,-2.8845945,-8.3539605,0.0047645,-0.0079801,0.0425175
39.9800000,-4.2295495,-2.8356939,-8.3287178,0.0025618,-0.0014042,0.0376467
39.9900000,-4.1583350,-2.9124670,-8.3573102,0.0087610,0.0007735,0.0390637
40.0000000,-4.1357611,-2.8837914,-8.3466910,0.0022967,0.0036092,0.0014137
40.0100000,-4.1436190,-2.9122519,-8.3646758,-0.0050036,-0.0018669,0.0041346
40.0200000,-4.2318427,-2.9118618,-8.4161392,-0.0038831,-0.0045032,0.0025034
40.0300000,-4.1188758,-2.8453996,-8.4760842,0.0004894,-0.0027598,-0.0021568
40.0400000,-4.0665939,-2.7868827,-8.4398304,-0.0036897,0.0035280,0.0031683
40.0500000,-4.1252868,-2.7547892,-8.4655741,0.0007526,0.0038325,0.0012331
40.0600000,-4.0705053,-2.8112687,-8.4213100,-0.0040629,-0.0074848,-0.0018812
40.0700000,-3.9517549,-2.7767184,-8.5768428,-0.0012646,-0.0014391,0.0003024
40.0800000,-3.9657008,-2.7640187,-8.4958151,0.0021055,-0.0001038,0.0020521
40.0900000,-3.9531773,-2.7459283,-8.6486157,0.0043598,-0.0045851,0.0079351
40.1000000,-3.8157584,-2.6863728,-8.6539972,0.0049467,0.0018531,0.0013878
40.1100000,-3.8628753,-2.6795213,-8.6445355,0.0026002,0.0029005,-0.0023614
40.1200000,-3.8215833,-2.7039026,-8.6914747,-0.0015993,0.0004588,-0.0033391
40.1300000,-3.6562729,-2.6588954,-8.6212073,0.0007277,-0.0057889,0.0012561
40.1400000,-3.7149227,-2.6523235,-8.8892812,0.0043010,-0.0027103,-0.0030365
40.1500000,-3.6010879,-2.5086477,-8.7141781,-0.0012840,0.0034341,0.0024993
40.1600000,-3.6254228,-2.6061355,-8.7501276,-0.0014463,-0.0033556,0.0014895
40.1700000,-3.5654576,-2.5956862,-8.8193248,-0.0017827,-0.0046564,0.0013155
40.1800000,-3.5443796,-2.5431276,-8.7371516,-0.0023758,0.0002029,0.0049647
40.1900000,-3.6087101,-2.5365769,-8.8146877,-0.0040455,-0.0022425,0.0006604
40.2000000,-3.4878066,-2.4238070,-8.8805206,0.0025148,-0.0013311,0.0038895
40.2100000,-3.5054713,-2.4301572,-8.8858409,0.0001414,-0.0031548,-0.0017031
40.2200000,-3.4281006,-2.4395061,-8.8446545,-0.0001560,-0.0018573,-0.0022512
40.2300000,-3.3121100,-2.5425607,-8.8528738,-0.0032762,-0.0019507,0.0018412
40.2400000,-3.3522707,-2.4149446,-8.8980941,0.0047702,0.0006544,0.0010077
40.2500000,-3.3182623,-2.4823841,-8.9728966,0.0051281,0.0021201,-0.0026981
40.2600000,-3.3116857,-2.3315622,-8.8801850,0.0029782,0.0020321,0.0005024
40.2700000,-3.2732467,-2.3170812,-8.8772841,0.0028605,0.0011862,-0.0017838
40.2800000,-3.1941986,-2.2521540,-8.9781379,-0.0034108,0.0027250,-0.0010606
40.2900000,-3.2517565,-2.2849538,-9.0078170,0.0037640,-0.0043574,0.0021188
40.3000000,-3.2293816,-2.2502720,-9.0122322,0.0031726,-0.0009043,-0.0008168
40.3100000,-3.1658434,-2.1977650,-9.0002208,0.0037249,0.0038346,-0.0012548
40.3200000,-3.1184224,-2.2395190,-8.9351965,-0.0019067,-0.0017929,0.0035552
40.3300000,-3.0929764,-2.2338169,-8.9813664,0.0000757,-0.0097970,-0.0000096
40.3400000,-3.0278193,-2.2462163,-9.0711615,0.0033085,-0.0012513,-0.0107565
40.3500000,-2.9986380,-2.2151602,-9.0537635,0.0013203,-0.0027352,0.0019467
40.3600000,-2.9794063,-2.1406299,-9.0711938,-0.0042766,0.0040079,-0.0020651
40.3700000,-2.9995880,-2.0943939,-9.0969327,-0.0048137,0.0013494,-0.0008344
40.3800000,-2.9968136,-2.0600734,-9.1164233,0.0006550,0.0008441,-0.0000240
40.3900000,-2.9293143,-2.1773016,-9.1077038,-0.0037142,-0.0029418,-0.0024351
40.4000000,-2.8285137,-2.1879942,-9.0360515,-0.0017820,-0.0015770,-0.0025390
40.4100000,-2.9528400,-2.0639185,-9.1661069,-0.0007898,-0.0026266,0.0060283
40.4200000,-2.7541927,-2.0056578,-9.1520559,0.0025264,0.0008704,-0.0019886
40.4300000,-2.8181913,-2.0912099,-9.2291200,0.0019831,-0.0037747,-0.0060851
40.4400000,-2.7326875,-2.0165810,-9.1890780,-0.0022964,0.0014445,0.0033097
40.4500000,-2.6924103,-1.9193928,-9.2261653,-0.0012427,-0.0033331,-0.0013317
40.4600000,-2.7193375,-1.9710540,-9.1624770,0.0025006,0.0022300,0.0006117
40.4700000,-2.7847656,-1.9127808,-9.1976419,-0.0015734,-0.0033609,-0.0005183
40.4800000,-2.6325537,-1.9165012,-9.1602324,-0.0021666,0.0008537,-0.0025160
40.4900000,-2.6747713,-1.8887264,-9.3221801,-0.0033447,0.0041949,-0.0027104
40.5000000,-2.5134113,-1.8869094,-9.1867083,0.0001825,0.0033296,-0.0042173
40.5100000,-2.6363689,-1.8653543,-9.2841211,-0.0000267,0.0018531,0.0033896
40.5200000,-2.6131418,-1.8613841,-9.2481499,0.0019405,-0.0035284,-0.0023023
40.5300000,-2.5160433,-1.8689678,-9.2719148,-0.0029928,-0.0009256,-0.0007092
40.5400000,-2.5200299,-1.8186058,-9.3781128,-0.0016501,0.0028578,0.0027540
40.5500000,-2.5823522,-1.8421134,-9.2968960,0.0032046,-0.0016804,0.0009109
40.5600000,-2.5096288,-1.8353165,-9.3421229,-0.0005984,0.0036044,-0.0003842
40.5700000,-2.4781587,-1.7480528,-9.3620507,0.0025481,-0.0094104,-0.0019090
40.5800000,-2.4012126,-1.8489195,-9.3855388,-0.0037288,0.0031994,0.0025336
40.5900000,-2.4206265,-1.8827120,-9.2862874,-0.0019566,-0.0027891,0.0001496
40.6000000,-2.3477787,-1.6775916,-9.2807386,0.0042214,0.0042486,0.0014371
40.6100000,-2.2966862,-1.6065259,-9.4258907,0.0021393,-0.0022753,-0.0017869
40.6200000,-2.3739132,-1.7239596,-9.4611997,-0.0033302,0.0012165,0.0006611
40.6300000,-2.3149308,-1.6240794,-9.4119565,-0.0000976,0.0030222,0.0026208
40.6400000,-2.2783784,-1.6218064,-9.4070964,0.0019043,0.0024341,0.0036252
40.6500000,-2.1903673,-1.6613772,-9.3523219,0.0000672,-0.0003410,0.0020270
40.6600000,-2.2932513,-1.5927330,-9.3227222,0.0052658,-0.0024652,-0.0001947
40.6700000,-2.2510044,-1.5629972,-9.4416759,0.0064411,0.0070493,0.0008979
40.6800000,-2.1446119,-1.6497888,-9.5006553,0.0029108,0.0025002,0.0008771
40.6900000,-2.1412630,-1.5617827,-9.5352712,-0.0062853,0.0004860,-0.0017920
40.7000000,-2.1929838,-1.5747757,-9.4155953,0.0016777,0.0025539,-0.0014138
40.7100000,-2.1480239,-1.5681997,-9.4495145,0.0079528,0.0052805,-0.0015852
40.7200000,-2.1467450,-1.5598555,-9.3729882,-0.0032867,-0.0014349,0.0004186
40.7300000,-2.0495399,-1.5930256,-9.4599947,0.0003864,0.0007462,0.0056609
40.7400000,-2.0177700,-1.5087166,-9.4809048,-0.0019365,-0.0002817,-0.0057044
40.7500000,-2.0206947,-1.4284528,-9.4287476,0.0035262,-0.0024575,-0.0001937
40.7600000,-2.0572555,-1.4788367,-9.4183910,-0.0024354,0.0002126,-0.0020263
40.7700000,-1.9941668,-1.5383537,-9.4153251,0.0011015,0.0008977,0.0027213
40.7800000,-1.9693701,-1.4396079,-9.5131655,0.0049109,-0.0037064,0.0024471
40.7900000,-1.9442162,-1.4522910,-9.5140054,0.0032714,-0.0033812,-0.0022552
40.8000000,-2.0299753,-1.5281728,-9.5148529,-0.0019074,0.0006237,-0.0048354
40.8100000,-1.8995306,-1.4163320,-9.5616617,0.0020771,-0.0003944,0.0070235
40.8200000,-1.8506562,-1.4201810,-9.5625336,-0.0034447,0.0013743,0.0015462
40.8300000,-1.9180255,-1.5086361,-9.6035043,0.0008422,0.0003855,-0.0007632
40.8400000,-1.9150742,-1.4268944,-9.5527907,0.0016206,0.0030015,-0.0011092
40.8500000,-1.8568817,-1.3347358,-9.5085422,-0.0024644,-0.0008566,-0.0022541
40.8600000,-1.8720670,-1.3699282,-9.5336242,-0.0030522,0.0025968,-0.0007501
40.8700000,-1.8269110,-1.2831644,-9.5505618,-0.0024680,-0.0008939,0.0014477
40.8800000,-1.7315931,-1.2786663,-9.5245132,0.0012513,-0.0006304,-0.0029386
40.8900000,-1.8065068,-1.3771213,-9.5255389,0.0011486,0.0042362,-0.0061925
40.9000000,-1.7632769,-1.3397234,-9.4930502,-0.0011033,0.0020529,-0.0009470
40.9100000,-1.7039489,-1.3812250,-9.5943296,-0.0042700,-0.0019540,-0.0001146
40.9200000,-1.7068182,-1.2652857,-9.5492430,-0.0054088,0.0010398,0.0019341
40.9300000,-1.7512066,-1.3513251,-9.5860314,-0.0014126,0.0033342,0.0000423
40.9400000,-1.7078627,-1.2695682,-9.6451286,0.0020803,0.0002267,0.0017379
40.9500000,-1.6170195,-1.2451993,-9.6344511,-0.0064199,0.0014815,0.0002038
40.9600000,-1.6087224,-1.1774620,-9.6290910,0.0047609,0.0045576,-0.0020676
40.9700000,-1.6570305,-1.2670013,-9.6990885,-0.0008388,-0.0042218,0.0057605
40.9800000,-1.6920466,-1.2386151,-9.6055369,-0.0010121,0.0002634,0.0042478
40.9900000,-1.6758880,-1.1398738,-9.6165777,-0.0037522,0.0040609,-0.0027211
41.0000000,-1.6172308,-1.2624389,-9.6114559,0.0044484,-0.0036064,-0.0026036
41.0100000,-1.5605973,-1.2871632,-9.5736079,0.0036241,-0.0010503,0.0051873
41.0200000,-1.4538052,-1.1806084,-9.6326989,-0.0029495,0.0020742,-0.0035574
41.0300000,-1.5867910,-1.1774489,-9.5535857,0.0001166,0.0008778,-0.0021446
41.0400000,-1.5756095,-1.1966504,-9.6775010,0.0036014,-0.0024318,0.0032124
41.0500000,-1.5133899,-1.0468332,-9.6004027,-0.0000742,-0.0017278,-0.0008534
41.0600000,-1.5161191,-1.1082354,-9.7074930,0.0010607,-0.0067739,0.0039109
41.0700000,-1.5127474,-1.0978376,-9.7107146,-0.0016014,-0.0029964,-0.0018628
41.0800000,-1.5720014,-1.0507764,-9.5495082,0.0013157,0.0003469,0.0017213
41.0900000,-1.3929868,-1.1439658,-9.7507769,-0.0031135,0.0014736,0.0000386
41.1000000,-1.3695621,-1.1495188,-9.5962656,0.0014623,-0.0053034,0.0028562
41.1100000,-1.5017185,-1.0618491,-9.5795626,0.0026467,-0.0020977,0.0011486
41.1200000,-1.4563679,-1.0791454,-9.6876460,0.0029128,-0.0052828,0.0028586
41.1300000,-1.4068293,-1.0516848,-9.6582356,-0.0004341,-0.0030475,0.0032521
41.1400000,-1.4462431,-0.9591176,-9.6614370,-0.0009098,0.0037879,0.0020080
41.1500000,-1.3183368,-1.0670873,-9.7146751,0.0046015,0.0015050,0.0033674
41.1600000,-1.3317274,-1.0155257,-9.6845124,0.0028992,0.0025099,-0.0000763
41.1700000,-1.3935239,-1.0389948,-9.6330065,-0.0054869,0.0012070,-0.0041017
41.1800000,-1.3115776,-1.0134911,-9.7426740,-0.0030367,-0.0009461,-0.0048294
41.1900000,-1.3544338,-0.9971486,-9.6360418,0.0012782,0.0022429,0.0034886
41.2000000,-1.3273390,-0.9234093,-9.7671985,0.0004206,0.0023860,-0.0001342
41.2100000,-1.2484503,-0.9821857,-9.6969071,-0.0015988,0.0003531,-0.0027028
41.2200000,-1.3168174,-1.0000298,-9.6518905,-0.0010762,-0.0003295,0.0064500
41.2300000,-1.3119499,-1.0376500,-9.6497012,0.0014189,0.0000729,0.0002736
41.2400000,-1.2802719,-0.9115377,-9.7322398,-0.0060437,0.0049045,-0.0028138
41.2500000,-1.1770905,-0.9211485,-9.6700742,-0.0024131,0.0004508,0.0011067
41.2600000,-1.2401850,-0.8679561,-9.7238776,-0.0065248,-0.0026657,-0.0021095
41.2700000,-1.1967060,-0.9348150,-9.6690838,0.0051704,-0.0006387,0.0061241
41.2800000,-1.1961342,-0.8392592,-9.6718571,0.0042974,0.0008266,-0.0025025
41.2900000,-1.3547776,-0.9174296,-9.6954806,-0.0002587,-0.0029662,-0.0042262
41.3000000,-1.2267875,-0.9018028,-9.6783068,-0.0044529,0.0045213,-0.0009962
41.3100000,-1.2148243,-0.9763426,-9.6275254,-0.0014223,-0.0003749,-0.0052206
41.3200000,-1.0794955,-0.8128286,-9.7534886,0.0016563,-0.0027820,-0.0011308
41.3300000,-1.1183143,-0.8400908,-9.7389096,-0.0016240,-0.0059015,-0.0000293
41.3400000,-1.1553054,-0.9105885,-9.6693463,-0.0010930,0.0018816,0.0006753
41.3500000,-1.1516645,-0.8553050,-9.7026334,0.0028805,-0.0026427,0.0011124
41.3600000,-1.1096230,-0.7893070,-9.6941243,0.0017592,-0.0003333,0.0016494
41.3700000,-1.0871969,-0.8262247,-9.6747141,-0.0035309,-0.0000323,-0.0009969
41.3800000,-1.0885531,-0.8024660,-9.7061244,0.0005761,0.0009837,0.0029871
41.3900000,-1.1160466,-0.7967798,-9.7316712,0.0022963,0.0012389,0.0052239
41.4000000,-1.0479333,-0.7882560,-9.7111112,-0.0020852,-0.0002280,0.0030019
41.4100000,-1.0137751,-0.7552974,-9.7302089,0.0017274,0.0017657,-0.0042458
41.4200000,-1.0823766,-0.7510520,-9.6761608,0.0003852,-0.0008677,0.0019324
41.4300000,-1.0853865,-0.6915240,-9.7115886,0.0004123,0.0072684,0.0057035
41.4400000,-1.0382057,-0.7955204,-9.7750688,-0.0012999,0.0027167,0.0039613
41.4500000,-0.9839962,-0.6740661,-9.7233906,-0.0029355,-0.0036999,0.0039698
41.4600000,-0.9121890,-0.6335385,-9.7575174,-0.0017799,-0.0005666,0.0030559
41.4700000,-0.9385917,-0.7660930,-9.7738268,-0.0026145,-0.0035783,-0.0022371
41.4800000,-1.0258247,-0.7423597,-9.7504261,-0.0025669,-0.0030814,0.0020165
41.4900000,-0.9228872,-0.7322963,-9.7114594,-0.0009158,0.0014588,-0.0069837
41.5000000,-0.9151314,-0.7033617,-9.7466317,-0.0017138,-0.0024403,0.0004455
41.5100000,-1.0474331,-0.7406830,-9.7318677,-0.0017422,-0.0010819,-0.0019856
41.5200000,-0.9375341,-0.6866202,-9.7916424,-0.0013918,0.0008366,-0.0012324
41.5300000,-0.8981708,-0.7249761,-9.7305027,-0.0012008,0.0035083,-0.0081524
41.5400000,-0.9514569,-0.6561657,-9.6613814,0.0015205,-0.0069155,0.0065388
41.5500000,-0.9413187,-0.6497903,-9.6896660,-0.0012690,-0.0015340,0.0053104
41.5600000,-0.8054970,-0.6573635,-9.7049645,0.0068703,-0.0009377,-0.0013240
41.5700000,-0.9534189,-0.6694912,-9.7705748,-0.0005679,0.0001147,0.0023848
41.5800000,-0.9417152,-0.5708075,-9.6983846,-0.0008013,0.0005237,0.0000901
41.5900000,-0.8638486,-0.6633454,-9.8299671,-0.0012353,-0.0027741,0.0005883
41.6000000,-0.8317330,-0.6415392,-9.7642645,0.0013201,-0.0014227,-0.0014444
41.6100000,-0.9051623,-0.5949417,-9.7319482,-0.0017108,0.0001531,0.0011729
41.6200000,-0.8725898,-0.6537691,-9.7710542,0.0032202,0.0007536,0.0036709
41.6300000,-0.9115452,-0.6522096,-9.7470009,0.0052480,-0.0015448,0.0008673
41.6400000,-0.8820091,-0.5803882,-9.8077673,0.0013231,0.0008253,0.0053229
41.6500000,-0.8489201,-0.6385237,-9.7576453,-0.0012080,-0.0032127,0.0021107
41.6600000,-0.7659630,-0.7101532,-9.7033204,-0.0060983,-0.0033970,0.0026637
41.6700000,-0.7920699,-0.4927815,-9.7915854,-0.0026579,-0.0027660,-0.0009646
41.6800000,-0.8231123,-0.5488565,-9.6385353,0.0027698,-0.0033168,0.0012892
41.6900000,-0.7692012,-0.6517850,-9.8599969,0.0021925,0.0030853,-0.0037223
41.7000000,-0.8466658,-0.5021041,-9.7285777,0.0009405,-0.0014296,0.0076956
41.7100000,-0.8681090,-0.5331579,-9.8310484,0.0003144,-0.0011474,0.0000230
41.7200000,-0.7716975,-0.6474163,-9.8423799,0.0046436,0.0003935,-0.0024886
41.7300000,-0.8504344,-0.5806091,-9.8900705,-0.0010143,0.0006546,-0.0021383
41.7400000,-0.6300270,-0.5148905,-9.7268419,-0.0010731,-0.0043381,-0.0001423
41.7500000,-0.6819649,-0.5840680,-9.8309984,-0.0039865,-0.0013597,0.0040588
41.7600000,-0.7030273,-0.4693922,-9.7420376,0.0021944,0.0026680,-0.0017975
41.7700000,-0.8600752,-0.5564324,-9.8065085,0.0024574,-0.0006731,0.0001968
41.7800000,-0.7563299,-0.6180836,-9.6757699,0.0012292,-0.0013065,-0.0021547
41.7900000,-0.6986219,-0.5790641,-9.8265279,-0.0026385,0.0040942,-0.0010339
41.8000000,-0.7369933,-0.4810155,-9.8147047,0.0001418,0.0018871,0.0001841
41.8100000,-0.6880310,-0.4984003,-9.7242952,0.0042259,0.0028248,-0.0014657
41.8200000,-0.5785191,-0.6167023,-9.8412094,-0.0008399,-0.0006625,-0.0009503
41.8300000,-0.7336858,-0.5135159,-9.7448850,-0.0019090,0.0020469,0.0008700
41.8400000,-0.7258822,-0.4651890,-9.7023336,-0.0024179,-0.0030388,-0.0008909
41.8500000,-0.6971681,-0.4957026,-9.7431161,-0.0026369,0.0026597,0.0017792
41.8600000,-0.7407391,-0.4515181,-9.8102086,0.0003131,0.0006332,-0.0017023
41.8700000,-0.6588769,-0.3844119,-9.7517980,-0.0036321,-0.0009316,0.0045168
41.8800000,-0.7273113,-0.4620290,-9.7666744,0.0002582,-0.0013825,-0.0021616
41.8900000,-0.6041544,-0.5594513,-9.7563910,-0.0024815,-0.0024582,0.0009145
41.9000000,-0.5977105,-0.3893822,-9.8239795,0.0023190,-0.0054509,-0.0022399
41.9100000,-0.6764202,-0.4425372,-9.7794448,-0.0042277,-0.0057524,0.0066973
41.9200000,-0.6684248,-0.4445917,-9.7295541,-0.0039259,-0.0032857,0.0025045
41.9300000,-0.6464070,-0.5782066,-9.8179862,0.0005307,-0.0032704,-0.0013365
41.9400000,-0.5499238,-0.4925924,-9.7524668,-0.0009979,-0.0019970,0.0025168
41.9500000,-0.6603088,-0.3324272,-9.8396648,-0.0014904,-0.0035926,-0.0035326
41.9600000,-0.5950043,-0.4006917,-9.7453381,0.0024070,0.0047832,0.0012074
41.9700000,-0.6684518,-0.4908335,-9.8113648,-0.0008162,-0.0033263,0.0020436
41.9800000,-0.5856379,-0.3622165,-9.8087754,0.0021349,0.0044477,-0.0048977
41.9900000,-0.5922569,-0.4305000,-9.7927133,-0.0036048,0.0018164,0.0001562
42.0000000,-0.5694838,-0.4826159,-9.7180888,-0.0026115,0.0019506,-0.0004487
42.0100000,-0.5492629,-0.4631148,-9.7254013,-0.0034903,-0.0023399,0.0019137
42.0200000,-0.5901169,-0.4524908,-9.7307511,0.0050768,-0.0030531,-0.0001983
42.0300000,-0.5357871,-0.3316892,-9.7939940,0.0025514,0.0045435,-0.0002751
42.0400000,-0.4972787,-0.4568572,-9.7649525,0.0026293,-0.0032651,-0.0000615
42.0500000,-0.5879428,-0.3935928,-9.7703561,0.0007254,-0.0009480,-0.0017063
42.0600000,-0.5241374,-0.4796017,-9.7329696,0.0000469,-0.0000150,0.0017878
42.0700000,-0.5597012,-0.5352015,-9.7863471,0.0028419,-0.0019219,-0.0012911
42.0800000,-0.5212908,-0.3249375,-9.7953530,-0.0038064,-0.0026641,-0.0017239
42.0900000,-0.5182597,-0.3505318,-9.7483474,-0.0034607,-0.0004363,0.0060804
42.1000000,-0.4448552,-0.3112601,-9.7585858,-0.0048110,0.0040276,-0.0018660
42.1100000,-0.5160000,-0.3617861,-9.8143824,-0.0037708,-0.0012875,-0.0021040
42.1200000,-0.5392700,-0.4416582,-9.7938776,0.0025893,0.0004829,-0.0007008
42.1300000,-0.5077856,-0.3887916,-9.7387983,0.0001727,-0.0029741,0.0021472
42.1400000,-0.3773476,-0.3974194,-9.8251032,-0.0010350,0.0024879,0.0065503
42.1500000,-0.5047396,-0.3158710,-9.8843689,-0.0064934,0.0020500,-0.0005404
42.1600000,-0.4291794,-0.3506378,-9.8752683,0.0014237,-0.0048021,0.0007904
42.1700000,-0.5616710,-0.3704767,-9.7353548,0.0044232,0.0000736,0.0005038
42.1800000,-0.5027122,-0.3534787,-9.7794771,-0.0051864,-0.0018584,-0.0048902
42.1900000,-0.4473457,-0.3563014,-9.7560044,0.0015827,-0.0010744,0.0016172
42.2000000,-0.4726359,-0.3821579,-9.7769359,0.0016487,-0.0023460,0.0025940
42.2100000,-0.5333198,-0.3432367,-9.8190718,0.0036458,0.0001285,0.0022178
42.2200000,-0.5798573,-0.3825825,-9.8908801,0.0001038,-0.0038306,-0.0057620
42.2300000,-0.4613925,-0.4006130,-9.7569446,0.0006678,0.0018752,-0.0050999
42.2400000,-0.4382281,-0.3483896,-9.7931224,-0.0002836,0.0001131,0.0016182
42.2500000,-0.4291708,-0.3483100,-9.9008196,0.0015443,-0.0030611,-0.0036186
42.2600000,-0.3977490,-0.3284305,-9.7911851,0.0029481,-0.0025340,-0.0013205
42.2700000,-0.5044863,-0.2633718,-9.7800687,0.0046179,-0.0027720,0.0007580
42.2800000,-0.4054931,-0.3600209,-9.8283764,0.0023234,-0.0040880,-0.0021050
42.2900000,-0.5120666,-0.3058005,-9.7521291,0.0002840,0.0029717,0.0047279
42.3000000,-0.4337112,-0.4048634,-9.8260900,0.0010213,-0.0036789,-0.0039215
42.3100000,-0.4435811,-0.3631280,-9.7682333,0.0038408,-0.0030131,0.0022891
42.3200000,-0.3773325,-0.2835568,-9.7276949,0.0045397,0.0032388,-0.0000676
42.3300000,-0.3322459,-0.2978210,-9.8555644,0.0045765,-0.0014113,-0.0021007
42.3400000,-0.4667098,-0.3347562,-9.7873358,-0.0040189,-0.0014088,-0.0022033
42.3500000,-0.4794680,-0.2801714,-9.8179493,-0.0013021,0.0015354,-0.0016541
42.3600000,-0.4203560,-0.2858532,-9.7711512,0.0035667,0.0024065,-0.0009781
42.3700000,-0.3553170,-0.3499909,-9.8047884,-0.0007781,0.0030017,-0.0008917
42.3800000,-0.2886350,-0.2455661,-9.7760122,0.0020011,0.0006517,0.0008386
42.3900000,-0.3465356,-0.3550177,-9.9073907,-0.0006953,0.0025606,-0.0015405
42.4000000,-0.4206379,-0.3213839,-9.8529452,-0.0046436,0.0023109,0.0011524
42.4100000,-0.3180186,-0.3098431,-9.9085990,0.0032225,0.0041463,0.0009522
42.4200000,-0.3443855,-0.2196156,-9.7954538,0.0004355,-0.0004392,0.0029345
42.4300000,-0.4347490,-0.3101432,-9.8666250,0.0002137,0.0015747,-0.0008689
42.4400000,-0.4193258,-0.2806997,-9.8048901,0.0036922,-0.0073796,-0.0012844
42.4500000,-0.4139556,-0.4137723,-9.8251983,0.0001835,-0.0049106,-0.0042116
42.4600000,-0.4255547,-0.2472498,-9.8277795,0.0029047,-0.0003844,0.0000630
42.4700000,-0.3679446,-0.2332596,-9.7920405,0.0012205,0.0004610,0.0010684
42.4800000,-0.3994626,-0.2611983,-9.8894191,0.0004843,-0.0013650,0.0051897
42.4900000,-0.3507944,-0.2398523,-9.9148288,-0.0007260,-0.0031379,-0.0019893
42.5000000,-0.3632707,-0.3464737,-9.8372169,-0.0016032,-0.0023524,-0.0008517
42.5100000,-0.3586044,-0.1984980,-9.8230444,-0.0066186,-0.0035048,0.0046919
42.5200000,-0.3084684,-0.2638445,-9.7962062,-0.0000900,0.0038193,-0.0016032
42.5300000,-0.3590259,-0.2528609,-9.7257531,-0.0107797,-0.0074301,0.0046217
42.5400000,-0.2808694,-0.1991706,-9.8035134,-0.0011830,0.0021637,0.0024707
42.5500000,-0.4035910,-0.1746005,-9.7698914,0.0042258,0.0005952,0.0015841
42.5600000,-0.3551867,-0.2563356,-9.8590638,-0.0025183,-0.0017038,-0.0024088
42.5700000,-0.3808936,-0.2364938,-9.8116211,-0.0003630,-0.0029354,-0.0008668
42.5800000,-0.4299172,-0.2424789,-9.7436436,-0.0042758,0.0080540,0.0030119
42.5900000,-0.3830019,-0.2427849,-9.7723536,0.0024964,0.0010279,0.0013588
42.6000000,-0.3341702,-0.3189746,-9.7690395,0.0031129,0.0063224,-0.0054400
42.6100000,-0.3581048,-0.1715079,-9.8458504,-0.0035419,0.0009106,-0.0003951
42.6200000,-0.2923338,-0.1146961,-9.8803144,-0.0003537,0.0012116,0.0013923
42.6300000,-0.2949285,-0.2160069,-9.7426120,-0.0033620,-0.0056686,-0.0002475
42.6400000,-0.3442985,-0.3452154,-9.8036277,-0.0010376,0.0035183,0.0024782
42.6500000,-0.3490116,-0.3917988,-9.7920895,0.0056493,0.0020521,0.0053218
42.6600000,-0.3148088,-0.2308528,-9.8108443,0.0027905,0.0019026,-0.0005305
42.6700000,-0.2681114,-0.3155746,-9.8028825,0.0028705,-0.0049562,-0.0034279
42.6800000,-0.3187462,-0.1779017,-9.7549576,0.0001214,-0.0009854,0.0027131
42.6900000,-0.3322148,-0.2935867,-9.7898525,0.0020078,0.0024091,-0.0026772
42.7000000,-0.2976486,-0.2682881,-9.7778983,0.0070925,-0.0014998,-0.0014432
42.7100000,-0.3250509,-0.0885266,-9.7852063,0.0008510,0.0015743,-0.0029470
42.7200000,-0.3222229,-0.1998910,-9.7593114,-0.0003399,0.0025863,-0.0036393
42.7300000,-0.2858808,-0.2870648,-9.7683331,-0.0005848,-0.0021356,-0.0009527
42.7400000,-0.3502808,-0.1606002,-9.7629585,0.0049858,0.0077572,-0.0009790
42.7500000,-0.2670274,-0.1268410,-9.7674188,0.0006381,0.0012349,0.0004866
42.7600000,-0.2804808,-0.2591562,-9.8210890,-0.0002602,0.0056480,-0.0025241
42.7700000,-0.3478719,-0.1818209,-9.8142808,-0.0011422,0.0002636,0.0057572
42.7800000,-0.2720315,-0.2286980,-9.8467100,0.0054006,-0.0003552,0.0004710
42.7900000,-0.2926013,-0.1545975,-9.8151565,-0.0009539,0.0018711,0.0042352
42.8000000,-0.2316637,-0.2690703,-9.8466311,-0.0015048,0.0064919,-0.0019109
42.8100000,-0.3377676,-0.2301631,-9.7439150,0.0039175,0.0014143,0.0001681
42.8200000,-0.3279316,-0.1659775,-9.8010084,-0.0005450,0.0002806,-0.0009787
42.8300000,-0.2511942,-0.1875817,-9.8180340,-0.0033208,0.0013428,-0.0024242
42.8400000,-0.3223739,-0.2641850,-9.8138694,-0.0005659,-0.0029290,0.0003274
42.8500000,-0.2217432,-0.1299114,-9.8004597,-0.0053680,-0.0071445,-0.0008305
42.8600000,-0.2784110,-0.2218397,-9.7863940,0.0022063,-0.0003306,-0.0004360
42.8700000,-0.1335276,-0.0991345,-9.7688143,-0.0039628,-0.0003654,-0.0031275
42.8800000,-0.1364027,-0.1227156,-9.7597558,-0.0029060,0.0037216,-0.0026906
42.8900000,-0.2663243,-0.1097756,-9.8064929,-0.0055078,-0.0009894,-0.0002902
42.9000000,-0.1862494,-0.1521654,-9.7512035,0.0038969,0.0001245,-0.0037180
42.9100000,-0.2102462,-0.1802237,-9.7431432,0.0015937,-0.0002812,-0.0007370
42.9200000,-0.2841416,-0.2564529,-9.7012145,-0.0026004,0.0030629,-0.0075960
42.9300000,-0.2961976,-0.1122237,-9.9038065,-0.0019062,0.0055383,-0.0013657
42.9400000,-0.2101352,-0.1742667,-9.8535104,-0.0009130,0.0043709,-0.0021197
42.9500000,-0.2705986,-0.2374787,-9.7714419,0.0064003,-0.0050207,0.0033165
42.9600000,-0.2435283,-0.1323790,-9.7311442,-0.0001377,-0.0024891,-0.0033332
42.9700000,-0.2002903,-0.1879002,-9.8363567,-0.0013525,0.0022572,-0.0027809
42.9800000,-0.2732287,-0.2026596,-9.7912416,0.0009637,-0.0032120,-0.0011592
42.9900000,-0.2856617,-0.1352682,-9.6468324,-0.0024727,0.0026843,0.0011945
43.0000000,-0.2262194,-0.3095361,-9.7340927,-0.0064810,0.0022320,0.0031215
43.0100000,-0.2573653,-0.2074822,-9.8402569,-0.0017747,-0.0023229,0.0004580
43.0200000,-0.2405921,-0.1184576,-9.8388877,0.0037509,0.0015075,0.0012555
43.0300000,-0.1456567,-0.0840749,-9.8237285,-0.0011691,-0.0014960,-0.0011688
43.0400000,-0.2136433,-0.1114647,-9.8628912,0.0022812,0.0002303,0.0054176
43.0500000,-0.2176322,-0.1930392,-9.7997464,0.0038879,0.0012542,0.0017391
43.0600000,-0.2148967,-0.1818165,-9.7697031,-0.0003360,-0.0032010,0.0053138
43.0700000,-0.2022305,-0.0706618,-9.7931972,0.0005858,0.0035267,-0.0003338
43.0800000,-0.1916305,-0.0308979,-9.8497703,-0.0010661,0.0002344,-0.0011721
43.0900000,-0.1793317,-0.1265160,-9.7910352,0.0019500,-0.0038563,-0.0010778
43.1000000,-0.1628208,-0.2059480,-9.8566406,0.0003735,0.0035355,0.0004766
43.1100000,-0.1561535,-0.1630532,-9.8163168,-0.0031679,0.0043260,-0.0001558
43.1200000,-0.2078051,-0.1539016,-9.8557768,-0.0005603,-0.0068889,0.0012409
43.1300000,-0.1343551,-0.2288223,-9.7869618,0.0008802,-0.0006702,0.0000949
43.1400000,-0.2670632,-0.1395780,-9.8133535,-0.0005851,0.0027686,-0.0000379
43.1500000,-0.1751288,-0.1186354,-9.7156728,-0.0003297,0.0008361,-0.0014265
43.1600000,-0.1820082,-0.1777794,-9.8801657,0.0077562,-0.0027968,-0.0037905
43.1700000,-0.1461708,-0.1637439,-9.7419712,0.0007939,-0.0018478,-0.0001631
43.1800000,-0.2542852,-0.2430581,-9.8253228,0.0035709,-0.0010043,-0.0011837
43.1900000,-0.1471155,-0.1682854,-9.7498528,0.0037558,0.0029509,-0.0011786
43.2000000,-0.1464662,-0.1652303,-9.8280838,0.0034099,0.0008629,-0.0005239
43.2100000,-0.1970324,-0.0480080,-9.8358579,-0.0047316,-0.0004036,0.0026505
43.2200000,-0.0756763,-0.2757274,-9.7598314,-0.0024188,0.0020263,0.0051929
43.2300000,-0.1635171,-0.1420632,-9.7732217,-0.0012255,-0.0009771,-0.0027768
43.2400000,-0.2092853,-0.1228385,-9.7118653,0.0026407,-0.0045785,-0.0057355
43.2500000,-0.1721329,-0.0939716,-9.7836604,0.0032965,0.0024145,-0.0031643
43.2600000,-0.1822897,-0.1090826,-9.7089204,-0.0000038,-0.0000853,0.0023912
43.2700000,-0.1438945,-0.1056361,-9.8411013,-0.0000122,-0.0004066,0.0010751
43.2800000,-0.1679250,-0.0652694,-9.8638814,-0.0010084,-0.0014519,0.0001608
43.2900000,-0.1499367,-0.1374372,-9.8512208,0.0007533,-0.0018005,0.0032509
43.3000000,-0.1657624,-0.0742469,-9.8692776,-0.0033739,0.0011516,0.0023555
43.3100000,-0.1784853,-0.1761422,-9.7944279,0.0075347,-0.0002986,-0.0005385
43.3200000,-0.1573645,-0.1866409,-9.8526780,0.0001200,0.0019220,0.0005229
43.3300000,-0.2447224,-0.0485864,-9.7826990,-0.0018890,-0.0020223,0.0015990
43.3400000,-0.1825149,-0.1404176,-9.8314006,0.0024963,0.0034927,0.0063850
43.3500000,-0.0758742,-0.0909677,-9.8096469,-0.0004574,-0.0034154,-0.0019426
43.3600000,-0.1070150,-0.0795650,-9.8556372,-0.0007084,0.0007010,0.0036751
43.3700000,-0.1525582,-0.1747266,-9.9013287,-0.0033133,-0.0019664,0.0023269
43.3800000,-0.1194274,-0.0707048,-9.8368429,-0.0013625,0.0033555,0.0010663
43.3900000,-0.0969166,-0.1323133,-9.8395141,0.0053716,0.0070537,-0.0019793
43.4000000,-0.0422800,-0.0928022,-9.7279481,0.0007311,0.0016474,-0.0014230
43.4100000,-0.1131336,-0.1118284,-9.8597962,0.0008938,-0.0052402,-0.0033150
43.4200000,-0.1541160,-0.0469581,-9.8427788,0.0040621,0.0008023,-0.0007761
43.4300000,-0.1255458,-0.1811922,-9.7768919,0.0019532,-0.0010387,-0.0001378
43.4400000,-0.1329553,-0.1320134,-9.7734866,0.0059298,-0.0000892,0.0040377
43.4500000,-0.1245025,-0.1293664,-9.8758960,0.0008566,-0.0012029,-0.0070230
43.4600000,-0.0452729,-0.1392408,-9.8636108,0.0035304,-0.0001342,-0.0005286
43.4700000,-0.1175479,-0.0615296,-9.8581729,0.0053079,-0.0025113,-0.0023941
43.4800000,-0.1929623,-0.0908061,-9.8411497,-0.0009408,-0.0019992,0.0040352
43.4900000,-0.0849923,-0.0542953,-9.8299057,0.0005837,0.0036181,-0.0058540
43.5000000,-0.1713079,-0.0569405,-9.7878924,-0.0013391,0.0023089,0.0045741
43.5100000,-0.1633735,-0.1689979,-9.8497689,0.0059244,0.0002604,-0.0047879
43.5200000,-0.1715650,-0.0817303,-9.7597865,-0.0003446,-0.0061460,-0.0010402
43.5300000,-0.1245268,-0.0964457,-9.7978394,0.0034562,0.0020923,-0.0019952
43.5400000,-0.1725933,-0.1166106,-9.8238522,-0.0047956,-0.0006813,0.0013863
43.5500000,-0.1463220,-0.1357583,-9.8090657,-0.0055855,0.0035190,-0.0039912
43.5600000,-0.0752827,-0.0412291,-9.7941833,-0.0000848,0.0083710,-0.0017312
43.5700000,-0.1309605,-0.0747940,-9.8415796,-0.0013399,-0.0013496,0.0003969
43.5800000,-0.1660455,-0.0509058,-9.7188260,0.0038289,-0.0013253,-0.0059817
43.5900000,-0.1455010,-0.0835029,-9.7549781,0.0019166,-0.0011176,-0.0012644
43.6000000,-0.1798454,-0.1400469,-9.7953027,-0.0056883,0.0015673,-0.0043498
43.6100000,-0.1818732,-0.1219891,-9.7882970,0.0039262,-0.0000733,0.0018760
43.6200000,-0.1605378,-0.1513024,-9.8368329,0.0002310,0.0009479,-0.0043544
43.6300000,-0.1935917,-0.1689936,-9.8604727,0.0012038,-0.0002189,-0.0027956
43.6400000,-0.0986147,-0.1411934,-9.8147892,-0.0034065,-0.0013281,0.0014365
43.6500000,-0.0620310,-0.0416418,-9.8361555,-0.0020763,0.0003022,-0.0020132
43.6600000,-0.1004521,-0.0439425,-9.7661201,0.0002665,0.0000536,0.0024964
43.6700000,-0.0983531,-0.0753324,-9.7717876,-0.0014198,0.0033676,-0.0026102
43.6800000,-0.1123432,-0.1269868,-9.8010937,0.0000690,0.0031744,0.0032259
43.6900000,-0.0722306,-0.0422433,-9.8210698,0.0049227,-0.0033056,0.0011468
43.7000000,-0.0399165,-0.0415022,-9.8042135,0.0010166,0.0000321,-0.0025251
43.7100000,-0.0807201,-0.0376570,-9.8059543,0.0060225,-0.0005023,-0.0011524
43.7200000,0.0063982,-0.0519753,-9.9372527,-0.0011668,-0.0001908,0.0027612
43.7300000,-0.0134899,-0.0699460,-9.7601948,-0.0052034,-0.0109240,0.0002947
43.7400000,-0.1045573,-0.1186232,-9.7000307,0.0009921,-0.0025272,0.0051435
43.7500000,-0.0790289,-0.0354237,-9.8283444,-0.0023008,0.0023015,-0.0052835
43.7600000,-0.0792822,-0.1202004,-9.8430595,0.0051695,-0.0037022,0.0018725
43.7700000,0.0007836,-0.1038455,-9.8538229,0.0011096,-0.0020590,-0.0036464
43.7800000,-0.0814435,-0.0824318,-9.8150227,-0.0006325,-0.0007338,-0.0000989
43.7900000,-0.0617774,-0.2336503,-9.7819641,0.0034868,-0.0031522,0.0013564
43.8000000,-0.0403761,-0.0513456,-9.8279604,0.0017247,0.0012887,0.0065886
43.8100000,-0.0737009,-0.0889069,-9.8234995,0.0004172,0.0035672,0.0029233
43.8200000,-0.0500985,-0.1268493,-9.8212531,0.0003135,-0.0012401,-0.0007963
43.8300000,-0.1339281,-0.0341192,-9.8264968,0.0023573,0.0000068,0.0005235
43.8400000,-0.1088713,-0.1117970,-9.7439325,-0.0014021,0.0014960,0.0044750
43.8500000,-0.0431157,-0.0748999,-9.7915639,0.0039392,-0.0029813,0.0029779
43.8600000,-0.1406935,-0.0336183,-9.8143074,-0.0059713,0.0012243,-0.0020421
43.8700000,-0.0653529,-0.1300333,-9.7528477,0.0020772,0.0032562,-0.0005737
43.8800000,-0.1174676,-0.0343618,-9.8109609,0.0048836,0.0056015,0.0028321
43.8900000,-0.1174727,-0.0106190,-9.7713964,0.0017330,0.0036459,0.0006565
43.9000000,0.0035689,-0.1172752,-9.8955237,0.0064930,-0.0046785,0.0085312
43.9100000,-0.0395893,0.0051127,-9.7270658,-0.0008132,-0.0060138,0.0002850
43.9200000,-0.1131203,-0.0873951,-9.7737673,0.0015966,-0.0052622,-0.0059401
43.9300000,-0.1079349,-0.0621638,-9.7541236,0.0026173,0.0004373,0.0029025
43.9400000,-0.0300672,-0.0491377,-9.7961843,-0.0047232,0.0026309,0.0016463
43.9500000,-0.0964916,-0.0929588,-9.8454939,-0.0007639,-0.0013208,0.0023982
43.9600000,-0.0820216,-0.0450214,-9.7533126,0.0009587,-0.0008464,-0.0013940
43.9700000,-0.0745582,-0.0672347,-9.7689413,-0.0016547,-0.0041349,0.0002884
43.9800000,-0.1246177,-0.0178393,-9.7636537,-0.0018255,-0.0038031,0.0011297
43.9900000,-0.0690096,-0.1468788,-9.8389712,0.0026369,-0.0009052,-0.0018135
44.0000000,-0.0575610,-0.0987461,-9.8307664,0.0045315,-0.0034944,-0.0008306
44.0100000,-0.0201679,-0.0740345,-9.8581241,-0.0044607,-0.0057306,-0.0029034
44.0200000,-0.0874832,-0.0876601,-9.6739503,0.0064917,-0.0013523,-0.0006725
44.0300000,-0.1003826,0.0107066,-9.8306694,-0.0020428,-0.0012724,0.0008941
44.0400000,-0.0543492,-0.0357434,-9.7853106,-0.0010477,0.0024180,0.0034990
44.0500000,-0.0424916,-0.0626793,-9.8569090,-0.0006937,-0.0008273,0.0010711
44.0600000,-0.0065317,-0.0102991,-9.8718610,0.0018357,0.0011018,0.0034012
44.0700000,-0.0427977,0.0219199,-9.8050994,-0.0020589,0.0019512,0.0011800
44.0800000,-0.0513043,0.0170818,-9.8747387,-0.0028133,0.0033044,-0.0041094
44.0900000,-0.0083002,-0.0699322,-9.7448224,-0.0008994,0.0044238,0.0020094
44.1000000,-0.0884035,-0.0425267,-9.8608275,0.0050970,-0.0032713,-0.0053931
44.1100000,-0.1549031,-0.0152878,-9.9626452,-0.0048270,-0.0008756,0.0025263
44.1200000,-0.0846251,-0.0884598,-9.8077250,-0.0016068,-0.0032835,0.0024280
44.1300000,-0.0372519,-0.1300604,-9.8488520,0.0031275,-0.0048900,0.0005012
44.1400000,-0.0777823,-0.0327063,-9.7550234,-0.0027116,0.0035357,0.0059611
44.1500000,-0.1100089,-0.0279643,-9.8195429,0.0070650,0.0029517,0.0006335
44.1600000,-0.0770529,0.0323769,-9.7607758,0.0008760,-0.0042051,0.0039163
44.1700000,-0.0393261,-0.0593227,-9.7654794,0.0037662,-0.0036826,0.0036639
44.1800000,-0.0948259,0.0067471,-9.7918060,0.0003844,0.0041674,0.0055947
44.1900000,-0.0270249,-0.0316139,-9.8122290,-0.0006816,0.0014142,-0.0034340
44.2000000,-0.0299775,-0.0429554,-9.8240870,-0.0032628,0.0025524,0.0011142
44.2100000,-0.0790303,-0.0799752,-9.7871534,0.0044139,-0.0023867,0.0022606
44.2200000,-0.1125778,-0.0058409,-9.7534405,-0.0015180,0.0011383,-0.0030639
44.2300000,-0.0628064,0.0012444,-9.8210086,0.0013238,-0.0040757,0.0011285
44.2400000,0.0124310,-0.0216694,-9.8183106,0.0028646,0.0026881,-0.0002643
44.2500000,-0.0401009,-0.0560307,-9.8068509,0.0024408,0.0012815,-0.0023759
44.2600000,-0.0224530,0.0546530,-9.8086991,-0.0017794,0.0006481,0.0011219
44.2700000,-0.0429835,-0.0147382,-9.8086478,-0.0031036,-0.0052436,0.0035230
44.2800000,-0.0453880,0.0172928,-9.7762897,-0.0057420,-0.0044532,0.0038856
44.2900000,-0.0715690,-0.0791089,-9.9163614,-0.0014349,0.0036064,-0.0057841
44.3000000,-0.0363943,-0.1223482,-9.8284154,0.0099968,0.0007887,0.0026940
44.3100000,0.0061939,-0.0292375,-9.8327548,-0.0027185,-0.0009655,-0.0037269
44.3200000,-0.1076350,-0.0218993,-9.8447726,0.0016381,0.0037073,-0.0018886
44.3300000,-0.0731922,-0.1187454,-9.7669104,0.0060871,0.0003628,-0.0042808
44.3400000,-0.0117483,-0.1648585,-9.7692113,-0.0016501,-0.0021729,-0.0076891
44.3500000,-0.1365604,-0.0237536,-9.8243554,0.0007232,-0.0003970,0.0019469
44.3600000,-0.0937823,-0.1769047,-9.8716013,0.0013326,0.0007433,-0.0009259
44.3700000,-0.1078491,-0.0981312,-9.7662760,-0.0048657,0.0029289,0.0000019
44.3800000,-0.0191382,0.0369409,-9.7778104,0.0037588,-0.0026950,0.0023722
44.3900000,-0.0612530,-0.0401496,-9.8324603,0.0015006,-0.0009298,0.0022789
44.4000000,-0.0585736,0.0302512,-9.8597944,-0.0010404,-0.0039950,-0.0050380
44.4100000,-0.0314134,0.0390060,-9.8474208,0.0020368,0.0017054,-0.0016248
44.4200000,-0.0529493,-0.0799849,-9.7828480,-0.0016060,0.0021921,-0.0013912
44.4300000,0.0198350,0.0166262,-9.8028124,0.0035812,-0.0037528,-0.0032748
44.4400000,-0.1009757,-0.0071411,-9.7937085,-0.0029975,-0.0010529,0.0038602
44.4500000,-0.0931675,-0.0851142,-9.7190425,-0.0070229,-0.0015766,0.0013753
44.4600000,0.0491446,-0.1389572,-9.7833599,0.0030808,0.0046547,0.0000969
44.4700000,-0.1162388,-0.0207544,-9.8060455,0.0014658,0.0039865,-0.0014485
44.4800000,-0.0706779,-0.0461189,-9.9514779,0.0016205,0.0059121,0.0024758
44.4900000,-0.0215004,0.0203288,-9.7821325,-0.0014907,-0.0013266,-0.0029238
44.5000000,-0.0714399,-0.0186136,-9.7501687,-0.0015837,-0.0013549,-0.0011977
44.5100000,-0.0196973,-0.0507723,-9.7834358,0.0007154,0.0003012,-0.0020043
44.5200000,0.0154024,-0.1562880,-9.9016607,0.0003318,-0.0016414,-0.0029071
44.5300000,-0.0426485,-0.0494317,-9.8040295,0.0032512,-0.0047825,0.0022320
44.5400000,-0.0175864,-0.0338577,-9.8381795,0.0035279,-0.0033862,-0.0047503
44.5500000,-0.0535201,-0.0469837,-9.7792030,-0.0020225,0.0028454,0.0020309
44.5600000,-0.0757901,-0.0538803,-9.8217725,0.0016141,0.0014807,-0.0003939
44.5700000,-0.0200978,0.0068892,-9.7941995,0.0017684,0.0002919,0.0013694
44.5800000,-0.0358157,-0.0442720,-9.7337675,0.0069293,0.0012220,0.0009508
44.5900000,-0.0723443,-0.0677016,-9.7634112,-0.0000065,0.0028999,0.0035339
44.6000000,-0.0156623,-0.1210908,-9.7819973,0.0040712,-0.0044962,0.0000773
44.6100000,-0.0463096,-0.0935231,-9.8081326,0.0037787,-0.0040282,-0.0004681
44.6200000,-0.1319188,0.0245236,-9.7330016,0.0055178,0.0047045,0.0043758
44.6300000,-0.0013318,0.0400411,-9.7374692,-0.0009269,-0.0050474,0.0041168
44.6400000,-0.0721452,-0.0768899,-9.8008642,-0.0063576,0.0005082,-0.0024921
44.6500000,-0.0356178,-0.0661454,-9.8423439,0.0039380,0.0003796,0.0031507
44.6600000,-0.0512188,-0.0838128,-9.8584438,0.0038676,0.0024231,-0.0056557
44.6700000,-0.0657716,-0.0253858,-9.8122799,-0.0043436,-0.0018938,-0.0026991
44.6800000,0.0078824,0.0279566,-9.7795355,-0.0018385,-0.0053688,-0.0034664
44.6900000,-0.0977402,0.0249187,-9.7901500,0.0037088,0.0008235,0.0031919
44.7000000,-0.0555821,-0.0571711,-9.7995732,-0.0027963,0.0022767,0.0000358
44.7100000,-0.0473923,-0.0219757,-9.9133834,-0.0028530,-0.0015479,0.0021509
44.7200000,-0.0643698,0.0253285,-9.8714567,-0.0002479,0.0024862,-0.0001867
44.7300000,-0.0215377,0.0265316,-9.8910180,0.0036190,0.0024018,0.0069634
44.7400000,-0.0153987,-0.0567575,-9.7576557,0.0003331,-0.0003010,0.0004178
44.7500000,0.0148250,-0.0668209,-9.8280368,-0.0030815,0.0011897,-0.0010800
44.7600000,-0.0402947,0.0161279,-9.8009394,-0.0004101,0.0022018,-0.0042897
44.7700000,-0.0684645,0.0140089,-9.7766487,-0.0004977,0.0035290,0.0001213
44.7800000,-0.0610813,0.0006359,-9.8282496,-0.0001361,-0.0046737,0.0004335
44.7900000,-0.1485684,-0.0238219,-9.8126913,-0.0000629,0.0012944,-0.0011918
44.8000000,0.0254711,-0.0452693,-9.7814163,-0.0055819,0.0006884,0.0035395
44.8100000,-0.1241651,0.0384724,-9.6912665,0.0043640,-0.0002175,-0.0037058
44.8200000,-0.0015015,0.0247826,-9.7937720,0.0050833,0.0004447,0.0001198
44.8300000,-0.1291170,0.0041361,-9.7743909,0.0022053,0.0009858,0.0006488
44.8400000,-0.0691736,-0.0058798,-9.8030054,-0.0067290,-0.0004543,0.0051172
44.8500000,0.0111737,0.0010076,-9.8834023,-0.0023471,-0.0046298,-0.0027693
44.8600000,-0.1072867,0.0173214,-9.7693369,-0.0066626,0.0025802,0.0008251
44.8700000,-0.0988630,-0.0553422,-9.8420376,-0.0004593,-0.0004582,0.0010032
44.8800000,-0.0564584,-0.0777878,-9.7561886,0.0016833,0.0030663,-0.0015334
44.8900000,-0.0001492,-0.0085752,-9.7810851,0.0005838,-0.0001398,0.0018376
44.9000000,-0.0431223,0.0866275,-9.8163350,0.0019214,-0.0037255,-0.0002462
44.9100000,-0.0004745,-0.0082264,-9.8691426,0.0010528,-0.0030981,0.0034020
44.9200000,-0.0322547,-0.0772802,-9.7299968,-0.0014330,-0.0014648,0.0025909
44.9300000,-0.0875450,0.0186558,-9.9390789,-0.0004003,-0.0026836,-0.0014057
44.9400000,0.0200027,0.0034500,-9.7976345,0.0017918,-0.0003586,-0.0033310
44.9500000,-0.0222083,-0.0577242,-9.7810476,-0.0009053,0.0002484,0.0016195
44.9600000,-0.0869965,0.0077532,-9.8030191,0.0034210,-0.0035831,-0.0004087
44.9700000,-0.0216919,0.0194222,-9.7511782,-0.0075436,-0.0022440,0.0035681
44.9800000,-0.0123733,-0.0063168,-9.8807440,0.0035691,-0.0016833,-0.0009347
44.9900000,-0.0490043,-0.0098596,-9.8155503,-0.0018911,-0.0019322,-0.0003840
45.0000000,0.0662694,-0.0520425,-9.8685023,-0.0037143,0.0031942,-0.0049260
45.0100000,-0.0872908,-0.0097337,-9.7936668,-0.0010692,-0.0011524,-0.0018777
45.0200000,0.0411680,-0.0606998,-9.7776815,0.0014236,-0.0065325,0.0015605
45.0300000,-0.0010268,-0.0968383,-9.8274832,-0.0000268,-0.0000884,0.0055898
45.0400000,0.0015765,-0.1142556,-9.8419027,-0.0016165,-0.0073621,0.0065519
45.0500000,-0.0899397,-0.1188408,-9.7680305,0.0007914,0.0018933,-0.0047159
45.0600000,-0.0323773,-0.0729820,-9.7303170,-0.0010841,0.0008055,-0.0077920
45.0700000,-0.0293773,-0.0594030,-9.8544821,-0.0028654,0.0045029,-0.0027577
45.0800000,0.0395795,-0.1098630,-9.7806638,0.0023498,-0.0014182,0.0035965
45.0900000,0.0036458,0.0572789,-9.8188127,0.0002987,-0.0014500,0.0001846
45.1000000,0.0732599,-0.0256307,-9.7588514,-0.0013590,-0.0019870,0.0018941
45.1100000,-0.0004656,0.0529058,-9.7954448,-0.0026352,-0.0003120,0.0014298
45.1200000,-0.0455228,-0.0604232,-9.8253185,-0.0030301,-0.0017158,-0.0035813
45.1300000,0.0344695,-0.1219733,-9.8741656,0.0011843,-0.0002659,-0.0010316
45.1400000,-0.0084218,-0.0456543,-9.7620126,0.0033871,-0.0014115,0.0045353
45.1500000,0.0339391,-0.0105269,-9.8127728,-0.0003441,0.0030446,0.0030711
45.1600000,-0.0209549,-0.0154188,-9.8352874,0.0075316,0.0004360,-0.0045144
45.1700000,-0.0848055,-0.0136366,-9.9554560,-0.0003860,0.0010205,-0.0023687
45.1800000,-0.0881565,-0.0555843,-9.8413759,0.0006810,0.0082702,0.0009379
45.1900000,-0.0639039,-0.0762699,-9.8225724,-0.0014232,0.0026162,-0.0024521
45.2000000,-0.0769011,0.0225960,-9.8102668,0.0016195,-0.0006252,0.0005479
45.2100000,-0.0502302,0.0076862,-9.8024640,-0.0034304,0.0011920,-0.0025571
45.2200000,0.0079299,0.0060258,-9.8190778,0.0059743,-0.0008525,0.0030051
45.2300000,0.0447615,-0.0155144,-9.8471176,-0.0008476,0.0022517,-0.0010812
45.2400000,-0.0436769,0.0224595,-9.8364959,0.0029953,0.0067739,-0.0020464
45.2500000,-0.0296936,-0.0151484,-9.8428258,0.0040404,0.0041820,-0.0003423
45.2600000,0.0405779,0.0936633,-9.8645757,0.0027850,-0.0033055,0.0004948
45.2700000,-0.0537958,-0.1028042,-9.8854199,-0.0043788,0.0050770,0.0002168
45.2800000,-0.0842661,-0.0348472,-9.8126318,-0.0009912,0.0052979,-0.0010465
45.2900000,0.0193342,-0.0486575,-9.7827563,0.0016768,-0.0007697,-0.0001746
45.3000000,-0.0195005,0.0277722,-9.8257803,-0.0021378,-0.0025901,0.0006512
45.3100000,0.0351647,-0.0795700,-9.7729838,-0.0023025,0.0007888,-0.0030344
45.3200000,-0.0304814,-0.0166673,-9.8941246,-0.0001640,-0.0006425,-0.0052718
45.3300000,-0.0135478,0.0166957,-9.8430517,-0.0009423,0.0000200,-0.0027997
45.3400000,-0.0326182,-0.0164814,-9.8584650,-0.0006448,0.0023862,0.0007881
45.3500000,-0.0299470,0.0114841,-9.7363435,0.0012292,0.0032224,-0.0016463
45.3600000,-0.0788621,-0.0033155,-9.7467661,-0.0012096,0.0014228,0.0063453
45.3700000,-0.0529536,0.0648135,-9.8358638,0.0027461,0.0011849,0.0015612
45.3800000,0.0012030,0.0521808,-9.7787569,0.0034244,0.0015222,0.0029172
45.3900000,-0.1659747,-0.0538658,-9.7940540,0.0006184,-0.0010043,-0.0003555
45.4000000,0.0318434,-0.0234186,-9.8353241,0.0020055,-0.0065949,-0.0009226
45.4100000,0.0518620,-0.0107084,-9.8409548,-0.0028585,-0.0050412,0.0001923
45.4200000,0.0074186,-0.0126494,-9.8053503,-0.0069286,0.0051277,-0.0000872
45.4300000,-0.0694377,-0.0420986,-9.7678537,0.0014996,-0.0018072,-0.0035594
45.4400000,0.0163623,-0.0100559,-9.8318843,0.0025542,-0.0021137,0.0026088
45.4500000,0.0344897,-0.0645290,-9.8486923,-0.0031635,0.0031517,-0.0081962
45.4600000,-0.0703904,0.0290432,-9.7822528,-0.0021644,-0.0004768,0.0019969
45.4700000,-0.0702491,-0.0309797,-9.8026021,0.0024725,-0.0035597,-0.0053771
45.4800000,0.0816092,0.1051368,-9.7715886,-0.0027823,0.0033068,-0.0028529
45.4900000,0.0172929,0.0306825,-9.7533900,0.0061663,0.0019724,-0.0015865
45.5000000,0.0116603,-0.0922003,-9.7998752,-0.0006628,-0.0008721,0.0025774
45.5100000,-0.0491582,-0.0866489,-9.8475453,-0.0027327,-0.0010037,0.0043343
45.5200000,-0.0354615,-0.0385668,-9.7313470,0.0022962,0.0063966,-0.0059618
45.5300000,-0.0498206,-0.0269155,-9.8020707,-0.0037498,0.0002964,-0.0032942
45.5400000,0.0249391,-0.0422638,-9.7832276,0.0026412,0.0003052,0.0005326
45.5500000,0.0932552,0.0059064,-9.7600115,0.0020907,0.0065088,0.0056655
45.5600000,-0.0573020,-0.0302053,-9.9007240,-0.0036217,-0.0017677,0.0001721
45.5700000,-0.0739205,0.0376105,-9.8386391,0.0074292,0.0024441,0.0011438
45.5800000,-0.0046751,0.0423443,-9.7852584,0.0003658,-0.0027977,0.0034069
45.5900000,-0.0754644,0.0711554,-9.7855179,0.0036391,-0.0017749,0.0005656
45.6000000,0.0140344,0.0304431,-9.8170440,0.0032041,-0.0009304,-0.0016708
45.6100000,-0.0034948,0.0030006,-9.8077393,0.0045575,-0.0023250,0.0005271
45.6200000,0.0072475,0.0441232,-9.7899375,-0.0011790,0.0053970,-0.0020502
45.6300000,-0.0146582,-0.0441957,-9.8196803,-0.0024517,-0.0029469,0.0010966
45.6400000,-0.0140656,0.0784594,-9.9354683,-0.0078655,0.0004223,-0.0011074
45.6500000,-0.0501967,0.0632213,-9.9411760,0.0008262,0.0023680,0.0013901
45.6600000,-0.0107334,0.0123390,-9.7149567,-0.0005461,-0.0016388,0.0032605
45.6700000,0.0201446,0.0461285,-9.7775752,-0.0009375,0.0017746,0.0025985
45.6800000,-0.0133838,-0.0591201,-9.8171298,0.0031932,-0.0019970,-0.0036852
45.6900000,0.0638525,-0.0255651,-9.7900279,-0.0011322,-0.0017197,0.0014004
45.7000000,-0.0812932,0.0202277,-9.8389945,-0.0001849,0.0039211,-0.0001110
45.7100000,-0.0424490,-0.0040007,-9.8399922,0.0032998,-0.0002571,-0.0001080
45.7200000,0.0126356,0.0328627,-9.8032777,-0.0013297,-0.0025287,0.0040821
45.7300000,0.0510375,0.0714200,-9.8601417,0.0008365,0.0018789,-0.0046046
45.7400000,0.0582530,-0.0069228,-9.7235265,0.0023127,0.0021709,0.0006867
45.7500000,0.0538350,0.0598974,-9.7274320,-0.0002198,0.0027977,0.0005194
45.7600000,0.0072732,0.0264739,-9.8039829,-0.0054391,-0.0037254,0.0009007
45.7700000,0.0246191,0.0374886,-9.8249624,-0.0025374,-0.0017463,0.0015654
45.7800000,-0.0524854,-0.0115950,-9.8192751,-0.0016558,0.0036719,0.0021452
45.7900000,-0.0628324,-0.0222305,-9.8338550,-0.0005508,0.0012466,-0.0003384
45.8000000,-0.0259472,0.0110469,-9.8657518,-0.0047382,-0.0062698,-0.0001330
45.8100000,-0.0452631,-0.0089992,-9.7863018,-0.0022302,0.0033235,-0.0020377
45.8200000,0.0128687,-0.1179540,-9.8990511,0.0032557,0.0001590,-0.0059315
45.8300000,-0.0073181,0.1016444,-9.7913869,-0.0008412,-0.0004922,-0.0019746
45.8400000,0.0161260,-0.0258586,-9.7775250,-0.0046611,0.0010083,0.0026259
45.8500000,-0.0163989,-0.0126312,-9.7701410,-0.0024635,0.0023933,-0.0019197
45.8600000,-0.0100262,0.0168448,-9.8407787,0.0053882,0.0057567,0.0007335
45.8700000,0.0040828,0.0174301,-9.8692539,-0.0026098,-0.0019977,-0.0025132
45.8800000,-0.0443426,-0.0724846,-9.7348433,0.0041879,-0.0066324,-0.0029724
45.8900000,0.0109114,-0.0273087,-9.8553258,0.0072383,-0.0017743,0.0041012
45.9000000,-0.0205165,-0.0354169,-9.7775839,0.0033671,-0.0035362,0.0023244
45.9100000,-0.0515507,0.0126216,-9.9105996,-0.0041023,-0.0020900,0.0037329
45.9200000,-0.0012130,0.0409850,-9.8856910,0.0027397,-0.0044434,0.0059871
45.9300000,-0.0735934,-0.0598735,-9.7924257,-0.0006016,-0.0054978,0.0012556
45.9400000,-0.0416267,-0.0329038,-9.7875138,-0.0002304,-0.0008950,0.0018063
45.9500000,0.0262923,-0.0375745,-9.8722760,0.0005480,-0.0023896,0.0028749
45.9600000,0.0421458,0.0791328,-9.8417960,-0.0013681,0.0003414,-0.0034709
45.9700000,-0.0640969,-0.0055387,-9.7884326,0.0003113,0.0013285,0.0013317
45.9800000,-0.0447489,0.1051930,-9.7596340,0.0058664,0.0010606,-0.0000313
45.9900000,0.0012094,0.0119287,-9.6895898,0.0013371,0.0002064,0.0037779
46.0000000,0.0295723,-0.0231235,-9.8796883,-0.0007883,-0.0021838,0.0042725
46.0100000,0.0428691,-0.1057036,-9.8516961,0.0002202,0.0019536,-0.0041340
46.0200000,-0.0422873,-0.0165401,-9.8573099,-0.0010701,-0.0010348,-0.0000103
46.0300000,0.0137419,-0.0869036,-9.8357474,-0.0036425,0.0016261,-0.0002030
46.0400000,-0.0339097,-0.0343310,-9.8312340,-0.0027708,0.0042544,0.0041926
46.0500000,0.0259795,-0.0737190,-9.7964334,0.0002477,-0.0026858,-0.0023591
46.0600000,0.1392580,-0.0362241,-9.7662330,-0.0006218,0.0015969,0.0006718
46.0700000,0.0645806,-0.0502449,-9.8075050,-0.0032081,0.0000431,0.0034823
46.0800000,-0.0585054,-0.1148252,-9.7400096,-0.0005103,-0.0029123,-0.0006424
46.0900000,-0.0066060,0.0648126,-9.8417803,-0.0037737,0.0002532,-0.0002291
46.1000000,0.0069863,0.0933573,-9.8882284,0.0029870,-0.0024995,-0.0035124
46.1100000,0.0004985,0.0344588,-9.8008662,-0.0008707,0.0005542,-0.0005580
46.1200000,0.0333129,-0.0194438,-9.8468985,-0.0007873,-0.0018033,0.0079021
46.1300000,-0.0766703,0.0038160,-9.7933963,-0.0002534,-0.0020291,-0.0006734
46.1400000,0.0891467,0.0197107,-9.8234745,-0.0003850,-0.0024075,-0.0001313
46.1500000,0.0774854,0.0080084,-9.6976951,0.0028377,-0.0008716,-0.0005450
46.1600000,-0.0248266,-0.0794281,-9.8649793,0.0033587,-0.0008754,0.0011929
46.1700000,0.0640266,-0.0251995,-9.8097422,0.0061465,0.0013703,0.0026968
46.1800000,-0.0385716,-0.0268589,-9.8486202,-0.0014328,-0.0034988,-0.0013855
46.1900000,-0.0364272,-0.0568331,-9.8173261,-0.0011112,0.0015898,0.0007916
46.2000000,0.0376474,-0.0823823,-9.7916197,0.0023238,0.0020810,-0.0079337
46.2100000,0.0064125,-0.0269275,-9.8137209,0.0016862,0.0002561,0.0039833
46.2200000,0.0190753,-0.0309979,-9.7917676,0.0026696,-0.0057436,-0.0064338
46.2300000,-0.0150432,0.0032819,-9.8092495,-0.0018859,0.0003403,0.0014353
46.2400000,0.0403322,-0.1036807,-9.7889203,-0.0025194,0.0036639,-0.0010442
46.2500000,0.0201754,0.0106881,-9.7705837,0.0017552,0.0010507,-0.0030758
46.2600000,-0.0038679,-0.0527299,-9.8449913,-0.0039483,0.0000299,-0.0046733
46.2700000,0.0901740,-0.0208446,-9.8561751,0.0008199,0.0013966,-0.0010509
46.2800000,-0.0227116,0.0267904,-9.7967036,0.0048675,-0.0015750,-0.0001262
46.2900000,-0.0792501,-0.0702651,-9.8401784,0.0001782,-0.0052393,0.0032460
46.3000000,-0.0121051,-0.0043397,-9.7484583,-0.0002658,-0.0057224,0.0007210
46.3100000,0.1165199,-0.0019586,-9.8701721,0.0002305,-0.0035309,-0.0036147
46.3200000,-0.0496894,0.1187939,-9.7861324,0.0036577,-0.0031174,0.0007861
46.3300000,-0.0157680,-0.0491638,-9.8706205,0.0012367,0.0017033,-0.0042872
46.3400000,0.0343538,-0.0781925,-9.8317239,0.0041021,0.0022882,-0.0010825
46.3500000,0.0331460,0.0443794,-9.8489880,-0.0010237,-0.0003773,-0.0009194
46.3600000,0.0157575,-0.0489165,-9.8496906,0.0014524,-0.0007387,0.0026859
46.3700000,0.0310530,0.0489956,-9.9076961,0.0050070,-0.0000586,-0.0011473
46.3800000,0.0106123,0.0137272,-9.8150767,0.0014232,-0.0006955,-0.0039795
46.3900000,-0.0455139,0.0465908,-9.8110453,0.0031943,0.0023285,0.0012733
46.4000000,-0.1610457,-0.0616624,-9.7233477,0.0001888,-0.0003204,0.0001197
46.4100000,-0.0310966,-0.0581470,-9.8005684,0.0023725,0.0024423,-0.0005510
46.4200000,0.0101843,0.1208280,-9.9285576,-0.0000743,0.0046187,-0.0022894
46.4300000,-0.0040049,-0.0451402,-9.7753711,-0.0026309,0.0040593,0.0029402
46.4400000,-0.0508861,0.1303956,-9.7431172,-0.0004341,-0.0032832,-0.0010477
46.4500000,-0.0607707,0.0176696,-9.8798433,-0.0000876,-0.0049538,0.0041646
46.4600000,-0.0635607,-0.0467358,-9.8335895,0.0014978,0.0002863,0.0031285
46.4700000,-0.1709991,-0.0673397,-9.8214512,0.0019918,-0.0035319,0.0006579
46.4800000,-0.0072099,-0.0520008,-9.8853662,0.0017413,-0.0009355,0.0012405
46.4900000,-0.0001752,-0.1219607,-9.8864372,-0.0006575,0.0022101,-0.0022851
46.5000000,-0.0141625,-0.0031824,-9.8624707,0.0076127,-0.0006828,-0.0018357
46.5100000,0.0024939,-0.0010026,-9.7854290,0.0028920,-0.0002295,0.0027478
46.5200000,0.0093526,-0.0463030,-9.7612148,0.0011249,-0.0073541,0.0007145
46.5300000,-0.0450553,-0.1099607,-9.8424691,0.0073989,0.0033097,0.0010506
46.5400000,0.0869978,0.0147031,-9.7967349,0.0016224,0.0020590,-0.0000033
46.5500000,0.0579182,0.0560445,-9.9124462,-0.0005938,-0.0022889,0.0001045
46.5600000,0.0108701,-0.0665140,-9.7582005,0.0023939,-0.0033171,-0.0011820
46.5700000,0.0471008,0.0180992,-9.8081106,-0.0050716,-0.0050936,0.0045098
46.5800000,0.0215730,0.0079981,-9.8371414,0.0005398,0.0007383,-0.0044820
46.5900000,-0.0787117,-0.0175159,-9.8232009,-0.0028134,-0.0049175,0.0048983
46.6000000,-0.0072454,0.0254523,-9.8387947,-0.0037035,-0.0007753,0.0043454
46.6100000,-0.1066870,-0.0172908,-9.7681199,0.0020980,0.0035441,0.0022056
46.6200000,-0.0931899,-0.0217044,-9.8960297,-0.0028139,-0.0057698,0.0011440
46.6300000,0.0815272,0.0025523,-9.7794789,0.0067254,0.0014929,0.0038652
46.6400000,0.0326200,-0.0139926,-9.7868827,0.0003543,0.0027488,0.0050912
46.6500000,0.0423386,0.0669939,-9.8881716,0.0014255,-0.0015329,0.0029354
46.6600000,0.0634184,-0.0648584,-9.7400302,-0.0010254,0.0012484,-0.0019832
46.6700000,-0.0462391,-0.0415804,-9.8177831,-0.0011060,-0.0040100,0.0037404
46.6800000,-0.0048577,0.0308806,-9.7945155,-0.0002744,-0.0017938,0.0006250
46.6900000,0.0486844,0.0240668,-9.8076535,0.0033681,0.0026134,0.0013663
46.7000000,0.0136884,-0.0418109,-9.8073387,-0.0031765,-0.0022893,-0.0051104
46.7100000,0.0885340,0.0246063,-9.7470495,-0.0000147,-0.0000419,0.0076381
46.7200000,-0.0554963,-0.0295577,-9.7941074,-0.0018825,0.0009888,-0.0002104
46.7300000,-0.0152759,-0.0411296,-9.8163595,-0.0017794,0.0031824,-0.0035528
46.7400000,-0.0615907,-0.0243470,-9.7112426,-0.0027538,0.0041355,0.0021920
46.7500000,-0.0758468,-0.0024979,-9.7664752,-0.0002653,-0.0034109,0.0046826
46.7600000,-0.0138605,0.1065023,-9.7668154,-0.0015190,0.0002143,-0.0037453
46.7700000,0.0266640,-0.0438371,-9.7776572,-0.0019212,-0.0027724,-0.0028696
46.7800000,-0.0776023,-0.0753288,-9.7820763,0.0004711,-0.0062011,0.0005718
46.7900000,-0.0206890,0.0219643,-9.8826567,0.0040369,0.0042144,0.0020155
46.8000000,0.0134882,-0.0126148,-9.8461590,0.0007808,0.0013904,-0.0018554
46.8100000,0.0267525,-0.0478707,-9.8550417,-0.0017112,-0.0019038,-0.0016814
46.8200000,0.0976313,-0.0663425,-9.8364236,0.0006402,-0.0048007,-0.0011273
46.8300000,0.0301052,0.0062715,-9.8486660,0.0003245,-0.0014238,-0.0003340
46.8400000,0.0001509,-0.0351099,-9.8527699,0.0030376,-0.0031372,-0.0009038
46.8500000,-0.0296194,0.0228702,-9.8453878,-0.0005801,-0.0004910,-0.0035811
46.8600000,-0.0241065,0.0081040,-9.8460733,0.0024472,0.0016444,-0.0007465
46.8700000,0.0435001,-0.0265925,-9.7957735,-0.0020967,0.0004639,-0.0044908
46.8800000,0.0127970,0.0036470,-9.8480396,0.0020276,-0.0046812,0.0021498
46.8900000,-0.0897944,-0.0196416,-9.9178353,-0.0000492,-0.0021441,-0.0018130
46.9000000,0.0661267,-0.0310878,-9.7765164,0.0021597,-0.0023550,0.0008735
46.9100000,0.0058733,0.0145860,-9.8007211,-0.0063993,-0.0006935,-0.0005036
46.9200000,-0.0054584,-0.1119183,-9.8405494,0.0022314,-0.0019334,-0.0057229
46.9300000,-0.0203416,-0.0535348,-9.7486826,0.0043617,-0.0001609,0.0036636
46.9400000,0.0266517,0.1034414,-9.8262919,-0.0044662,-0.0033324,0.0040017
46.9500000,-0.0297959,-0.0053278,-9.8018402,0.0001029,-0.0005596,0.0043611
46.9600000,-0.0149091,0.0137878,-9.8161339,0.0014797,0.0011610,-0.0003222
46.9700000,-0.1568148,0.0153880,-9.6787870,0.0012033,0.0005694,-0.0021673
46.9800000,0.0704650,0.0886983,-9.8291829,0.0003576,-0.0017747,0.0018496
46.9900000,-0.0565724,-0.0500891,-9.7648123,-0.0031308,-0.0038176,-0.0008058
47.0000000,-0.0775398,-0.0172588,-9.8113907,-0.0074016,-0.0031424,0.0036298
47.0100000,0.0142467,-0.1005480,-9.7930398,0.0041687,0.0017806,0.0001700
47.0200000,-0.0302715,0.0425817,-9.8544427,0.0031972,0.0002098,-0.0006067
47.0300000,0.0221600,-0.0498425,-9.8289738,0.0019120,0.0004400,0.0030687
47.0400000,-0.0667839,-0.0380974,-9.8151736,0.0002116,0.0039725,-0.0025328
47.0500000,-0.0140840,0.1248734,-9.8207850,-0.0010653,0.0028331,-0.0031092
47.0600000,0.0072080,0.0058409,-9.9085925,0.0000150,-0.0014722,-0.0030564
47.0700000,0.0172820,-0.0604094,-9.8218613,-0.0015029,0.0007470,-0.0062812
47.0800000,-0.1034210,0.1217962,-9.7931462,0.0022765,-0.0009311,0.0039818
47.0900000,-0.0273894,0.0089136,-9.8775460,-0.0041582,0.0030202,0.0017320
47.1000000,0.0136577,0.0448858,-9.8861764,-0.0005927,0.0024651,0.0015875
47.1100000,-0.0107426,-0.0459204,-9.7770687,0.0005056,0.0016730,0.0026911
47.1200000,-0.0236270,0.0697173,-9.7296926,0.0000850,0.0014438,-0.0003678
47.1300000,-0.0329196,-0.0765909,-9.7594619,-0.0010988,0.0011747,0.0026432
47.1400000,-0.0064844,-0.0043013,-9.8283158,0.0043993,0.0035366,-0.0001191
47.1500000,-0.0286109,0.0174295,-9.7590186,0.0009042,-0.0013962,-0.0019066
47.1600000,-0.0957429,-0.0877224,-9.8010964,0.0029418,-0.0014043,-0.0047261
47.1700000,-0.0217885,-0.0298313,-9.8629841,0.0019996,0.0014320,0.0021749
47.1800000,0.0259222,-0.0512788,-9.8774074,0.0038760,-0.0003236,-0.0001603
47.1900000,-0.0848163,0.0059829,-9.8349666,-0.0033768,-0.0002519,-0.0018869
47.2000000,0.0228691,-0.1448153,-9.7901649,0.0003816,-0.0009493,-0.0031190
47.2100000,-0.0798081,0.0413495,-9.7505082,-0.0003298,-0.0044703,-0.0019704
47.2200000,0.0264153,0.0006758,-9.7832724,-0.0045693,0.0020576,-0.0038554
47.2300000,0.0193214,0.0186392,-9.8282754,-0.0005422,0.0011877,-0.0034200
47.2400000,0.0036268,-0.0147790,-9.7818616,-0.0001345,-0.0001079,0.0051632
47.2500000,-0.0189720,0.0199989,-9.8162995,0.0030740,0.0000089,-0.0006244
47.2600000,-0.0443479,-0.0534580,-9.8178751,0.0020295,-0.0005616,0.0086519
47.2700000,-0.0879315,-0.0220827,-9.8353003,-0.0029165,-0.0082892,-0.0018665
47.2800000,-0.0486401,-0.0162793,-9.8751941,0.0005981,0.0023026,0.0046918
47.2900000,0.0292283,0.0016570,-9.7502591,-0.0018716,-0.0023914,0.0010151
47.3000000,-0.0778437,-0.0430534,-9.7191104,-0.0015348,-0.0014491,-0.0061365
47.3100000,0.0911685,0.0267201,-9.8393905,-0.0003235,-0.0022530,-0.0024912
47.3200000,0.0220237,0.0493557,-9.7487969,-0.0048454,-0.0024500,0.0016976
47.3300000,0.0089652,0.0022449,-9.7462232,-0.0013755,0.0024440,0.0013703
47.3400000,0.0427180,0.0131857,-9.7488457,-0.0073528,0.0001758,0.0026442
47.3500000,-0.0299262,-0.0115598,-9.7777099,-0.0052460,0.0000627,-0.0029214
47.3600000,0.0112459,-0.0444978,-9.9157375,-0.0032945,-0.0039851,0.0020115
47.3700000,-0.0101823,-0.0091774,-9.8647022,0.0020534,0.0028054,0.0026381
47.3800000,0.0122850,-0.0568000,-9.8576665,0.0040385,0.0017657,0.0002308
47.3900000,0.0057353,0.0857904,-9.7314786,0.0021704,-0.0016668,0.0032294
47.4000000,-0.0034715,-0.0195758,-9.7703628,-0.0017893,-0.0032363,-0.0032873
47.4100000,-0.0214673,0.0006878,-9.8620845,-0.0045405,-0.0018817,-0.0016935
47.4200000,0.0624963,-0.0059822,-9.7710952,-0.0040633,0.0001821,-0.0026461
47.4300000,0.0690894,0.0268538,-9.8409613,0.0033977,0.0008065,0.0012236
47.4400000,-0.0261696,-0.0354902,-9.7633493,-0.0015617,0.0030570,0.0031824
47.4500000,0.0600282,0.0863313,-9.8288122,0.0046841,-0.0007143,-0.0047582
47.4600000,-0.0435415,0.0867867,-9.7467782,0.0061525,-0.0036308,0.0029344
47.4700000,-0.0132441,-0.0013743,-9.7683954,0.0038176,-0.0024169,0.0025524
47.4800000,-0.0459625,0.0637125,-9.8351371,0.0001924,0.0017885,-0.0004827
47.4900000,0.1275097,-0.0146245,-9.9691966,-0.0047371,-0.0009681,-0.0003382
47.5000000,0.0401021,0.0053078,-9.7912867,0.0047561,-0.0035721,0.0005759
47.5100000,-0.0420670,0.0619014,-9.7589745,-0.0068991,-0.0056797,-0.0014705
47.5200000,0.0278282,-0.0626957,-9.7510680,0.0042659,-0.0022269,0.0042882
47.5300000,-0.0406789,-0.0232490,-9.7957241,-0.0004366,0.0037304,-0.0045473
47.5400000,-0.0679830,0.0473843,-9.8013271,0.0025084,-0.0019885,-0.0024714
47.5500000,-0.0507415,-0.0578283,-9.9008503,-0.0027438,-0.0053369,-0.0021567
47.5600000,-0.0291103,0.0931053,-9.8654369,-0.0020258,-0.0071363,-0.0010044
47.5700000,0.0637730,-0.0175090,-9.7920887,-0.0034292,0.0014544,-0.0027431
47.5800000,-0.0050831,-0.0081213,-9.7841548,0.0018829,-0.0005662,-0.0015010
47.5900000,-0.0080685,0.0247479,-9.8019289,0.0031807,-0.0020742,0.0009690
47.6000000,0.0423258,0.0181015,-9.8102455,-0.0017446,0.0019708,0.0034123
47.6100000,0.0021230,0.0656460,-9.8660866,0.0029780,-0.0029321,-0.0032642
47.6200000,-0.0720006,-0.0611928,-9.7882213,-0.0018552,0.0026074,-0.0007231
47.6300000,0.0837596,0.0029890,-9.8216538,0.0009510,0.0015629,-0.0083945
47.6400000,0.0299204,0.0223453,-9.6401062,0.0001400,0.0005812,-0.0013307
47.6500000,0.0001513,-0.0589424,-9.8178067,0.0012721,-0.0032755,0.0032002
47.6600000,0.0467188,0.0698685,-9.7962807,-0.0015671,0.0009133,0.0003790
47.6700000,-0.0212659,-0.0306191,-9.8123629,-0.0025743,-0.0028101,-0.0043803
47.6800000,-0.0521498,-0.0728820,-9.7976018,0.0023075,0.0001324,-0.0023891
47.6900000,-0.0016352,-0.0689480,-9.8980817,-0.0023266,0.0036005,-0.0019857
47.7000000,-0.0307890,-0.0162799,-9.8682328,0.0014439,-0.0020436,-0.0025671
47.7100000,0.0403679,0.0145868,-9.7798451,-0.0029209,-0.0039323,-0.0039752
47.7200000,-0.0506707,0.0079094,-9.8802324,0.0017865,-0.0037277,0.0030894
47.7300000,-0.0073075,0.0704074,-9.8607042,-0.0040715,0.0049352,0.0075487
47.7400000,-0.0171007,-0.0192484,-9.7538297,0.0011955,0.0019347,-0.0010830
47.7500000,-0.0224543,0.0116732,-9.8209849,0.0007690,0.0005140,0.0028428
47.7600000,0.0134282,0.0083825,-9.8292163,-0.0044145,-0.0046622,0.0045260
47.7700000,0.0415407,0.0064521,-9.8259829,-0.0007972,-0.0013677,-0.0016257
47.7800000,-0.0811525,-0.0205079,-9.8230392,-0.0020517,0.0014599,-0.0040997
47.7900000,0.0175009,-0.0161708,-9.8069120,-0.0013359,-0.0011332,0.0020038
47.8000000,-0.0262774,-0.0228767,-9.7441235,-0.0046093,0.0038898,-0.0028768
47.8100000,-0.0330636,-0.0428916,-9.7974155,0.0049468,-0.0012723,-0.0040017
47.8200000,-0.0170088,0.0813574,-9.7845050,0.0050723,-0.0009330,-0.0007197
47.8300000,-0.0092582,-0.0720343,-9.8628673,-0.0008017,0.0058578,0.0025193
47.8400000,-0.0322994,-0.1435858,-9.7952881,0.0006059,-0.0012341,-0.0035759
47.8500000,-0.0353950,-0.0485120,-9.8623847,-0.0006377,-0.0032487,-0.0015227
47.8600000,-0.0096847,-0.0237698,-9.9272092,0.0048906,0.0017256,0.0018768
47.8700000,0.0272201,-0.0675636,-9.7758973,0.0044811,0.0015594,0.0050992
47.8800000,-0.0964576,-0.0571845,-9.8066407,0.0000195,-0.0023790,-0.0051655
47.8900000,0.0728237,0.0499974,-9.8109381,0.0015395,-0.0012851,-0.0016934
47.9000000,0.0413468,0.0541600,-9.8136207,0.0033821,0.0024233,0.0016235
47.9100000,0.0479626,0.0460004,-9.7925545,-0.0005845,-0.0038271,-0.0023639
47.9200000,-0.0237312,-0.0579703,-9.8712476,-0.0002156,0.0026499,-0.0011824
47.9300000,0.0142288,-0.0181862,-9.9033273,-0.0020063,0.0000970,0.0037661
47.9400000,-0.0414966,0.0036068,-9.7692712,0.0005294,0.0004542,0.0005916
47.9500000,0.0731602,0.0067058,-9.7503461,0.0034627,0.0027962,0.0026474
47.9600000,-0.0068788,-0.0047394,-9.8378086,-0.0004234,0.0026789,-0.0015007
47.9700000,-0.0793879,0.0220487,-9.8512674,0.0040088,-0.0043046,0.0008700
47.9800000,0.0116087,-0.0125465,-9.7594721,-0.0005074,0.0011474,0.0014792
47.9900000,0.0170974,0.0254819,-9.7806617,0.0010393,-0.0031100,-0.0033595
48.0000000,-0.0820149,0.0052791,-9.8303175,-0.0002000,-0.0002716,0.0007209
48.0100000,0.0034160,-0.0401687,-9.9492915,0.0020538,-0.0013899,-0.0009234
48.0200000,0.0866230,0.0039983,-9.8478682,-0.0054079,0.0028578,0.0014941
48.0300000,-0.0627583,0.1137555,-9.8952678,0.0059622,-0.0027889,-0.0008262
48.0400000,-0.0081211,0.0319210,-9.8432291,0.0021183,0.0017603,0.0018207
48.0500000,0.0329680,-0.0310432,-9.8069230,0.0036183,0.0046928,-0.0026249
48.0600000,-0.0737395,0.0838845,-9.8181599,0.0017124,0.0068916,0.0010100
48.0700000,-0.0340938,0.0206839,-9.8029035,0.0014073,0.0027347,-0.0008850
48.0800000,0.0292286,0.0743632,-9.7689019,-0.0012306,-0.0003360,-0.0035836
48.0900000,0.0452888,0.1442956,-9.9065155,-0.0005447,-0.0046276,0.0002053
48.1000000,-0.0339623,-0.0246604,-9.6736529,0.0039059,0.0013477,-0.0003466
48.1100000,0.0093425,0.0091902,-9.8384608,0.0023250,-0.0004010,-0.0027652
48.1200000,-0.0339944,-0.0461205,-9.7157271,-0.0052775,-0.0002288,-0.0019389
48.1300000,-0.0468640,0.1405427,-9.8470821,-0.0055593,-0.0057064,0.0015286
48.1400000,-0.0322193,-0.0249430,-9.7222656,-0.0006278,0.0003987,-0.0007265
48.1500000,-0.0216001,0.0085178,-9.7921792,0.0033214,-0.0064357,-0.0043982
48.1600000,-0.0253863,-0.0612932,-9.8087400,-0.0009915,0.0011246,0.0005860
48.1700000,-0.0303120,-0.0652068,-9.8497672,0.0018399,0.0037217,0.0012268
48.1800000,-0.0406398,0.0099282,-9.8557764,0.0003865,-0.0000813,-0.0036633
48.1900000,0.0370370,-0.0907919,-9.8451648,-0.0019744,0.0003860,-0.0006128
48.2000000,0.0125843,0.0412523,-9.7708532,0.0029964,0.0038846,0.0009924
48.2100000,0.1006196,-0.0606024,-9.8848846,-0.0007972,-0.0010550,0.0034457
48.2200000,-0.0392274,-0.0005298,-9.8170327,0.0026815,-0.0024565,-0.0028957
48.2300000,0.0391081,-0.0385256,-9.7442132,-0.0028212,0.0003672,-0.0029181
48.2400000,0.0310382,0.0499610,-9.9248926,-0.0048287,0.0060192,0.0024461
48.2500000,0.0105678,0.0229238,-9.7820812,-0.0030261,0.0047765,0.0011367
48.2600000,-0.0236538,0.0823258,-9.8062058,-0.0030356,-0.0044504,0.0013040
48.2700000,-0.0429106,0.0326109,-9.8565670,0.0004208,0.0012275,0.0009167
48.2800000,-0.0980137,-0.0314659,-9.8285723,-0.0002127,0.0015941,-0.0030980
48.2900000,-0.0290883,-0.0326935,-9.8164975,-0.0091654,-0.0017563,-0.0053037
48.3000000,-0.0099318,-0.0319133,-9.8185440,-0.0041559,0.0016212,-0.0046253
48.3100000,-0.0659625,-0.0345696,-9.7735650,-0.0015375,0.0052946,-0.0042456
48.3200000,-0.0976592,0.0198857,-9.7032113,-0.0024183,-0.0025463,0.0029927
48.3300000,-0.0670478,-0.0258336,-9.7806095,-0.0033177,0.0012306,-0.0034460
48.3400000,-0.0254046,-0.0187877,-9.7759563,-0.0011138,-0.0000701,-0.0002787
48.3500000,0.0829778,0.0271900,-9.7723735,-0.0011991,-0.0045375,-0.0017299
48.3600000,0.0756174,-0.0282694,-9.8594761,-0.0028039,0.0012975,-0.0013516
48.3700000,-0.1377866,-0.0315418,-9.8081458,-0.0014433,-0.0013033,-0.0007326
48.3800000,0.0683101,-0.0368801,-9.8433776,0.0019653,-0.0010781,-0.0015270
48.3900000,-0.0174841,-0.0461459,-9.9155439,0.0013847,0.0074533,0.0000999
48.4000000,-0.0155442,0.1104602,-9.8905950,0.0010571,0.0034436,-0.0003475
48.4100000,-0.0046443,0.0195205,-9.8542126,-0.0001005,0.0003315,-0.0012186
48.4200000,0.1200871,0.0027207,-9.9026408,-0.0008956,0.0029364,0.0018649
48.4300000,0.0518028,-0.0697734,-9.7174590,-0.0006488,-0.0027254,-0.0019000
48.4400000,-0.0190307,0.0566747,-9.8110804,-0.0008412,-0.0014447,-0.0022739
48.4500000,-0.0097582,0.0219366,-9.7394953,0.0048598,-0.0017678,0.0003904
48.4600000,0.0346229,0.0437119,-9.7411319,0.0048805,-0.0011251,-0.0055595
48.4700000,-0.1060731,0.0694472,-9.8170913,-0.0002559,0.0036270,-0.0043500
48.4800000,-0.0310463,-0.0492832,-9.7531354,0.0055412,0.0008726,0.0014471
48.4900000,-0.0815321,-0.0387697,-9.8289402,-0.0030045,0.0027227,0.0047186
48.5000000,-0.0048849,0.0905897,-9.8293275,-0.0003513,0.0016785,-0.0064800
48.5100000,-0.0999077,0.0480707,-9.8387711,0.0021569,-0.0014548,-0.0000146
48.5200000,-0.0029768,0.0065938,-9.7206071,-0.0022918,0.0011748,-0.0032835
48.5300000,-0.0243509,0.0796764,-9.7719593,0.0003600,0.0011052,-0.0055701
48.5400000,0.0054147,-0.0151671,-9.8878840,-0.0004502,0.0050881,-0.0009004
48.5500000,0.0150595,0.0874391,-9.8172671,-0.0061416,-0.0013759,0.0008784
48.5600000,0.0461115,-0.0425372,-9.7712077,0.0006039,0.0079164,-0.0002649
48.5700000,0.0123971,-0.0161474,-9.7525189,0.0035177,-0.0018741,0.0001131
48.5800000,-0.0135706,-0.0309053,-9.8788148,-0.0044865,-0.0020373,0.0053195
48.5900000,-0.0426411,-0.0219756,-9.8434170,0.0036751,0.0029226,-0.0024732
48.6000000,-0.0611607,0.0441655,-9.7369961,-0.0001567,0.0042039,0.0000722
48.6100000,0.0142637,-0.0476818,-9.8049898,0.0004381,-0.0018785,-0.0015834
48.6200000,-0.0335076,-0.0391249,-9.7408840,-0.0026731,-0.0025635,-0.0015865
48.6300000,-0.0331348,-0.0419217,-9.8959296,-0.0031850,-0.0076936,0.0029147
48.6400000,0.0631232,0.0157368,-9.8548682,-0.0010547,-0.0002663,0.0002555
48.6500000,-0.0173643,-0.0729425,-9.7758701,0.0038814,-0.0011888,0.0016279
48.6600000,0.0229215,-0.0229854,-9.7013431,0.0006691,-0.0024800,0.0012245
48.6700000,0.0426454,0.1088814,-9.7189209,-0.0019636,0.0023316,-0.0059841
48.6800000,0.0840653,0.0884022,-9.8973766,0.0017825,0.0029124,0.0025956
48.6900000,0.0236946,0.0696829,-9.7320947,0.0035555,0.0029179,0.0004802
48.7000000,-0.0002861,0.0052824,-9.8705660,0.0019788,-0.0031318,-0.0043257
48.7100000,0.0260906,0.0763940,-9.7439856,0.0038673,0.0002082,-0.0006967
48.7200000,-0.1021870,-0.0026240,-9.8996191,-0.0030354,-0.0031062,0.0018383
48.7300000,0.0148496,-0.0973238,-9.8073410,0.0067273,-0.0046426,-0.0048913
48.7400000,0.0178193,0.0532842,-9.7533929,-0.0020124,0.0026624,-0.0031323
48.7500000,0.0181450,0.0355892,-9.7871319,-0.0035622,0.0009113,0.0004828
48.7600000,-0.1013542,0.0155919,-9.8244246,-0.0034673,0.0000093,-0.0023227
48.7700000,-0.0514983,0.0946232,-9.7157028,-0.0035521,-0.0021850,0.0033136
48.7800000,0.0675608,-0.0560201,-9.8804601,0.0027304,0.0029619,-0.0008820
48.7900000,-0.0000094,0.0031927,-9.8611934,0.0037595,-0.0004396,-0.0033381
48.8000000,-0.0360108,-0.1269785,-9.7791875,0.0010152,-0.0053639,-0.0018377
48.8100000,0.0473531,0.0527864,-9.8753757,-0.0004448,-0.0066875,0.0046442
48.8200000,0.0277870,0.0266968,-9.7196915,-0.0017670,-0.0053295,0.0000204
48.8300000,-0.0395883,-0.0332936,-9.8232312,0.0005873,0.0051910,-0.0021594
48.8400000,0.0532754,-0.0441587,-9.8040966,-0.0030815,-0.0000110,-0.0016372
48.8500000,-0.0485402,0.0789248,-9.8705252,-0.0031928,0.0015623,0.0005479
48.8600000,-0.0371649,-0.0356284,-9.8203321,0.0010691,0.0008376,-0.0006963
48.8700000,-0.0103573,-0.0062114,-9.7538895,0.0013961,0.0062905,0.0001887
48.8800000,0.0477445,0.0225419,-9.7377059,-0.0009156,-0.0005714,-0.0025917
48.8900000,-0.0544795,-0.0107637,-9.8138770,0.0030917,-0.0020671,-0.0029712
48.9000000,0.0476383,-0.1068006,-9.8191952,-0.0057890,0.0038267,0.0005996
48.9100000,0.0288623,0.0639595,-9.8456163,-0.0031997,-0.0048052,-0.0044355
48.9200000,0.0253916,-0.0499574,-9.8014794,0.0044877,-0.0015418,0.0015922
48.9300000,-0.0118152,-0.0256752,-9.8816109,0.0004013,-0.0040374,-0.0006857
48.9400000,0.0221291,0.0383287,-9.8170423,0.0014423,0.0016337,-0.0042400
48.9500000,0.0196793,0.0402454,-9.7996479,-0.0016216,-0.0004561,-0.0044441
48.9600000,-0.1301945,-0.0074898,-9.8562460,0.0000770,0.0050866,0.0009654
48.9700000,-0.0476551,0.0676435,-9.8621633,-0.0018076,-0.0001737,-0.0001771
48.9800000,-0.0325143,0.0348196,-9.8085339,-0.0028060,0.0019162,-0.0032730
48.9900000,0.0118119,0.0334106,-9.8994220,0.0035146,-0.0015391,-0.0004111
49.0000000,0.0023313,-0.0566807,-9.7756168,0.0021390,0.0011464,0.0008198
49.0100000,-0.0259117,-0.0146384,-9.8044622,0.0009836,-0.0015457,0.0017985
49.0200000,-0.0733194,0.0104382,-9.7955524,0.0034855,0.0007496,0.0018503
49.0300000,0.1016638,0.0694553,-9.8135681,-0.0008965,-0.0015733,0.0001392
49.0400000,0.0273330,0.0496001,-9.8741245,0.0022655,0.0028185,-0.0000737
49.0500000,-0.0147916,0.0502769,-9.7373749,0.0053819,0.0009367,0.0001615
49.0600000,0.0277394,0.0082450,-9.8117815,0.0004892,0.0007000,-0.0027634
49.0700000,0.0042303,-0.0029497,-9.8525508,0.0021152,0.0005634,-0.0018003
49.0800000,0.0700120,0.0509298,-9.8278449,-0.0025073,0.0004305,-0.0045070
49.0900000,0.0425859,-0.0703263,-9.7614481,0.0014557,-0.0056465,-0.0008382
49.1000000,0.0212204,0.0035010,-9.7921412,0.0015630,0.0012028,-0.0041108
49.1100000,0.0112163,0.0424127,-9.7939084,-0.0036333,0.0003262,-0.0007415
49.1200000,-0.0243502,-0.0582774,-9.8001852,-0.0016045,0.0062537,0.0035958
49.1300000,-0.0217585,-0.0424143,-9.9024751,-0.0041957,-0.0020436,0.0023200
49.1400000,0.0410944,-0.0240471,-9.8154594,-0.0056809,0.0076955,0.0019515
49.1500000,0.0034188,0.0652632,-9.8592864,-0.0037917,0.0018862,0.0001220
49.1600000,0.0355435,0.0077337,-9.7929580,-0.0041129,-0.0014910,0.0017160
49.1700000,0.0150115,-0.0263921,-9.7833160,0.0012516,-0.0014486,0.0048743
49.1800000,-0.0265165,-0.0241145,-9.7824759,-0.0000421,-0.0009621,-0.0017359
49.1900000,-0.0841909,-0.0534728,-9.7816150,0.0049291,-0.0007322,-0.0003815
49.2000000,0.0325302,-0.0057074,-9.8124529,0.0027529,-0.0013437,-0.0002328
49.2100000,-0.0927128,0.0104034,-9.7766790,0.0021982,-0.0004128,-0.0029526
49.2200000,0.0087182,-0.0375633,-9.8133402,-0.0001133,0.0028441,-0.0000227
49.2300000,0.0606294,-0.0604353,-9.8440629,-0.0038814,0.0031510,-0.0040036
49.2400000,-0.0637952,-0.0295798,-9.8268630,0.0007438,-0.0038973,-0.0021499
49.2500000,-0.0711211,-0.0600723,-9.8646180,0.0018741,0.0007263,0.0002133
49.2600000,-0.0116659,-0.0218321,-9.8704110,0.0030635,-0.0011280,-0.0053837
49.2700000,0.0547962,-0.0455043,-9.8123741,-0.0046045,-0.0028955,0.0019966
49.2800000,-0.0438945,-0.0224405,-9.8303518,0.0021363,-0.0011779,-0.0010416
49.2900000,0.0402064,0.0283829,-9.7816173,0.0010677,0.0018889,0.0024726
49.3000000,-0.0860333,-0.0917294,-9.7391379,0.0037299,-0.0020479,0.0014761
49.3100000,-0.1030613,0.0223429,-9.8331002,-0.0005893,0.0040243,-0.0003366
49.3200000,-0.0395649,-0.0902364,-9.8231509,-0.0006712,0.0007161,0.0058291
49.3300000,-0.0449958,-0.0900957,-9.8145328,0.0033604,0.0012396,-0.0012853
49.3400000,-0.0531957,0.1451426,-9.8024108,0.0032991,-0.0074891,-0.0002125
49.3500000,0.0439839,-0.0254974,-9.7362856,-0.0030461,-0.0016881,0.0020281
49.3600000,0.0004000,0.0124046,-9.7449262,0.0021206,0.0035232,-0.0010258
49.3700000,0.0360634,-0.0189329,-9.8921988,0.0012962,0.0010488,0.0018087
49.3800000,-0.0158304,0.0071561,-9.7244106,0.0016711,-0.0039873,-0.0003117
49.3900000,-0.0691516,0.0122352,-9.7638674,-0.0015759,0.0021985,0.0043720
49.4000000,0.0353190,0.0038424,-9.7888969,-0.0037030,-0.0045548,-0.0004767
49.4100000,-0.0127881,0.0452830,-9.8195880,0.0029832,0.0026784,0.0010343
49.4200000,-0.0380821,-0.0239685,-9.8304899,0.0005602,0.0010236,0.0026265
49.4300000,0.0724535,-0.0293413,-9.8037698,0.0045565,0.0005575,-0.0022347
49.4400000,0.1273607,0.0244459,-9.7806871,0.0015592,0.0022606,0.0031491
49.4500000,0.0718530,-0.0171995,-9.8616165,-0.0041499,-0.0020172,0.0006368
49.4600000,-0.0262039,0.0168519,-9.8340423,0.0011880,-0.0000008,-0.0003521
49.4700000,-0.0613282,-0.0653857,-9.8299327,-0.0020016,0.0024140,0.0040701
49.4800000,0.0459541,0.0904059,-9.8030564,-0.0023213,-0.0031815,-0.0005208
49.4900000,-0.0186535,-0.1422203,-9.7137189,0.0019995,0.0034500,-0.0006845
49.5000000,-0.0744571,0.0263503,-9.9382840,-0.0008966,-0.0037567,-0.0034880
49.5100000,-0.0382208,0.0083849,-9.8527286,0.0050890,0.0001337,-0.0015601
49.5200000,-0.0346400,-0.0447968,-9.7673998,-0.0088441,-0.0036891,-0.0011038
49.5300000,0.0874666,-0.0291706,-9.7647899,-0.0028801,-0.0026648,0.0006656
49.5400000,-0.0155209,0.0349077,-9.8473090,-0.0028513,-0.0033899,0.0003955
49.5500000,-0.1202989,0.0443544,-9.7686712,0.0017701,0.0053494,0.0039141
49.5600000,0.0016740,0.0321006,-9.8284394,0.0050840,0.0014966,-0.0022690
49.5700000,-0.0252443,-0.0966858,-9.8312322,0.0027206,0.0000420,0.0071765
49.5800000,0.0094824,0.0822649,-9.7805697,0.0011654,0.0041024,0.0001922
49.5900000,0.0659189,0.0145257,-9.8156334,0.0035836,0.0036404,-0.0000069
49.6000000,-0.0244157,-0.0508493,-9.7498356,0.0049295,0.0035249,-0.0020995
49.6100000,-0.0642543,-0.0267194,-9.8357769,0.0018091,0.0028510,0.0042597
49.6200000,0.0052048,-0.0523966,-9.7275840,-0.0040849,-0.0018729,0.0024081
49.6300000,-0.0578368,0.0255060,-9.7558472,-0.0041145,-0.0016163,-0.0024727
49.6400000,-0.0713197,0.0051439,-9.7794746,-0.0046627,0.0025129,-0.0023993
49.6500000,0.0416010,-0.0728312,-9.8055085,-0.0005901,-0.0039140,0.0019507
49.6600000,0.0635224,-0.0015599,-9.9029144,-0.0023684,0.0015022,-0.0000362
49.6700000,0.0500449,0.0808571,-9.8164314,0.0037570,-0.0035592,0.0049049
49.6800000,-0.0953055,-0.0001987,-9.8452452,0.0064006,0.0023829,-0.0036185
49.6900000,0.0013569,-0.0480736,-9.7587187,0.0001232,0.0003443,-0.0031411
49.7000000,-0.0730132,-0.0015554,-9.8503903,-0.0008972,0.0033018,0.0007717
49.7100000,0.0626686,0.0766382,-9.8264754,-0.0013732,-0.0032441,-0.0030132
49.7200000,0.0000956,0.0867592,-9.8195558,0.0058691,-0.0045530,0.0063231
49.7300000,0.0837931,0.0183781,-9.8104731,0.0019046,0.0006372,0.0033124
49.7400000,0.0351739,-0.0781466,-9.7774375,-0.0026764,0.0046992,0.0046334
49.7500000,0.0438143,-0.0151198,-9.7518819,0.0008971,-0.0013695,-0.0026037
49.7600000,-0.0082593,0.0456892,-9.6925340,-0.0009189,0.0005603,-0.0004496
49.7700000,-0.0531075,-0.0737318,-9.7412225,-0.0012049,0.0052753,-0.0035980
49.7800000,0.1449301,0.0839025,-9.8264509,-0.0003311,-0.0004877,-0.0018438
49.7900000,0.0613929,0.0184588,-9.7880736,0.0013995,0.0043896,0.0014308
49.8000000,-0.0219195,0.0350142,-9.7946188,-0.0038672,-0.0023975,0.0025856
49.8100000,-0.0444038,-0.0870588,-9.7414419,-0.0011369,0.0009676,-0.0038452
49.8200000,0.0014890,-0.0122120,-9.8683809,-0.0001141,-0.0002000,-0.0041751
49.8300000,-0.0865902,-0.0318230,-9.7857827,0.0034118,0.0021982,0.0008943
49.8400000,0.0551862,0.0443415,-9.8013593,0.0015203,0.0017580,-0.0008033
49.8500000,0.0411851,0.0194127,-9.8154890,-0.0036949,-0.0008853,-0.0006381
49.8600000,-0.0170668,0.0714990,-9.7888269,-0.0005790,0.0029832,-0.0012782
49.8700000,0.0749747,-0.0849315,-9.7680043,0.0024233,-0.0026285,-0.0003468
49.8800000,0.0121598,0.0029921,-9.8169942,0.0012570,-0.0006030,-0.0001576
49.8900000,-0.0462295,0.0078392,-9.7896951,-0.0001133,0.0030090,-0.0027495
49.9000000,0.0086955,0.0265628,-9.8213832,-0.0019974,0.0021748,-0.0033060
49.9100000,-0.0067289,0.0297592,-9.8037626,0.0009156,-0.0024831,-0.0020884
49.9200000,-0.0453890,0.0429848,-9.8507828,-0.0037385,-0.0021558,0.0045542
49.9300000,0.0673512,0.0537359,-9.8659527,-0.0002243,0.0005942,-0.0012750
49.9400000,-0.0551394,0.0122900,-9.8091605,0.0019558,-0.0013349,-0.0058724
49.9500000,-0.0596624,0.0312330,-9.8802124,0.0005708,-0.0013909,-0.0014279
49.9600000,0.0312517,-0.0116501,-9.7766998,0.0001345,0.0005009,0.0031483
49.9700000,0.0272160,-0.0073859,-9.7514734,-0.0038133,-0.0026503,-0.0030034
49.9800000,0.0005359,0.0812752,-9.8350561,0.0022987,-0.0009718,-0.0010414
49.9900000,-0.0114409,-0.1171563,-9.7544321,-0.0004530,0.0028778,-0.0036228
50.0000000,-0.1172082,-0.0686452,-9.8149870,-0.0003018,0.0003173,-0.0016817
50.0100000,0.0061180,-0.0516988,-9.8422092,0.0010636,-0.0030239,-0.0021161
50.0200000,0.0309502,-0.0664260,-9.8243240,-0.0003308,0.0032851,0.0005930
50.0300000,-0.0110873,-0.0064073,-9.8367794,0.0004816,-0.0004581,0.0013075
50.0400000,-0.0908904,0.1170203,-9.8024597,-0.0039786,-0.0000645,0.0005952
50.0500000,0.0045779,-0.0286527,-9.7351602,-0.0019148,-0.0028098,0.0020831
50.0600000,-0.0194729,-0.0465229,-9.7622404,-0.0023832,-0.0003946,0.0022026
50.0700000,-0.0023868,0.0252535,-9.8480630,-0.0019837,-0.0015953,-0.0023131
50.0800000,-0.0123405,0.0622205,-9.8579286,0.0047040,0.0004789,-0.0002388
50.0900000,0.1009498,0.0894494,-9.8058919,0.0020124,0.0017426,0.0038940
50.1000000,0.0441377,0.0326000,-9.8625333,0.0052421,-0.0006512,-0.0014097
50.1100000,-0.0270159,-0.0288115,-9.7705675,0.0054569,0.0009061,-0.0027824
50.1200000,-0.0856507,-0.0172502,-9.8522227,0.0016970,0.0006945,-0.0018950
50.1300000,0.0114883,0.0882858,-9.8834770,0.0022043,-0.0026399,-0.0014027
50.1400000,0.0038979,-0.0151378,-9.8663764,-0.0025601,-0.0049986,-0.0021446
50.1500000,0.0343108,-0.0701503,-9.7247691,-0.0006288,-0.0048631,0.0015324
50.1600000,-0.0125809,0.0544878,-9.8082387,0.0007716,0.0000284,-0.0019056
50.1700000,-0.0249633,-0.0747185,-9.7849108,-0.0049455,0.0034826,0.0005273
50.1800000,-0.0663258,-0.0282557,-9.8680123,-0.0008934,0.0006531,0.0043281
50.1900000,-0.0136049,-0.0041219,-9.7610819,-0.0004492,0.0002593,0.0012642
50.2000000,0.0067657,-0.0404573,-9.8650570,0.0007471,-0.0005112,-0.0002253
50.2100000,0.0928666,0.0812660,-9.7663346,0.0024684,-0.0016311,0.0011856
50.2200000,0.0906069,0.0166750,-9.8123718,-0.0037186,-0.0037223,-0.0055800
50.2300000,0.0613160,-0.0938322,-9.8156686,-0.0027470,0.0019159,0.0021166
50.2400000,0.0823123,-0.0933438,-9.8183205,-0.0040735,0.0067572,0.0013223
50.2500000,-0.0575840,0.0095965,-9.7963013,0.0020157,-0.0043103,-0.0010609
50.2600000,-0.0061827,-0.0153087,-9.8624804,0.0082162,-0.0032973,0.0014497
50.2700000,-0.0627052,-0.0102201,-9.8209613,0.0028723,-0.0004883,0.0047118
50.2800000,0.0100295,0.0472490,-9.8119257,-0.0006131,0.0020702,-0.0012576
50.2900000,-0.0387139,0.0284328,-9.8645736,0.0002264,-0.0016762,0.0004060
50.3000000,-0.0315554,-0.1330367,-9.8352664,0.0060823,-0.0001503,0.0010026
50.3100000,0.0792963,0.0631837,-9.8678331,-0.0023128,-0.0011462,0.0037304
50.3200000,0.0666395,0.0586785,-9.8348350,-0.0027093,0.0036655,0.0018262
50.3300000,-0.0320396,0.0079856,-9.7896553,-0.0005872,0.0022528,0.0018736
50.3400000,0.0350202,-0.0501385,-9.8288264,-0.0006432,-0.0011666,0.0025711
50.3500000,0.0211513,-0.0543414,-9.8060751,-0.0030533,-0.0000351,-0.0004725
50.3600000,0.0439780,0.0340799,-9.8763754,0.0050906,-0.0020357,-0.0023297
50.3700000,-0.0176793,0.0349973,-9.8454585,0.0029473,0.0101205,0.0014159
50.3800000,0.0418424,0.0389370,-9.6672873,0.0090417,0.0008145,-0.0023155
50.3900000,-0.0074278,0.0241232,-9.8545709,0.0026032,0.0095065,-0.0007973
50.4000000,-0.0051043,-0.0409725,-9.8173613,0.0004032,0.0000085,0.0029271
50.4100000,0.0675940,0.0021716,-9.7552700,0.0026191,0.0000149,-0.0013271
50.4200000,-0.0582213,-0.0629897,-9.8561293,-0.0004866,0.0009565,-0.0029926
50.4300000,0.0418779,-0.0513779,-9.7994618,0.0058043,-0.0033241,-0.0004188
50.4400000,0.0242900,0.0185131,-9.8626130,-0.0005857,0.0018106,0.0026649
50.4500000,0.1033490,-0.0046933,-9.8959035,0.0018531,0.0006471,-0.0003661
50.4600000,-0.0197677,-0.0058647,-9.7644168,0.0062617,0.0005670,-0.0002536
50.4700000,-0.0519473,-0.0469618,-9.8539481,0.0041867,-0.0037486,0.0055522
50.4800000,-0.0349393,-0.0495846,-9.8293285,0.0033148,-0.0013651,-0.0008098
50.4900000,0.0041192,-0.0057377,-9.8669887,-0.0040155,0.0032004,-0.0014140
50.5000000,-0.0056875,-0.0681400,-9.8685229,-0.0010624,0.0079585,0.0036592
50.5100000,-0.0864188,-0.0119693,-9.7468399,0.0027656,0.0034692,0.0000629
50.5200000,0.0346560,-0.0012679,-9.7820006,-0.0026756,-0.0057550,-0.0016858
50.5300000,0.0141209,-0.0057003,-9.7536864,0.0004996,0.0027167,0.0066415
50.5400000,-0.0562791,0.0420247,-9.8661938,-0.0016182,-0.0012053,-0.0030173
50.5500000,-0.0646720,-0.0320684,-9.8166484,-0.0016178,0.0018585,-0.0040726
50.5600000,0.0178071,-0.0109813,-9.8058426,0.0005141,-0.0018341,0.0020311
50.5700000,0.0944671,0.0429354,-9.7910404,0.0038037,0.0015630,-0.0036631
50.5800000,-0.0369663,-0.0908725,-9.8520561,-0.0044980,0.0039678,0.0014159
50.5900000,-0.0619756,0.0278052,-9.7985407,-0.0003454,0.0011979,0.0004735
50.6000000,0.0871691,-0.0106975,-9.8139181,-0.0001078,0.0007164,0.0009187
50.6100000,0.0544930,-0.1237621,-9.8825727,0.0014251,0.0003253,-0.0033818
50.6200000,-0.0339965,-0.0209462,-9.8327801,0.0006358,0.0001254,0.0043861
50.6300000,0.0955310,0.0487263,-9.8178436,-0.0002052,-0.0009942,0.0025001
50.6400000,-0.0205093,-0.0132988,-9.8520232,-0.0003506,-0.0030808,0.0035976
50.6500000,0.0236516,-0.0110610,-9.8274185,0.0021231,0.0028593,0.0039887
50.6600000,-0.0527563,-0.0243549,-9.8303369,-0.0062861,-0.0042891,-0.0005537
50.6700000,0.0103763,-0.0240754,-9.8962185,0.0035285,0.0007119,0.0055451
50.6800000,0.0331092,-0.0506292,-9.7667236,0.0078309,0.0000382,-0.0005882
50.6900000,0.0921609,0.0027982,-9.7869925,-0.0015691,0.0052778,0.0020199
50.7000000,0.0477346,-0.0296290,-9.8724476,0.0047683,-0.0028281,0.0021948
50.7100000,-0.0299895,-0.0377812,-9.7940664,-0.0019845,-0.0029213,0.0008058
50.7200000,-0.0257937,-0.0637673,-9.8824191,0.0036296,0.0072947,0.0026728
50.7300000,0.0071850,-0.0308776,-9.7954352,0.0005649,0.0029138,-0.0036172
50.7400000,0.0564730,0.0214669,-9.7823870,-0.0014540,-0.0002030,-0.0022572
50.7500000,0.0897740,0.0479782,-9.7930670,0.0011406,0.0001417,0.0001238
50.7600000,0.0565477,-0.0979378,-9.8541535,0.0003613,-0.0010056,-0.0008649
50.7700000,-0.0470076,-0.0660504,-9.7841632,0.0007774,0.0003321,0.0068547
50.7800000,0.0349261,-0.0343370,-9.8905070,0.0057123,0.0092087,-0.0006872
50.7900000,-0.0651438,0.0293465,-9.7883365,-0.0026665,0.0007692,0.0015351
50.8000000,-0.0876976,-0.0323641,-9.7910088,0.0037177,-0.0037242,0.0087517
50.8100000,0.0328479,-0.0577731,-9.8676100,0.0053862,0.0007949,-0.0040452
50.8200000,0.0639700,-0.0393219,-9.8553926,-0.0005414,0.0019334,0.0015149
50.8300000,-0.1056109,-0.0095095,-9.8346936,0.0036243,-0.0030449,-0.0011623
50.8400000,-0.0401208,-0.0182450,-9.7997318,-0.0003076,-0.0033881,-0.0007970
50.8500000,0.0332295,0.0589921,-9.8026060,-0.0010505,-0.0008438,-0.0024004
50.8600000,-0.0648674,-0.0465500,-9.8405523,0.0029852,0.0036407,0.0021748
50.8700000,0.0041271,-0.0706738,-9.8075834,-0.0053575,-0.0040346,-0.0036257
50.8800000,-0.0565553,0.0108209,-9.8558146,0.0025808,0.0046808,0.0015363
50.8900000,0.0492683,0.0442447,-9.8308969,-0.0000887,-0.0030751,0.0001477
50.9000000,-0.0143628,-0.0183429,-9.8654635,-0.0018372,-0.0040531,0.0063221
50.9100000,-0.0286584,-0.0000645,-9.8297339,-0.0062324,-0.0016225,0.0044017
50.9200000,-0.0449085,-0.0237240,-9.8412355,-0.0012615,0.0009846,-0.0008127
50.9300000,-0.0384801,0.0096999,-9.7310856,0.0003573,-0.0002352,0.0021609
50.9400000,0.0479636,-0.0110014,-9.9062356,0.0033796,0.0015359,0.0060449
50.9500000,-0.0503468,-0.0848038,-9.8326311,0.0020075,0.0039129,0.0011992
50.9600000,0.0069225,0.0397678,-9.9276798,-0.0019869,0.0011625,-0.0010656
50.9700000,-0.0849615,0.0239964,-9.7351907,0.0031516,0.0052651,-0.0004363
50.9800000,-0.0573974,-0.0039324,-9.9359475,0.0024608,0.0001339,0.0053159
50.9900000,-0.1116462,-0.0349188,-9.8101420,-0.0039207,-0.0008960,-0.0030375
51.0000000,-0.0139696,-0.0330635,-9.7929211,-0.0013750,-0.0068758,0.0067443
51.0100000,-0.0469550,0.0705466,-9.8056795,0.0023184,-0.0027998,-0.0005763
51.0200000,0.1222500,-0.0765810,-9.8318328,-0.0021236,0.0023958,-0.0047471
51.0300000,0.0712771,0.0207235,-9.8456692,0.0033251,0.0036013,-0.0043897
51.0400000,0.0965443,-0.0269148,-9.8187083,-0.0010317,0.0017411,0.0060184
51.0500000,-0.0119674,0.0140106,-9.7516222,0.0002687,-0.0037129,-0.0007429
51.0600000,-0.0197610,0.0310643,-9.8648572,0.0007220,0.0027492,-0.0042687
51.0700000,-0.0542231,0.0135385,-9.8032967,0.0028694,0.0027745,0.0031602
51.0800000,0.0199317,0.1074179,-9.8682586,-0.0002144,0.0012360,-0.0005878
51.0900000,0.0540433,0.0476190,-9.8603718,0.0005604,-0.0102506,-0.0016280
51.1000000,0.0386133,-0.0521815,-9.7875320,0.0012736,-0.0032672,-0.0003667
51.1100000,0.0560826,-0.0673627,-9.8633583,-0.0019288,0.0057614,-0.0010305
51.1200000,0.0650976,-0.0918176,-9.7461202,-0.0020291,0.0049800,-0.0006569
51.1300000,-0.0171831,0.0474214,-9.7282710,0.0039277,-0.0040707,-0.0007455
51.1400000,0.0654093,0.0321186,-9.7990063,0.0064454,0.0000111,0.0005130
51.1500000,-0.0733904,-0.0216348,-9.7143140,0.0032250,-0.0036439,-0.0035613
51.1600000,-0.0253245,-0.0272945,-9.7934705,-0.0017058,0.0022157,0.0028618
51.1700000,-0.1052687,0.0093169,-9.7830019,0.0030878,0.0016223,0.0023470
51.1800000,0.0315714,0.0208217,-9.8731042,0.0019205,-0.0009038,0.0010077
51.1900000,0.0367403,0.0499902,-9.7897833,0.0033130,0.0050322,-0.0005602
51.2000000,0.0276200,0.0118784,-9.8439713,0.0005194,0.0055377,-0.0010251
51.2100000,-0.0273577,-0.0278450,-9.8212562,-0.0017942,-0.0031121,-0.0009335
51.2200000,0.0048281,0.0289761,-9.8271390,0.0028929,0.0040576,0.0061348
51.2300000,-0.0830140,0.0373053,-9.8367409,-0.0014986,0.0045944,0.0028104
51.2400000,-0.0506502,0.0306435,-9.8109649,-0.0039941,0.0015653,0.0002081
51.2500000,0.0329365,0.0233279,-9.9385406,0.0026225,0.0072950,0.0056483
51.2600000,-0.0609287,-0.0377574,-9.8157250,-0.0018432,0.0011240,0.0025211
51.2700000,-0.0696526,0.0457894,-9.7725575,-0.0004368,-0.0003891,0.0016092
51.2800000,0.0055371,-0.0229561,-9.7839174,0.0038440,0.0042277,-0.0025926
51.2900000,0.0624378,-0.0081901,-9.8468532,-0.0019204,0.0036440,0.0032313
51.3000000,-0.0410386,0.0050838,-9.8447670,0.0017093,0.0063433,-0.0014115
51.3100000,-0.0267292,-0.0047826,-9.7261461,-0.0052463,0.0009918,-0.0024738
51.3200000,-0.0296430,-0.0098209,-9.6885196,-0.0048164,0.0019185,-0.0005890
51.3300000,-0.0516785,0.0261793,-9.7634149,-0.0006852,0.0001277,-0.0023134
51.3400000,-0.0812276,0.0454553,-9.7802504,0.0029472,0.0017346,0.0014841
51.3500000,0.0399271,0.0369142,-9.8180784,-0.0088282,0.0028419,-0.0044580
51.3600000,-0.0186773,-0.0819706,-9.8356679,0.0058241,0.0035933,-0.0004595
51.3700000,-0.0895608,0.0273824,-9.8526128,-0.0026788,-0.0005263,-0.0038551
51.3800000,-0.0716713,-0.0457931,-9.7917932,0.0003260,-0.0022424,-0.0031577
51.3900000,0.0322042,-0.0595545,-9.8244567,-0.0003106,-0.0009466,0.0036415
51.4000000,0.0334569,-0.0191109,-9.7128904,0.0023900,0.0004697,-0.0043691
51.4100000,-0.0078949,0.0455784,-9.8484461,-0.0036863,0.0015103,-0.0087230
51.4200000,0.0119968,0.0105034,-9.8420269,0.0006707,-0.0022250,-0.0012022
51.4300000,0.0779737,-0.0318138,-9.8247874,0.0023838,0.0002909,-0.0017469
51.4400000,-0.0111656,-0.0354328,-9.8133906,0.0014813,0.0048931,0.0014608
51.4500000,0.0782955,0.0990234,-9.9115159,0.0005312,-0.0033395,0.0029533
51.4600000,-0.0739481,-0.0642161,-9.8543210,0.0015038,0.0013562,-0.0014399
51.4700000,-0.0242827,0.0115595,-9.8413859,-0.0036430,0.0022387,0.0024579
51.4800000,-0.0118043,-0.0218491,-9.7743602,-0.0066889,0.0004142,-0.0043053
51.4900000,0.0731272,0.0714571,-9.6657147,-0.0011175,0.0014735,0.0037224
51.5000000,-0.0206621,0.0670818,-9.7982358,0.0017987,-0.0007813,-0.0004343
51.5100000,-0.0259215,-0.0365004,-9.7355128,-0.0005417,0.0044531,0.0009132
51.5200000,-0.0806139,-0.0261389,-9.7037547,0.0008234,-0.0043946,-0.0004179
51.5300000,-0.0050387,-0.0205974,-9.7508084,0.0017130,0.0043618,-0.0038550
51.5400000,0.0059739,-0.0474626,-9.8276485,0.0010043,0.0001633,-0.0008754
51.5500000,-0.0418888,0.0381827,-9.7114095,-0.0029142,-0.0001215,-0.0001542
51.5600000,0.0273415,-0.0179736,-9.9084711,-0.0058959,0.0024476,-0.0008550
51.5700000,0.0744065,-0.0462451,-9.7610404,0.0013214,-0.0034726,0.0012074
51.5800000,0.0165260,0.0307009,-9.8311825,0.0017847,0.0004037,-0.0003629
51.5900000,0.0250833,0.0260973,-9.7602834,-0.0017660,-0.0007347,0.0048518
51.6000000,-0.0294783,0.1006846,-9.8726647,-0.0000904,-0.0008795,0.0002283
51.6100000,0.0950094,-0.0211858,-9.8519787,0.0009091,-0.0016806,-0.0031141
51.6200000,0.0053876,-0.0867516,-9.9154892,-0.0009367,0.0000433,-0.0002747
51.6300000,-0.0033539,0.0099913,-9.9095586,-0.0030965,0.0011851,-0.0039719
51.6400000,-0.0504499,0.0220448,-9.8491646,-0.0004780,0.0046965,-0.0012961
51.6500000,0.0039583,0.0017256,-9.8022847,-0.0027615,0.0033585,0.0009289
51.6600000,-0.0459064,-0.0451181,-9.8310668,-0.0012363,-0.0027748,-0.0006413
51.6700000,0.0879975,0.0248570,-9.8377634,-0.0034315,0.0007143,0.0049755
51.6800000,0.0122573,0.0126564,-9.7953691,-0.0019558,0.0026128,0.0009323
51.6900000,0.0377504,-0.0295266,-9.7576952,0.0022492,-0.0000917,-0.0030675
51.7000000,0.0581797,0.0689403,-9.8471112,0.0015424,-0.0005906,0.0018123
51.7100000,-0.0216436,0.0375490,-9.8585979,0.0006033,-0.0021720,0.0000740
51.7200000,0.0771161,-0.0594794,-9.8922848,-0.0001092,-0.0023741,0.0003938
51.7300000,-0.0497572,0.0349559,-9.7605972,0.0020871,-0.0024109,-0.0039383
51.7400000,0.0326240,-0.0163147,-9.7881541,-0.0036209,-0.0044823,0.0001362
51.7500000,-0.0802793,0.0462690,-9.8813521,0.0004987,-0.0040989,0.0012652
51.7600000,-0.0811234,-0.0002381,-9.8736598,0.0022735,0.0025021,-0.0009594
51.7700000,-0.0771205,0.0074123,-9.8337606,0.0068698,-0.0004045,0.0027592
51.7800000,-0.0214250,-0.0373071,-9.7424008,-0.0035477,-0.0032040,-0.0007932
51.7900000,-0.0017581,-0.0835741,-9.7936369,-0.0015991,0.0005966,0.0009371
51.8000000,0.0452668,0.0539701,-9.8046590,-0.0025719,0.0006160,0.0020653
51.8100000,-0.0719021,0.0309817,-9.7564185,-0.0012967,-0.0019852,0.0019179
51.8200000,0.0287126,-0.0149868,-9.8443196,-0.0022860,-0.0009748,-0.0019992
51.8300000,0.1030575,-0.0443229,-9.7950102,-0.0006271,-0.0007218,0.0063662
51.8400000,-0.0640695,0.0828321,-9.7947325,0.0009688,-0.0032487,0.0031543
51.8500000,0.0560127,0.0383817,-9.8533283,0.0034868,-0.0043270,0.0026695
51.8600000,-0.1128775,-0.0660388,-9.7456453,0.0040464,0.0049246,-0.0032897
51.8700000,-0.0022220,0.0402613,-9.7860534,0.0052655,-0.0033296,0.0026064
51.8800000,0.0666662,-0.0708800,-9.8158964,0.0003261,-0.0008270,-0.0028813
51.8900000,-0.0175308,0.0187490,-9.7299790,0.0048736,-0.0021678,0.0009459
51.9000000,0.0637465,0.0539465,-9.8334601,0.0025789,0.0035541,0.0030718
51.9100000,-0.1083622,-0.0222195,-9.8325058,-0.0021953,0.0004870,-0.0039091
51.9200000,-0.0062917,0.0441593,-9.7311203,-0.0058116,0.0026601,0.0011906
51.9300000,0.0918791,-0.0546871,-9.8298916,0.0002684,0.0006292,-0.0011166
51.9400000,0.0322340,0.0955033,-9.8671913,0.0014218,-0.0049953,-0.0026568
51.9500000,-0.0877201,0.0111660,-9.8066886,-0.0011768,-0.0021612,-0.0000636
51.9600000,0.0036093,0.0195057,-9.7629553,-0.0030559,0.0048979,0.0005694
51.9700000,-0.0897494,-0.0198487,-9.8969629,0.0058756,-0.0053010,-0.0034781
51.9800000,0.0653273,-0.0282142,-9.9030551,0.0000624,-0.0005793,-0.0048433
51.9900000,0.0532176,0.0449623,-9.7449694,0.0057488,-0.0005389,-0.0000545
52.0000000,-0.0291048,-0.0092027,-9.6906487,-0.0050699,-0.0031907,-0.0003445
52.0100000,-0.0032744,0.0246104,-9.8560041,0.0017008,0.0041614,0.0037518
52.0200000,0.0144022,0.0428755,-9.7942984,0.0003373,0.0008950,-0.0032972
52.0300000,-0.0138831,-0.0212000,-9.9168040,-0.0006317,0.0004653,0.0001817
52.0400000,0.0107125,-0.0667971,-9.8783453,-0.0074910,-0.0026854,0.0017038
52.0500000,0.0604913,0.0272150,-9.6963939,0.0041145,0.0059812,-0.0056299
52.0600000,-0.0410459,-0.0323539,-9.8342891,-0.0068604,-0.0029362,-0.0028511
52.0700000,0.0259154,-0.0306046,-9.8281855,-0.0008318,-0.0021656,-0.0053263
52.0800000,-0.0522047,-0.0214011,-9.7988561,0.0040597,0.0031679,-0.0019181
52.0900000,0.0562887,-0.0357383,-9.8555398,-0.0029099,-0.0014163,0.0048437
52.1000000,-0.0260468,0.0046317,-9.8430730,-0.0028942,0.0009259,-0.0017852
52.1100000,-0.0321176,0.0273822,-9.7990390,0.0042033,0.0040606,0.0053363
52.1200000,0.0034482,0.0543857,-9.7975546,-0.0046681,0.0012478,0.0018970
52.1300000,0.0240754,0.0111951,-9.8029691,-0.0002213,0.0010379,0.0036575
52.1400000,0.0561926,0.0221560,-9.7764046,0.0002695,0.0068453,-0.0028360
52.1500000,-0.0097171,0.0188928,-9.7194740,0.0017042,0.0017288,-0.0017324
52.1600000,-0.0349104,-0.0293844,-9.7998801,0.0011496,-0.0003792,0.0059056
52.1700000,0.0375687,-0.0572719,-9.8226050,0.0012566,-0.0025597,0.0012754
52.1800000,-0.0568251,-0.0104687,-9.8067979,-0.0063862,0.0030751,-0.0014278
52.1900000,0.0153314,0.0837620,-9.7798642,-0.0018056,-0.0005778,0.0067688
52.2000000,0.0107292,0.0128180,-9.7362426,-0.0011084,0.0000217,-0.0013345
52.2100000,0.0761420,-0.0003203,-9.7763000,0.0001001,-0.0020191,0.0020974
52.2200000,-0.0038932,-0.0694074,-9.6844117,-0.0037857,-0.0055769,-0.0009866
52.2300000,-0.0498059,-0.0232819,-9.7682080,0.0020619,-0.0039774,-0.0019119
52.2400000,0.0081423,0.0180646,-9.7445121,0.0021073,0.0011104,-0.0015688
52.2500000,0.0328434,0.0178619,-9.8061072,0.0043038,0.0011208,-0.0028207
52.2600000,-0.0741586,-0.0448037,-9.8152871,-0.0043646,0.0029898,0.0021594
52.2700000,0.0195252,-0.0359760,-9.7419080,-0.0031197,0.0003231,0.0028861
52.2800000,0.0442795,-0.0963239,-9.7062266,0.0029510,0.0036122,-0.0029199
52.2900000,-0.0355431,0.0231271,-9.8069803,-0.0055692,-0.0027451,0.0009697
52.3000000,-0.0440932,0.0649120,-9.8490215,0.0001719,-0.0025543,0.0028183
52.3100000,-0.0014345,-0.0212067,-9.8385758,0.0016921,0.0027325,-0.0007225
52.3200000,0.0988354,-0.0027235,-9.8928668,0.0003459,-0.0017169,0.0039341
52.3300000,0.0404640,-0.0358873,-9.8326085,-0.0035899,0.0007691,0.0002795
52.3400000,0.0329268,0.0339961,-9.8475853,0.0018182,0.0032683,0.0038951
52.3500000,0.0507078,-0.0853221,-9.8680640,-0.0043354,0.0014518,-0.0063429
52.3600000,0.0193549,-0.0385753,-9.8825855,0.0019375,-0.0029985,0.0005511
52.3700000,-0.0389203,-0.0120520,-9.7762865,-0.0042836,0.0048846,-0.0034087
52.3800000,0.0313946,0.0254891,-9.7450295,0.0039494,-0.0029075,-0.0023802
52.3900000,-0.0214630,-0.0368203,-9.7422872,-0.0024928,-0.0014673,0.0010661
52.4000000,-0.0026352,0.0435882,-9.8507332,-0.0013193,0.0018304,0.0002503
52.4100000,0.1339182,-0.0473726,-9.8765976,0.0003353,-0.0027812,0.0012239
52.4200000,0.0277819,-0.0207807,-9.8320769,-0.0006425,-0.0029108,0.0012904
52.4300000,-0.0010808,-0.0177822,-9.7956042,0.0005319,0.0033180,0.0027819
52.4400000,-0.0266086,0.0347698,-9.7728583,0.0032637,0.0048006,0.0016167
52.4500000,-0.1049403,-0.0109487,-9.8197186,0.0030133,0.0006458,0.0026113
52.4600000,0.0568106,-0.0046896,-9.8362091,0.0016831,0.0005429,-0.0009678
52.4700000,0.0202335,-0.0156312,-9.7875937,0.0021531,-0.0043821,0.0023791
52.4800000,-0.1262750,-0.0372991,-9.7907603,0.0047440,-0.0004885,0.0026309
52.4900000,-0.0585068,0.0331236,-9.8521592,0.0019483,0.0002605,0.0088637
52.5000000,-0.0474279,0.1309216,-9.8043242,0.0000165,-0.0054503,-0.0021221
52.5100000,0.0103166,-0.0141571,-9.7453780,-0.0020266,-0.0029283,0.0000450
52.5200000,-0.0721730,0.0144909,-9.8175862,0.0025954,0.0051295,0.0004500
52.5300000,0.0010350,0.0457458,-9.9473373,0.0005945,0.0003891,-0.0012613
52.5400000,0.0469766,-0.0086128,-9.8149302,0.0001546,0.0041456,-0.0043529
52.5500000,0.1042038,-0.0206469,-9.8318356,-0.0002543,0.0037321,0.0002177
52.5600000,0.0106104,0.0432383,-9.7537235,0.0037103,0.0050078,0.0040661
52.5700000,-0.0017034,0.0604150,-9.8281579,0.0003523,-0.0044022,0.0005186
52.5800000,-0.0450228,-0.0489027,-9.7958179,0.0027514,0.0043463,0.0029745
52.5900000,0.0227800,-0.0274556,-9.8012523,-0.0062821,0.0008642,0.0003690
52.6000000,-0.0163310,-0.1187928,-9.7627651,-0.0040764,-0.0015086,-0.0016722
52.6100000,-0.0432272,-0.0340406,-9.8698694,-0.0003371,0.0029900,-0.0033366
52.6200000,0.0042167,-0.0168199,-9.8115805,0.0000081,-0.0005964,-0.0037482
52.6300000,0.0680374,0.0457417,-9.8319269,-0.0028015,0.0014040,0.0053915
52.6400000,0.0137204,0.0764308,-9.7999736,0.0015276,0.0007071,0.0049600
52.6500000,0.0232084,0.0230865,-9.8500777,-0.0019203,-0.0038981,-0.0010653
52.6600000,0.0409588,-0.0367972,-9.8297852,0.0011578,-0.0037917,-0.0020224
52.6700000,-0.0015258,-0.0214855,-9.7563545,-0.0010799,-0.0033076,0.0057165
52.6800000,-0.0032390,0.0378972,-9.8231893,0.0034301,-0.0018465,-0.0020142
52.6900000,-0.0267061,-0.0079380,-9.8647677,0.0002174,0.0021201,0.0001041
52.7000000,-0.0820225,-0.0204383,-9.8167870,0.0016832,-0.0005581,0.0053819
52.7100000,-0.0570985,0.0742910,-9.8040280,0.0029454,0.0036738,0.0006661
52.7200000,-0.0233488,0.0391306,-9.7984813,-0.0057858,0.0003743,-0.0013849
52.7300000,0.0427200,-0.1677197,-9.7824441,0.0048919,-0.0050739,0.0013463
52.7400000,-0.0622517,-0.0042070,-9.7688765,0.0002791,-0.0035477,-0.0013588
52.7500000,-0.0414342,-0.0358526,-9.8194266,0.0020176,-0.0005192,-0.0058513
52.7600000,0.0484095,0.0270384,-9.7694099,0.0011445,-0.0002674,0.0025023
52.7700000,0.0553621,0.0084897,-9.8136588,-0.0041075,0.0054028,0.0058488
52.7800000,0.0175109,-0.0064938,-9.8777260,0.0009727,0.0021330,-0.0010867
52.7900000,-0.0772100,0.0259427,-9.7835268,0.0001042,-0.0018847,-0.0010332
52.8000000,0.0088233,-0.0604780,-9.8317562,0.0005943,0.0015871,0.0012194
52.8100000,0.0372369,0.0838154,-9.8810066,0.0054291,0.0023849,-0.0010009
52.8200000,-0.0130607,-0.0526333,-9.7862751,-0.0015022,0.0006899,0.0035548
52.8300000,-0.0948246,-0.0444253,-9.7855391,-0.0079087,0.0025981,0.0003192
52.8400000,0.0652255,0.0860525,-9.8272763,-0.0024868,-0.0022639,-0.0001937
52.8500000,0.0004924,-0.0074421,-9.8646832,-0.0025793,0.0047130,-0.0057631
52.8600000,0.0232434,0.0455093,-9.7814524,-0.0005837,-0.0029053,0.0054849
52.8700000,0.0969762,0.0923506,-9.8397344,0.0012355,-0.0001542,-0.0022665
52.8800000,0.0643738,-0.0424720,-9.8729327,-0.0037444,-0.0008233,-0.0011337
52.8900000,-0.0419114,0.0230556,-9.7756492,0.0013533,-0.0037471,0.0001833
52.9000000,0.0217983,-0.0592844,-9.8356533,-0.0024378,0.0017797,0.0032454
52.9100000,0.0382660,-0.0114184,-9.8231892,-0.0011514,0.0006723,0.0053198
52.9200000,-0.1059984,0.0287232,-9.8577695,-0.0011997,-0.0044411,-0.0000839
52.9300000,-0.0041888,-0.0111839,-9.7464186,0.0084735,0.0022584,-0.0003325
52.9400000,0.0211007,0.0344317,-9.7854218,-0.0036442,-0.0005232,0.0013602
52.9500000,-0.0319329,0.0083563,-9.8313523,-0.0011466,0.0007282,0.0028425
52.9600000,-0.0302780,-0.0984768,-9.8166246,-0.0034481,0.0023433,0.0010124
52.9700000,-0.0092684,0.0463850,-9.7914903,-0.0040140,0.0055894,-0.0034092
52.9800000,-0.0248829,-0.0196608,-9.8264498,-0.0012517,0.0055011,0.0022178
52.9900000,-0.0281700,0.0430737,-9.8093626,-0.0019035,0.0031047,0.0041505
53.0000000,-0.0376174,0.0496883,-9.7198051,0.0037723,-0.0015686,-0.0052168
53.0100000,0.1110737,-0.0339307,-9.7758988,-0.0024147,0.0028120,-0.0061846
53.0200000,-0.0322056,0.0027968,-9.7888286,0.0025009,-0.0004283,0.0026520
53.0300000,0.0199031,-0.0494070,-9.7763585,-0.0047257,0.0018256,-0.0057401
53.0400000,-0.0271256,0.0124056,-9.8660946,-0.0021524,0.0040213,0.0012812
53.0500000,-0.0647965,0.1332182,-9.9621198,-0.0003080,-0.0036253,-0.0030361
53.0600000,0.0011226,0.0345572,-9.7622866,-0.0014686,-0.0049364,0.0012613
53.0700000,-0.0396243,-0.0046606,-9.8654561,-0.0024232,0.0004182,0.0003728
53.0800000,0.0033055,-0.0655633,-9.7432390,-0.0009612,0.0018203,0.0039997
53.0900000,-0.0466765,-0.0643170,-9.7962963,0.0035717,-0.0074071,-0.0031284
53.1000000,-0.0164009,0.0190148,-9.7838238,0.0032119,0.0018861,0.0021167
53.1100000,0.0030222,0.0465126,-9.7857406,-0.0031618,-0.0029093,0.0039107
53.1200000,-0.0329171,0.0464765,-9.8064591,-0.0031506,0.0025311,0.0001407
53.1300000,-0.1284822,-0.0165477,-9.7748100,-0.0022599,-0.0024607,0.0019047
53.1400000,-0.0717122,0.0606989,-9.7730384,-0.0002119,0.0007122,0.0001406
53.1500000,0.0114859,0.0156719,-9.7899461,0.0026271,-0.0013244,-0.0055390
53.1600000,-0.0085889,0.0210536,-9.8162020,-0.0032621,0.0011477,-0.0003008
53.1700000,0.0433251,-0.0048156,-9.8263411,0.0035542,0.0029094,-0.0041493
53.1800000,-0.0154381,-0.0342395,-9.8858797,0.0008906,-0.0034512,-0.0010053
53.1900000,-0.0254331,0.0376519,-9.8906954,0.0026358,-0.0002089,0.0002986
53.2000000,0.0631646,-0.0275768,-9.8823530,0.0022847,0.0065307,0.0041466
53.2100000,-0.0766316,-0.0664578,-9.8353770,0.0048299,0.0048807,0.0000736
53.2200000,-0.0342144,-0.0596829,-9.7928362,0.0026987,0.0011205,0.0021605
53.2300000,-0.0103645,-0.0157971,-9.6776147,0.0051309,-0.0005769,0.0013492
53.2400000,-0.0204775,-0.0783876,-9.8557964,0.0008085,-0.0049296,0.0006621
53.2500000,-0.0671941,-0.0165235,-9.7778054,-0.0040184,0.0003223,0.0002450
53.2600000,0.0807536,-0.0977405,-9.8559021,0.0023054,0.0069995,-0.0014224
53.2700000,0.0523096,-0.0400683,-9.8245103,-0.0017734,0.0005704,0.0013894
53.2800000,-0.0658058,-0.0589170,-9.7648566,-0.0033186,0.0018132,-0.0027650
53.2900000,0.0245146,0.0608854,-9.7788711,0.0008665,0.0036193,-0.0050446
53.3000000,0.0348393,-0.0080363,-9.7818006,0.0023918,0.0024596,-0.0009378
53.3100000,-0.0233334,0.0594168,-9.7690528,0.0009159,-0.0005298,0.0004076
53.3200000,0.0183315,0.0368779,-9.8234024,-0.0031072,0.0037320,-0.0001919
53.3300000,-0.0561619,-0.0427841,-9.7938090,-0.0007261,0.0011419,-0.0061413
53.3400000,-0.0162987,0.0461744,-9.8139049,-0.0063829,-0.0020936,0.0014970
53.3500000,-0.0285376,-0.0014626,-9.7733806,-0.0003951,-0.0017656,0.0015100
53.3600000,0.0045099,0.0237709,-9.7349060,-0.0001926,0.0003931,-0.0046966
53.3700000,-0.0203292,0.0275412,-9.8957168,-0.0006950,0.0004414,-0.0002056
53.3800000,0.0566485,0.0633256,-9.8810283,0.0051915,-0.0005929,0.0008469
53.3900000,0.0267787,-0.0759019,-9.8036295,0.0026025,0.0001802,-0.0026813
53.4000000,-0.0572721,0.0097071,-9.7444682,0.0005041,-0.0008787,0.0057968
53.4100000,-0.0220543,-0.0095663,-9.8464116,0.0038338,0.0034811,0.0007296
53.4200000,-0.1013176,0.0690850,-9.8783289,-0.0014066,0.0015457,0.0005816
53.4300000,-0.0682749,0.0230937,-9.8256591,-0.0003394,0.0082885,0.0052671
53.4400000,0.0648024,-0.0957283,-9.8447541,0.0000554,-0.0014616,0.0028611
53.4500000,-0.0206532,-0.0421871,-9.8011206,-0.0080146,-0.0015658,-0.0067330
53.4600000,0.0505693,-0.0120346,-9.8518010,0.0036043,-0.0033572,-0.0046795
53.4700000,-0.0146913,-0.0419716,-9.7327765,0.0021379,-0.0031796,0.0021416
53.4800000,0.0933950,0.0767380,-9.8910908,-0.0017643,-0.0009582,-0.0041749
53.4900000,0.0798033,0.0497768,-9.8002730,0.0052992,-0.0010597,-0.0002232
53.5000000,-0.0542316,0.0463766,-9.7165362,0.0070247,-0.0011205,0.0063228
53.5100000,0.0034424,-0.0449356,-9.7176451,0.0020387,-0.0037809,0.0008531
53.5200000,0.0192871,-0.0132361,-9.7667129,-0.0010451,-0.0004921,0.0004498
53.5300000,0.0233706,-0.0228520,-9.7750085,-0.0014557,0.0025537,-0.0041899
53.5400000,-0.0480595,-0.0013773,-9.8357738,-0.0009323,-0.0021905,-0.0012228
53.5500000,-0.0493080,0.0510481,-9.8065159,0.0068887,-0.0001588,-0.0004938
53.5600000,-0.0217176,0.0439706,-9.8104308,-0.0003774,0.0054417,-0.0059330
53.5700000,0.0316545,-0.0052843,-9.7954425,-0.0002701,0.0002400,-0.0006042
53.5800000,-0.0169599,0.0288873,-9.8726179,-0.0017637,-0.0000378,-0.0037546
53.5900000,0.0188945,-0.0410557,-9.6730037,0.0025534,-0.0008102,0.0027528
53.6000000,-0.0111428,0.0336960,-9.9025349,-0.0020942,0.0006499,0.0039120
53.6100000,0.0024219,0.0379346,-9.7522002,0.0038704,0.0008478,0.0005088
53.6200000,0.0559706,-0.0087566,-9.7988240,-0.0026209,-0.0005396,0.0055367
53.6300000,-0.0608866,0.0256362,-9.8444772,0.0008806,0.0008615,-0.0005320
53.6400000,-0.0358160,-0.0009335,-9.8080072,0.0010610,-0.0050408,0.0012742
53.6500000,0.0623850,0.0133466,-9.8140122,0.0023411,-0.0022818,-0.0002242
53.6600000,0.0025877,0.0192692,-9.7675594,0.0044415,0.0024095,-0.0040018
53.6700000,-0.0395906,-0.0304669,-9.7872505,-0.0014062,0.0007495,-0.0005281
53.6800000,0.0487192,0.0345023,-9.7851105,0.0045549,-0.0008895,-0.0024828
53.6900000,0.0375779,-0.0190644,-9.9057739,0.0056847,0.0000227,0.0020140
53.7000000,0.0867394,-0.1111864,-9.7808810,-0.0019562,0.0032625,0.0008087
53.7100000,0.0318701,-0.0746243,-9.8137007,-0.0000316,-0.0016392,-0.0057994
53.7200000,-0.0786911,-0.0295477,-9.7968233,0.0023730,-0.0039600,-0.0000828
53.7300000,0.0047112,0.0221472,-9.8359865,0.0035923,-0.0002169,0.0063619
53.7400000,0.0168937,0.0805889,-9.9399346,-0.0009241,-0.0002775,0.0027041
53.7500000,-0.0573378,-0.0695273,-9.8708692,-0.0043300,0.0000140,0.0056592
53.7600000,-0.0321340,-0.0081339,-9.8314727,-0.0012922,0.0024402,-0.0038077
53.7700000,-0.0749621,-0.0359842,-9.8105938,0.0049832,-0.0013401,0.0038149
53.7800000,-0.0120364,-0.0497879,-9.7839177,0.0031217,-0.0020196,0.0046725
53.7900000,0.0322230,0.0568701,-9.8166484,-0.0032792,0.0009393,-0.0008348
53.8000000,-0.0833154,-0.0413318,-9.7651356,0.0000714,-0.0008945,0.0019093
53.8100000,0.0610309,-0.0240810,-9.8082922,0.0035962,0.0039832,0.0035481
53.8200000,-0.0134006,0.0657795,-9.8095409,-0.0029050,-0.0015889,0.0022699
53.8300000,0.0016492,0.0306946,-9.8301298,0.0017543,0.0003593,0.0012917
53.8400000,0.0707257,-0.1165598,-9.7986671,-0.0039299,-0.0003788,-0.0028181
53.8500000,-0.0112546,-0.0027464,-9.8031724,-0.0020309,-0.0010026,0.0022798
53.8600000,-0.0836981,-0.0942643,-9.7935402,0.0006381,0.0006584,0.0047056
53.8700000,0.0232680,0.0142594,-9.7065045,-0.0006717,0.0020358,0.0014896
53.8800000,0.1153765,0.0082626,-9.6968881,0.0017924,0.0034203,0.0069480
53.8900000,0.0057603,0.0006663,-9.8440022,0.0025639,0.0057873,-0.0001898
53.9000000,-0.0923446,0.0449761,-9.6816698,0.0000795,0.0007020,0.0060584
53.9100000,0.0580250,0.0284471,-9.8113579,-0.0021768,0.0009799,-0.0040470
53.9200000,-0.0689175,-0.0707499,-9.7161798,-0.0025601,-0.0013098,-0.0024169
53.9300000,-0.0193249,0.0454969,-9.8428755,0.0011665,-0.0063609,0.0009050
53.9400000,-0.0266634,-0.0265917,-9.8474040,-0.0019320,0.0029597,-0.0012412
53.9500000,-0.1218268,0.0850332,-9.7751708,-0.0000977,0.0035429,-0.0017112
53.9600000,0.0426492,0.0005608,-9.7478550,0.0006049,0.0006936,0.0041189
53.9700000,-0.0392076,0.0667498,-9.7697130,-0.0020698,-0.0012679,-0.0009311
53.9800000,0.0625432,0.0019186,-9.7813381,-0.0036487,0.0018845,-0.0053558
53.9900000,0.0244888,-0.0268516,-9.7897152,0.0012597,0.0051145,-0.0024946
54.0000000,-0.1469166,-0.0420879,-9.8214482,-0.0038320,0.0014112,-0.0015227
54.0100000,-0.0788825,-0.0392962,-9.7613574,-0.0003447,-0.0001821,-0.0016213
54.0200000,-0.0092373,0.0318558,-9.9119846,0.0043047,-0.0044259,0.0039258
54.0300000,0.0713457,-0.0367144,-9.8664848,-0.0009271,-0.0022922,-0.0005484
54.0400000,-0.0678782,-0.0550149,-9.8478907,-0.0023174,-0.0000656,0.0004270
54.0500000,-0.0001041,0.0144712,-9.7659955,-0.0016418,-0.0026742,0.0028261
54.0600000,-0.0448380,0.0008919,-9.8835336,0.0056395,0.0010751,0.0029949
54.0700000,0.0135017,0.0785971,-9.8159930,0.0037433,-0.0042166,-0.0035235
54.0800000,-0.0127156,0.0224228,-9.7984722,0.0023643,0.0039976,0.0078564
54.0900000,-0.0575325,0.0014946,-9.8426225,-0.0002068,-0.0040615,-0.0011699
54.1000000,0.0319701,0.0164672,-9.8151228,-0.0064058,-0.0071047,0.0047004
54.1100000,-0.0665168,-0.0428576,-9.7859766,-0.0057096,-0.0012075,-0.0012396
54.1200000,-0.0298695,0.0099052,-9.7609497,-0.0013040,0.0093921,-0.0011626
54.1300000,0.0190751,-0.0438289,-9.7926736,0.0026976,-0.0031590,-0.0000150
54.1400000,0.0560889,-0.0225026,-9.7656501,0.0063353,0.0011424,-0.0045493
54.1500000,-0.0213266,0.0411589,-9.8695975,-0.0020110,-0.0012804,-0.0073474
54.1600000,0.0477009,0.0075523,-9.7889143,0.0000071,-0.0055231,0.0041989
54.1700000,0.0493354,0.0211309,-9.8482049,0.0005029,0.0031100,0.0003865
54.1800000,-0.0404769,0.0022045,-9.7572130,0.0002559,0.0046355,0.0044976
54.1900000,0.0638164,0.0734689,-9.8005549,0.0011595,-0.0010185,0.0012619
54.2000000,0.0194470,0.0494345,-9.8521128,-0.0043113,0.0011860,0.0003781
54.2100000,0.0574505,-0.0484216,-9.8407310,0.0014966,0.0043544,0.0011521
54.2200000,0.0413765,0.0100654,-9.8540271,0.0018056,-0.0012876,0.0002990
54.2300000,-0.0389557,0.0012882,-9.7433815,0.0021911,-0.0015169,-0.0028627
54.2400000,0.0731223,-0.0120906,-9.7503959,0.0005718,0.0022909,-0.0026412
54.2500000,-0.0937545,0.0217023,-9.8459776,0.0016210,0.0008911,-0.0014363
54.2600000,0.0283399,-0.0533309,-9.8152551,-0.0016486,0.0010396,-0.0010999
54.2700000,-0.0143554,0.1054268,-9.8156233,-0.0027185,-0.0025679,0.0067508
54.2800000,-0.0938350,0.0316673,-9.8289291,0.0039343,-0.0004119,-0.0015067
54.2900000,-0.1076222,-0.0070384,-9.7596983,0.0031524,-0.0006446,0.0005086
54.3000000,0.0475690,0.0093764,-9.8427986,0.0015381,0.0006977,0.0000519
54.3100000,0.0703985,0.1090570,-9.8447410,0.0042331,0.0046259,-0.0005212
54.3200000,-0.0473339,0.0562930,-9.8061551,0.0006819,-0.0001044,-0.0020933
54.3300000,0.0426701,0.0313078,-9.8051586,0.0011969,0.0015046,-0.0000215
54.3400000,-0.0291723,0.0650218,-9.9259104,0.0074044,-0.0020764,-0.0001912
54.3500000,0.0133869,-0.0500758,-9.8054839,0.0031370,0.0039310,-0.0043019
54.3600000,0.0412414,-0.0052443,-9.9178527,0.0022336,-0.0018014,0.0009859
54.3700000,0.1177719,0.0021313,-9.8270824,-0.0006546,0.0020966,-0.0023898
54.3800000,-0.0386614,0.0848760,-9.7972504,-0.0004187,-0.0010490,-0.0033885
54.3900000,0.0365340,0.0121018,-9.7828691,-0.0001277,0.0027401,0.0032516
54.4000000,0.0055148,0.0118120,-9.8711770,0.0021502,-0.0046311,0.0000823
54.4100000,0.0158314,-0.0502986,-9.7496702,0.0060365,-0.0023593,-0.0008242
54.4200000,0.0248080,-0.0534314,-9.7391846,-0.0045679,0.0019010,-0.0006503
54.4300000,-0.0281271,-0.0034879,-9.8208509,0.0016870,0.0031909,0.0017388
54.4400000,0.0642361,0.0656614,-9.8563371,0.0003382,-0.0016147,-0.0005944
54.4500000,0.0447421,-0.0308956,-9.7792384,-0.0026832,0.0019495,-0.0017546
54.4600000,0.0157530,0.0201689,-9.7114085,-0.0077133,0.0036739,0.0004305
54.4700000,0.0336425,-0.0180707,-9.8564523,0.0058475,-0.0000646,0.0027515
54.4800000,0.0499663,0.0460546,-9.7285703,-0.0069220,0.0023587,0.0005089
54.4900000,-0.0021016,0.0105922,-9.8218858,0.0024474,-0.0042874,0.0027806
54.5000000,-0.0540183,-0.0552765,-9.8754870,0.0038764,-0.0046678,0.0039066
54.5100000,-0.0590180,-0.0841465,-9.7471259,0.0003632,0.0017256,0.0007442
54.5200000,-0.0559815,0.0585033,-9.9120714,-0.0027070,-0.0000911,0.0021186
54.5300000,0.0436963,0.0103139,-9.7814524,-0.0026580,-0.0001162,-0.0033017
54.5400000,-0.0395974,-0.0065794,-9.7618523,0.0041775,0.0000870,-0.0003459
54.5500000,0.0420100,-0.0316894,-9.9130352,-0.0022257,-0.0007625,-0.0076597
54.5600000,-0.0022724,-0.0879010,-9.8058419,-0.0018834,-0.0008982,0.0017169
54.5700000,-0.0263465,0.0415281,-9.7828441,0.0050119,-0.0022244,-0.0036388
54.5800000,0.0903362,0.0414122,-9.7044787,-0.0022765,0.0007047,-0.0026079
54.5900000,-0.0097227,-0.0059582,-9.8455076,-0.0009376,0.0010061,-0.0002385
54.6000000,0.0074280,0.0268737,-9.7739690,-0.0014043,0.0028291,0.0047872
54.6100000,0.0275975,-0.0739822,-9.7561458,-0.0037722,-0.0029610,-0.0004552
54.6200000,-0.0821223,-0.0033025,-9.8149359,0.0040602,-0.0039785,-0.0021723
54.6300000,-0.0131923,0.0275828,-9.7863035,0.0010786,0.0011525,-0.0022247
54.6400000,-0.0073909,-0.0203815,-9.7931884,0.0022653,-0.0039709,0.0011013
54.6500000,-0.0717940,0.0457525,-9.8658912,0.0069414,-0.0029069,-0.0001337
54.6600000,-0.0600924,0.0087052,-9.7544607,-0.0016732,-0.0000866,-0.0033972
54.6700000,-0.0103988,-0.0137283,-9.8484712,-0.0045380,0.0018618,-0.0008934
54.6800000,-0.0781210,-0.0804632,-9.8213131,-0.0006656,0.0018737,-0.0007181
54.6900000,-0.0518140,0.0210960,-9.7878357,-0.0005476,0.0004941,-0.0003667
54.7000000,0.1443899,0.0165725,-9.7707687,-0.0006403,0.0014827,-0.0028713
54.7100000,0.0466813,0.0129577,-9.8632716,0.0032852,-0.0033233,-0.0027431
54.7200000,0.0443076,-0.0814070,-9.8291906,0.0000069,0.0050890,-0.0034248
54.7300000,0.1139315,-0.0441544,-9.8191113,-0.0035570,-0.0017003,0.0042154
54.7400000,-0.0638271,-0.0483029,-9.8062852,-0.0025159,-0.0015600,-0.0033674
54.7500000,0.0242714,-0.0550133,-9.8217549,-0.0076258,0.0044212,0.0005339
54.7600000,-0.0230824,-0.0134449,-9.7189869,0.0003308,0.0028162,0.0006449
54.7700000,0.0479361,-0.0211390,-9.9205718,0.0023027,-0.0041539,0.0007937
54.7800000,0.0171495,0.0526698,-9.8343978,0.0024907,-0.0038823,0.0013373
54.7900000,0.0542666,0.0827130,-9.8731867,-0.0053282,-0.0004233,0.0027261
54.8000000,0.0635163,-0.0527901,-9.7270743,0.0002107,0.0015279,-0.0019931
54.8100000,0.0138828,-0.0061152,-9.7275879,-0.0034137,0.0023980,-0.0012966
54.8200000,-0.0241699,-0.0836413,-9.8045771,0.0030250,0.0000759,0.0033181
54.8300000,-0.0320054,-0.0296283,-9.7299457,0.0014800,-0.0006563,-0.0014656
54.8400000,0.0491804,0.0226703,-9.8439061,-0.0001259,0.0026582,-0.0035491
54.8500000,0.0194598,0.0193824,-9.7888222,-0.0007305,-0.0011403,0.0033772
54.8600000,0.0011687,0.0694926,-9.7727903,-0.0036019,0.0007251,0.0007006
54.8700000,0.0319353,0.0673425,-9.8185550,0.0004176,-0.0013474,-0.0005898
54.8800000,-0.0179847,0.0234478,-9.8683717,-0.0008717,-0.0036962,0.0021968
54.8900000,0.0287069,-0.0137445,-9.7711721,0.0030999,0.0011108,-0.0003105
54.9000000,-0.0134964,-0.0498637,-9.7794915,0.0007798,0.0014189,0.0027009
54.9100000,0.0029167,-0.0767306,-9.7693844,-0.0011610,-0.0028681,0.0034508
54.9200000,-0.1337229,0.0784330,-9.8588673,0.0009084,0.0037735,0.0016658
54.9300000,0.0041976,-0.0187695,-9.7213660,-0.0025927,-0.0036689,0.0030867
54.9400000,0.0346739,-0.1577129,-9.7761201,0.0000381,0.0014964,-0.0007053
54.9500000,-0.0963739,0.0224261,-9.7833836,0.0001651,0.0013664,-0.0043516
54.9600000,-0.0390212,-0.0309805,-9.8246474,-0.0023896,0.0018647,-0.0033121
54.9700000,-0.0601509,-0.0141156,-9.7384309,0.0026885,-0.0039332,-0.0031884
54.9800000,-0.0217566,0.0287847,-9.8424843,0.0016218,0.0001757,0.0061447
54.9900000,-0.0322485,-0.0386863,-9.8250592,-0.0025459,-0.0000433,-0.0005659
55.0000000,-0.0046675,0.0314882,-9.8079359,0.0008696,0.0023178,-0.0025369
55.0100000,0.0593740,-0.0532135,-9.8142013,0.0063469,-0.0027835,-0.0013302
55.0200000,0.0881018,-0.0469236,-9.8409975,-0.0048278,-0.0043353,-0.0010622
55.0300000,-0.0098800,-0.1937947,-9.8345805,0.0031514,0.0019923,0.0040077
55.0400000,-0.0881260,-0.0911604,-9.8226459,0.0042381,0.0023842,0.0036132
55.0500000,-0.0009557,-0.0365832,-9.8056194,-0.0030653,-0.0049166,-0.0004512
55.0600000,0.0171540,-0.0450948,-9.8208981,-0.0041516,-0.0029954,-0.0020520
55.0700000,-0.0013591,-0.0129639,-9.8151180,-0.0011311,0.0002286,0.0033317
55.0800000,0.0647211,0.0376046,-9.7548351,0.0005510,-0.0046413,-0.0035221
55.0900000,-0.1313889,0.0110874,-9.7933690,0.0012571,0.0028485,-0.0048284
55.1000000,0.0207539,0.0406102,-9.7492872,0.0021061,-0.0011303,-0.0064251
55.1100000,-0.0361384,0.0491384,-9.8085456,0.0019781,-0.0023058,-0.0020053
55.1200000,-0.0356114,-0.0446142,-9.8256694,-0.0006589,0.0022001,0.0014137
55.1300000,-0.0256764,0.0771958,-9.8280841,-0.0019950,-0.0013039,-0.0001510
55.1400000,0.0114216,-0.0277904,-9.8661664,-0.0001525,-0.0035571,-0.0011000
55.1500000,0.0397528,0.0409122,-9.7824865,0.0079331,-0.0029663,-0.0031269
55.1600000,-0.0489367,-0.0012609,-9.8446630,-0.0047974,-0.0034882,0.0034391
55.1700000,0.0459545,-0.0169374,-9.7720692,0.0060054,-0.0064325,0.0057469
55.1800000,0.0077015,-0.0163155,-9.8397837,0.0027293,-0.0030655,-0.0053063
55.1900000,-0.0422457,0.0470457,-9.7813937,-0.0000837,-0.0043290,0.0009577
55.2000000,0.0187262,0.0985251,-9.7659310,0.0004937,0.0027131,-0.0002963
55.2100000,0.0349019,0.1064287,-9.7406238,-0.0019150,-0.0008589,0.0025948
55.2200000,0.0837782,0.0024376,-9.9016730,0.0027586,0.0034385,0.0000386
55.2300000,0.0237804,-0.0788390,-9.7858910,-0.0019423,0.0018915,-0.0005244
55.2400000,0.0892080,0.0487993,-9.8030646,0.0023141,-0.0004015,0.0084362
55.2500000,-0.0440716,-0.0565900,-9.8284291,-0.0012664,-0.0004777,0.0011632
55.2600000,-0.0338001,0.0639671,-9.8962275,0.0020141,-0.0048817,-0.0017725
55.2700000,-0.0125621,-0.0315392,-9.8350932,-0.0018790,-0.0015861,-0.0062751
55.2800000,0.0219213,-0.0607269,-9.8216999,0.0011183,0.0009714,0.0063913
55.2900000,0.0036752,-0.1056646,-9.8284258,-0.0028267,0.0000153,0.0062317
55.3000000,0.0253983,0.0442263,-9.8796230,0.0053666,-0.0039511,0.0009995
55.3100000,-0.0729745,0.0252308,-9.8449396,-0.0032256,0.0014290,0.0007487
55.3200000,0.0102225,0.0142755,-9.7672361,-0.0016935,-0.0002785,0.0085886
55.3300000,0.0253257,-0.0247002,-9.7519848,-0.0019928,-0.0000797,0.0032119
55.3400000,0.0229525,-0.0436767,-9.7439523,0.0018668,0.0028696,-0.0011129
55.3500000,0.0361226,0.0099863,-9.8794159,0.0031697,-0.0011799,0.0025043
55.3600000,-0.0059626,0.0595881,-9.7575335,0.0012572,-0.0034170,-0.0001202
55.3700000,-0.0432543,-0.0469838,-9.7944218,0.0012677,-0.0004596,-0.0016474
55.3800000,0.1129684,-0.0168319,-9.8200568,-0.0003204,-0.0010005,0.0010581
55.3900000,0.0992542,-0.0361788,-9.6761192,0.0025429,0.0015993,0.0006111
55.4000000,0.0737458,-0.0740654,-9.8002140,0.0037208,-0.0027399,0.0089663
55.4100000,-0.0522525,0.0343011,-9.7149878,0.0003753,0.0022541,0.0010386
55.4200000,0.0039151,-0.0138187,-9.7002099,-0.0080755,-0.0022679,-0.0015742
55.4300000,-0.0967512,0.0834766,-9.7804384,0.0069559,-0.0012842,0.0007203
55.4400000,-0.0513886,0.0219054,-9.8533286,0.0027323,-0.0042262,0.0003525
55.4500000,-0.0595388,-0.0175398,-9.8370180,0.0005043,-0.0016431,0.0005543
55.4600000,-0.1102559,-0.0667088,-9.7559631,-0.0006198,-0.0019547,0.0035170
55.4700000,0.0954297,-0.0181672,-9.8230527,0.0000331,0.0023359,-0.0010346
55.4800000,-0.0171841,0.0989497,-9.8135492,0.0021313,0.0005685,0.0018007
55.4900000,-0.0511823,0.0800621,-9.8073987,-0.0003126,0.0007024,-0.0023044
55.5000000,0.0721890,-0.0009087,-9.8332459,-0.0014589,-0.0038103,0.0008103
55.5100000,0.0712056,0.0022977,-9.8419171,0.0016942,0.0005626,-0.0020395
55.5200000,-0.0799803,-0.0184725,-9.9078434,0.0017211,0.0028628,0.0036352
55.5300000,0.0060815,-0.0285012,-9.8474930,-0.0060181,0.0040336,0.0044345
55.5400000,0.0216919,-0.0154443,-9.7882502,-0.0000660,-0.0027869,0.0028109
55.5500000,-0.0722277,-0.0744215,-9.7688701,-0.0002616,0.0007503,-0.0022436
55.5600000,-0.0157401,-0.0147421,-9.8661140,-0.0052314,0.0043111,-0.0022472
55.5700000,0.0239560,-0.0721833,-9.8031088,-0.0004729,0.0047621,-0.0013266
55.5800000,-0.0204761,0.0033762,-9.7913816,0.0055840,-0.0042960,-0.0026702
55.5900000,-0.0049850,-0.0404682,-9.8007069,-0.0059108,-0.0034001,-0.0007855
55.6000000,0.0271276,-0.0025354,-9.8652371,-0.0002262,0.0010660,-0.0000207
55.6100000,0.0387635,0.0053659,-9.7884714,-0.0017070,-0.0030409,-0.0008878
55.6200000,-0.1149420,0.0450704,-9.8270613,-0.0010359,0.0005726,0.0019509
55.6300000,0.0514698,0.0295017,-9.9379312,0.0053789,-0.0025082,0.0027150
55.6400000,0.0256087,0.0187326,-9.8665047,-0.0025737,-0.0015100,0.0006810
55.6500000,0.0419468,-0.0361302,-9.7501271,0.0012199,-0.0035313,-0.0025910
55.6600000,0.0359246,0.0583191,-9.8988600,0.0019019,0.0024985,-0.0029245
55.6700000,0.0281212,0.0641368,-9.7875215,-0.0036277,-0.0051889,-0.0093148
55.6800000,-0.0111483,0.0036459,-9.8073254,0.0040299,0.0007750,-0.0005749
55.6900000,-0.0322927,-0.1191997,-9.8281480,0.0028098,0.0003091,-0.0001331
55.7000000,0.0444817,0.0737084,-9.7556319,0.0026162,-0.0021705,0.0064145
55.7100000,-0.0033023,0.0230620,-9.9382076,-0.0023587,-0.0038508,-0.0026112
55.7200000,0.0563720,-0.0146494,-9.8205904,0.0008292,-0.0016892,-0.0021604
55.7300000,0.0250590,0.0298976,-9.7689937,-0.0019265,-0.0012307,0.0014318
55.7400000,-0.0169985,0.0124434,-9.8356590,0.0019603,-0.0007124,0.0037035
55.7500000,0.0356967,0.0181165,-9.7304754,0.0004243,-0.0003890,-0.0018782
55.7600000,0.0692396,-0.0261970,-9.8384152,-0.0001656,0.0000508,0.0015066
55.7700000,0.0733328,0.0124583,-9.8840274,-0.0002461,-0.0035374,0.0026585
55.7800000,-0.0405487,-0.0235391,-9.7824761,-0.0012390,0.0013215,0.0031483
55.7900000,-0.0149318,-0.0689405,-9.8248672,-0.0018299,0.0026568,-0.0037788
55.8000000,-0.0245307,0.0839420,-9.8191877,-0.0049994,0.0024703,-0.0008846
55.8100000,0.0279737,-0.0183198,-9.7616682,-0.0007727,-0.0003034,-0.0043228
55.8200000,0.0118975,0.0132789,-9.8051025,-0.0038064,-0.0018322,-0.0003621
55.8300000,0.0405180,0.0339387,-9.7408012,-0.0062502,0.0007449,-0.0043560
55.8400000,-0.0314306,0.0617991,-9.7782802,-0.0035763,-0.0035154,-0.0019507
55.8500000,-0.0360989,0.0400413,-9.7330511,-0.0009743,0.0036987,-0.0037798
55.8600000,-0.0060832,0.0649574,-9.8006676,-0.0010915,-0.0011717,0.0053172
55.8700000,0.0625966,0.0358759,-9.9067969,0.0005734,-0.0008330,0.0002896
55.8800000,-0.0790500,0.0004160,-9.7197650,-0.0010349,-0.0048729,0.0005404
55.8900000,-0.0385726,-0.0085715,-9.7609240,-0.0017961,-0.0006179,0.0010619
55.9000000,0.0526136,-0.0428158,-9.8068899,-0.0000945,0.0022668,-0.0000888
55.9100000,-0.0104034,0.0248830,-9.7989797,0.0012314,-0.0004404,0.0016816
55.9200000,-0.0348835,0.0237362,-9.7784629,0.0013674,-0.0003517,-0.0013628
55.9300000,-0.0333023,-0.0333142,-9.7900104,-0.0004043,-0.0002164,0.0002445
55.9400000,0.0242967,0.0883862,-9.8212490,0.0039253,0.0003454,-0.0003550
55.9500000,-0.0163319,0.0448257,-9.8225362,-0.0035054,0.0004431,-0.0038893
55.9600000,0.0025856,0.0309251,-9.8196670,-0.0016790,-0.0050071,0.0014307
55.9700000,0.0069711,0.1013588,-9.8288974,0.0009345,0.0010506,0.0002408
55.9800000,0.1177204,-0.0389075,-9.8627389,-0.0029763,0.0035521,-0.0047900
55.9900000,-0.0015762,-0.0735999,-9.7910250,0.0003372,0.0020959,-0.0059823
56.0000000,-0.0762654,-0.0432910,-9.7962150,-0.0025322,-0.0021142,0.0038909
56.0100000,-0.0205488,-0.1033075,-9.7610875,-0.0017463,0.0095029,0.0030036
56.0200000,-0.0078639,0.0443274,-9.7707551,0.0057267,-0.0032945,-0.0030882
56.0300000,0.0210173,-0.0020293,-9.7588551,-0.0008173,-0.0003875,-0.0031550
56.0400000,0.0409992,-0.0290087,-9.7961667,0.0005347,0.0021681,-0.0010296
56.0500000,0.0326771,0.0073265,-9.7876428,0.0000398,-0.0056632,0.0003663
56.0600000,0.0422618,-0.0338785,-9.7533187,0.0021834,0.0008023,0.0016615
56.0700000,0.0034541,-0.0199127,-9.8337715,-0.0009625,0.0042292,-0.0058206
56.0800000,-0.0223756,0.0719814,-9.7893678,0.0031702,-0.0028256,0.0022632
56.0900000,-0.0034433,-0.0108382,-9.8624939,0.0028779,0.0006751,-0.0002096
56.1000000,0.0434133,-0.0298219,-9.8303661,0.0040277,0.0010698,0.0022434
56.1100000,-0.0241418,-0.0039128,-9.7580460,-0.0051936,-0.0011974,0.0012729
56.1200000,-0.0676757,-0.0184426,-9.8094605,-0.0000008,-0.0030916,0.0049751
56.1300000,0.0682467,-0.0448015,-9.8631275,0.0058121,-0.0007882,-0.0022327
56.1400000,0.0192617,0.0698733,-9.8624637,0.0000005,0.0037361,-0.0007378
56.1500000,-0.0136445,-0.0277625,-9.8316824,-0.0012413,0.0016879,-0.0028652
56.1600000,-0.1330622,0.1192441,-9.8064938,-0.0007373,-0.0003548,-0.0012512
56.1700000,0.0416144,0.0079023,-9.7926961,-0.0006029,-0.0002202,0.0046737
56.1800000,0.0532234,-0.1022300,-9.7825002,0.0001067,-0.0034052,0.0015208
56.1900000,-0.1417702,-0.0029358,-9.7978556,-0.0006330,0.0024838,0.0022594
56.2000000,-0.0160399,-0.0084902,-9.8447328,-0.0024475,0.0012413,0.0028323
56.2100000,0.0001401,0.0408550,-9.8636100,0.0015032,-0.0048079,-0.0014576
56.2200000,-0.0161689,0.0183863,-9.8979487,0.0005365,0.0010124,-0.0008191
56.2300000,0.0797822,-0.0147321,-9.8160381,0.0033999,0.0016645,0.0047189
56.2400000,-0.0008614,-0.0113682,-9.8407197,0.0019959,0.0003514,-0.0030690
56.2500000,0.0074915,0.0240979,-9.7803562,0.0007725,0.0000152,0.0013687
56.2600000,-0.0305438,-0.0249186,-9.7710118,-0.0009713,-0.0036920,0.0000066
56.2700000,-0.0208618,-0.0539344,-9.8072209,0.0039788,-0.0005773,0.0001658
56.2800000,-0.0160667,-0.0544580,-9.7707414,-0.0013185,0.0007733,-0.0015134
56.2900000,-0.0732577,0.0125811,-9.7476198,-0.0035664,-0.0030283,-0.0031900
56.3000000,0.0153643,-0.0828428,-9.7643194,-0.0013447,0.0011672,-0.0006268
56.3100000,0.0177926,-0.0718441,-9.7234311,-0.0013330,0.0040786,0.0006452
56.3200000,0.0597810,0.0386239,-9.8346163,-0.0079206,0.0007861,0.0061011
56.3300000,-0.0696832,0.0628095,-9.7095174,0.0012703,0.0005462,-0.0041482
56.3400000,-0.0150999,0.0874769,-9.9271426,-0.0010559,0.0006496,-0.0001951
56.3500000,-0.0588589,0.0122382,-9.7019385,0.0033755,0.0005645,0.0015933
56.3600000,0.0084310,-0.0110127,-9.8344438,0.0002381,0.0017751,0.0053047
56.3700000,0.0376860,0.0425078,-9.8165284,-0.0006144,0.0007676,0.0004995
56.3800000,0.0481153,0.0439319,-9.7799965,-0.0025258,-0.0005779,0.0017529
56.3900000,0.0781858,0.0470829,-9.7771418,0.0001919,0.0040351,-0.0058916
56.4000000,-0.0524503,0.0195396,-9.8728076,0.0047617,0.0017996,-0.0002509
56.4100000,-0.0075088,-0.0562091,-9.8342820,0.0027144,0.0009643,-0.0027913
56.4200000,0.0085723,-0.0169965,-9.8233649,-0.0020219,-0.0009712,-0.0027412
56.4300000,-0.0267557,-0.0695062,-9.7817258,-0.0019057,0.0004694,-0.0002088
56.4400000,0.0056466,-0.0016995,-9.7875197,-0.0084121,0.0027426,-0.0012107
56.4500000,-0.0117771,0.0854073,-9.7287203,0.0037249,0.0045604,0.0001139
56.4600000,0.0274174,0.0313484,-9.8992074,-0.0020231,-0.0020970,-0.0033867
56.4700000,0.0556666,-0.0434288,-9.7525459,-0.0098380,0.0024738,-0.0038608
56.4800000,-0.0698257,-0.0257639,-9.7888351,-0.0022577,0.0008812,0.0035665
56.4900000,0.0941449,-0.0372164,-9.8845472,-0.0021604,0.0031872,0.0013157
56.5000000,0.0554599,0.0130813,-9.8131302,-0.0013171,-0.0036559,0.0014718
56.5100000,0.0792956,0.0090984,-9.8574475,-0.0005832,-0.0011048,0.0036801
56.5200000,0.0391318,-0.0234403,-9.6861467,-0.0037835,-0.0011333,-0.0000964
56.5300000,-0.0584101,0.0007995,-9.8438588,-0.0038905,-0.0037521,-0.0034083
56.5400000,0.0159607,0.0581994,-9.7113196,-0.0060798,-0.0015392,0.0001973
56.5500000,0.0270915,0.0069591,-9.8480484,-0.0007350,-0.0029279,-0.0056558
56.5600000,0.0190338,0.0268817,-9.7791138,-0.0020618,-0.0016976,-0.0019970
56.5700000,0.0019077,0.0442097,-9.8086095,0.0059761,-0.0029584,0.0007794
56.5800000,0.0685137,-0.0675242,-9.8308021,-0.0000709,0.0014550,0.0013223
56.5900000,0.0469434,0.0824048,-9.7893156,-0.0013387,-0.0000069,0.0050032
56.6000000,0.0002749,-0.0183040,-9.8894758,-0.0050459,0.0010387,-0.0045691
56.6100000,0.0047299,0.0554039,-9.7222118,-0.0013587,0.0057927,-0.0049576
56.6200000,-0.0200480,0.0255339,-9.7382662,0.0001237,-0.0011260,-0.0038654
56.6300000,0.0381382,-0.0867074,-9.7679295,0.0001895,-0.0009747,-0.0050055
56.6400000,0.0906242,-0.0019397,-9.7661645,-0.0004944,0.0045839,-0.0013060
56.6500000,0.0390408,0.0112000,-9.7454920,-0.0013302,0.0034265,-0.0021353
56.6600000,0.0159480,-0.0139458,-9.7755955,-0.0001576,-0.0007264,-0.0044786
56.6700000,0.0153283,0.0059179,-9.9022086,-0.0027718,-0.0017154,0.0023351
56.6800000,-0.0012768,0.0935520,-9.7689466,-0.0003828,-0.0000375,0.0024058
56.6900000,-0.0846434,-0.0438090,-9.7087870,0.0001544,-0.0039999,-0.0006801
56.7000000,0.0597567,-0.0234936,-9.7853519,-0.0011214,-0.0061624,-0.0039255
56.7100000,0.0816388,0.0356985,-9.7499824,0.0004899,0.0047790,0.0009213
56.7200000,0.0938938,-0.0374981,-9.7681473,-0.0041768,0.0006426,0.0009575
56.7300000,0.0953907,0.0281474,-9.7985263,-0.0007015,0.0007221,-0.0021755
56.7400000,-0.0903340,-0.0683621,-9.8322774,-0.0045449,0.0022672,-0.0013693
56.7500000,0.0670734,-0.0367438,-9.8130741,-0.0019845,0.0060631,0.0027534
56.7600000,-0.0429277,0.0075676,-9.7939887,-0.0020530,0.0004263,-0.0037235
56.7700000,-0.0170231,0.0109226,-9.8261989,0.0027966,0.0008150,0.0008229
56.7800000,0.1269998,0.0463162,-9.7419401,0.0006708,0.0011920,-0.0020231
56.7900000,0.0773326,-0.0681259,-9.7360566,0.0068056,-0.0020917,-0.0040793
56.8000000,-0.0206697,0.0489071,-9.7932062,-0.0006045,0.0030656,0.0030681
56.8100000,-0.0254326,0.1192280,-9.8307878,-0.0047620,0.0011814,0.0025423
56.8200000,0.0203174,-0.0697810,-9.7372859,0.0012366,-0.0013045,-0.0004691
56.8300000,-0.0490055,-0.0921797,-9.7436040,-0.0006520,0.0016169,0.0004795
56.8400000,-0.0003822,0.0468933,-9.8172761,-0.0006509,0.0016280,0.0018984
56.8500000,0.0984066,-0.0293824,-9.8526048,0.0030784,0.0015016,0.0098424
56.8600000,-0.0152853,-0.0541304,-9.8190441,-0.0005586,0.0026849,0.0038763
56.8700000,-0.0061963,0.0482042,-9.8369279,0.0006338,0.0020314,0.0039096
56.8800000,-0.0492862,0.0242928,-9.7486349,-0.0002594,-0.0018398,-0.0009287
56.8900000,0.0182351,0.0812469,-9.8470279,-0.0017465,-0.0029051,-0.0009382
56.9000000,-0.0481565,0.0146767,-9.8702397,0.0029938,-0.0039531,-0.0027728
56.9100000,-0.0000119,-0.0323086,-9.8588043,0.0023985,-0.0030810,-0.0053256
56.9200000,-0.0195935,0.0211602,-9.8825326,0.0009549,-0.0043240,-0.0002780
56.9300000,-0.0639115,0.0417165,-9.8118658,-0.0032824,0.0014265,0.0036315
56.9400000,-0.0435638,-0.0263908,-9.7413060,0.0015081,0.0028750,-0.0003874
56.9500000,0.0136829,-0.0320369,-9.7981355,-0.0017320,-0.0010080,0.0037946
56.9600000,0.0030491,0.0076865,-9.7930286,-0.0018798,0.0015576,-0.0040055
56.9700000,-0.0383756,0.0098086,-9.7486596,-0.0001866,0.0011210,-0.0002016
56.9800000,0.0521633,-0.0384700,-9.8870728,0.0021859,0.0005727,0.0035230
56.9900000,0.1178649,0.0234839,-9.8568690,0.0034945,0.0031048,0.0022705
57.0000000,-0.0050504,-0.0159390,-9.7941913,-0.0007196,0.0051785,-0.0075331
57.0100000,0.0130632,-0.0153531,-9.8283330,0.0009525,0.0023328,0.0019173
57.0200000,-0.0438741,-0.0395861,-9.7964516,0.0011641,0.0004761,-0.0029333
57.0300000,0.0012164,-0.0694521,-9.7530785,-0.0024808,0.0073183,0.0005600
57.0400000,-0.0192518,0.0589185,-9.8193939,0.0030597,-0.0000987,0.0005957
57.0500000,-0.0801542,-0.0204049,-9.8054313,-0.0016997,0.0043768,-0.0038779
57.0600000,-0.0020240,0.0868586,-9.7204258,-0.0050211,0.0007518,0.0015911
57.0700000,-0.0348526,0.1049319,-9.7223117,-0.0038792,-0.0017486,-0.0011108
57.0800000,-0.0631113,-0.0016337,-9.7538161,-0.0034621,0.0017071,-0.0025517
57.0900000,-0.0344342,0.0793975,-9.7596923,0.0005418,0.0057042,0.0016975
57.1000000,-0.0478802,-0.0106361,-9.7836594,0.0000413,0.0001447,0.0042826
57.1100000,0.0229860,-0.0114584,-9.7800046,-0.0033426,-0.0039517,0.0028671
57.1200000,-0.0113031,0.0229846,-9.8333305,0.0053503,-0.0001529,0.0011279
57.1300000,-0.0213768,-0.0010640,-9.8042276,0.0014994,0.0003217,0.0018348
57.1400000,0.0307928,0.0077588,-9.7785965,0.0005162,0.0034994,-0.0010741
57.1500000,0.0394943,0.0417039,-9.8076101,-0.0032574,0.0030885,0.0039721
57.1600000,-0.0076652,-0.0387240,-9.8448694,0.0011657,-0.0020550,0.0019398
57.1700000,-0.0503963,-0.0347501,-9.7563422,-0.0039656,0.0017942,-0.0031427
57.1800000,-0.0191944,-0.0130464,-9.8861341,-0.0012764,-0.0004611,0.0004626
57.1900000,-0.0596465,-0.0999389,-9.7754769,0.0013281,0.0023305,-0.0004020
57.2000000,-0.0329882,-0.0433019,-9.7708587,0.0045608,-0.0006416,-0.0064164
57.2100000,0.0500744,-0.0908719,-9.7969976,-0.0008477,0.0020682,-0.0013352
57.2200000,-0.0401228,0.0519228,-9.7896236,0.0011923,-0.0046636,-0.0002813
57.2300000,0.0149980,0.0288874,-9.7101768,0.0016249,-0.0022891,-0.0068095
57.2400000,-0.0645881,0.0020693,-9.7887669,-0.0015066,0.0020054,-0.0016468
57.2500000,-0.0474977,0.1375127,-9.8463621,-0.0012670,-0.0003484,-0.0001713
57.2600000,-0.1055965,-0.0055551,-9.7829259,-0.0026120,-0.0028937,-0.0047375
57.2700000,-0.0071143,-0.0689452,-9.8122983,0.0003376,0.0043462,0.0060453
57.2800000,0.0624544,0.1149380,-9.8148362,-0.0001911,-0.0029206,0.0067548
57.2900000,-0.0382394,0.0594127,-9.8310839,-0.0024995,-0.0015843,0.0009528
57.3000000,0.0378594,0.0258670,-9.7223173,-0.0020285,0.0006658,-0.0006188
57.3100000,-0.0403460,-0.0024950,-9.9142601,0.0014043,0.0020928,-0.0001538
57.3200000,-0.0351034,0.0244100,-9.8166937,-0.0019492,-0.0011954,0.0000913
57.3300000,-0.0769951,-0.0007943,-9.8770172,0.0000859,-0.0031348,0.0049562
57.3400000,0.0615582,-0.0495192,-9.8622252,-0.0000558,0.0000336,-0.0051799
57.3500000,-0.0671454,-0.0704956,-9.7880081,0.0002182,-0.0001655,0.0004202
57.3600000,0.0699421,0.0002102,-9.7991252,0.0013658,0.0020839,-0.0012445
57.3700000,-0.0465019,-0.1351502,-9.7867764,0.0016644,-0.0033605,-0.0007831
57.3800000,0.0098198,0.0207910,-9.8426562,0.0000024,-0.0017107,-0.0010637
57.3900000,-0.0499975,-0.0780881,-9.8393112,0.0080381,-0.0003986,0.0044043
57.4000000,0.0413848,0.0282093,-9.8778366,0.0057357,0.0011846,0.0054618
57.4100000,-0.0410052,-0.0006110,-9.8261073,-0.0041780,0.0029174,0.0048920
57.4200000,-0.0148899,0.0383684,-9.9144725,-0.0000668,0.0003174,0.0030417
57.4300000,-0.0095699,0.0018881,-9.7773687,0.0019485,-0.0026235,0.0001714
57.4400000,0.0658205,-0.0561648,-9.8330978,-0.0033056,0.0014943,-0.0002485
57.4500000,-0.0417278,0.0410233,-9.9026985,0.0056399,0.0015076,0.0015231
57.4600000,-0.1351126,0.0140356,-9.8242675,0.0002240,-0.0003486,0.0012353
57.4700000,0.0668279,0.0304537,-9.7516171,0.0000767,-0.0014370,0.0083963
57.4800000,-0.0522016,0.0272658,-9.7876857,-0.0004206,0.0009115,0.0024425
57.4900000,-0.0012793,-0.0472365,-9.7229219,-0.0054460,0.0022852,0.0029025
57.5000000,-0.0212624,-0.0580755,-9.8465015,-0.0048934,0.0007506,0.0017363
57.5100000,0.0052542,0.0124281,-9.8391824,-0.0006440,0.0006194,0.0017140
57.5200000,0.0108800,-0.0005807,-9.7437877,0.0018653,-0.0033142,0.0032342
57.5300000,-0.0617082,0.0604306,-9.8122735,0.0027906,-0.0071442,0.0037143
57.5400000,-0.0298797,-0.0587247,-9.7886954,0.0037486,0.0026356,0.0021659
57.5500000,-0.1141519,0.0261939,-9.7699154,-0.0017721,-0.0035360,0.0002965
57.5600000,0.0538249,-0.1014989,-9.8223975,0.0044548,-0.0058156,0.0039613
57.5700000,0.0166727,-0.0433538,-9.8547466,-0.0027011,-0.0004214,0.0069632
57.5800000,0.0491807,-0.0253413,-9.7383725,-0.0001905,-0.0008338,-0.0012154
57.5900000,0.0438611,-0.0199157,-9.8082566,0.0048469,0.0006210,-0.0021120
57.6000000,0.0212284,-0.1353638,-9.8351662,-0.0005863,-0.0049640,0.0027389
57.6100000,-0.0180364,0.0196595,-9.8073539,0.0020901,-0.0010817,-0.0018279
57.6200000,-0.0272826,0.0093883,-9.7926007,-0.0075177,0.0000864,-0.0008213
57.6300000,0.0080576,-0.0620614,-9.8509298,0.0034277,-0.0024133,0.0043666
57.6400000,0.0086762,0.0744802,-9.7702970,-0.0015688,-0.0011274,-0.0028820
57.6500000,0.0271221,0.0040758,-9.8345128,-0.0020097,0.0009351,-0.0045372
57.6600000,0.0150646,-0.0522687,-9.8351937,-0.0003388,-0.0005439,0.0047167
57.6700000,-0.0303999,-0.1153938,-9.6702912,0.0010590,0.0001404,0.0007201
57.6800000,0.0655808,-0.0088818,-9.8011044,0.0064360,0.0053940,-0.0049484
57.6900000,-0.0321364,-0.0292167,-9.7649732,0.0013274,0.0023561,0.0017923
57.7000000,0.0716947,-0.0552857,-9.7957378,-0.0008548,-0.0072171,-0.0029668
57.7100000,0.0043888,0.0805659,-9.8625176,0.0010132,-0.0049282,-0.0033831
57.7200000,0.0668720,0.0052138,-9.7872633,0.0034428,0.0061996,-0.0026156
57.7300000,0.0213082,-0.0040823,-9.7541476,-0.0021476,-0.0021719,-0.0016074
57.7400000,0.0003961,-0.0501786,-9.8694862,0.0053180,0.0001926,-0.0015285
57.7500000,0.0010074,0.0120915,-9.8453075,0.0024710,-0.0067796,-0.0000701
57.7600000,0.0274498,0.0929170,-9.8307760,0.0017013,0.0005597,0.0008790
57.7700000,0.0283058,0.0428098,-9.8531433,0.0032854,0.0042683,-0.0020535
57.7800000,0.0892733,0.0090890,-9.8456165,-0.0016118,0.0007133,-0.0004709
57.7900000,0.0638896,0.0685892,-9.8586678,0.0029911,0.0034839,0.0001061
57.8000000,0.0940434,-0.0290807,-9.7478331,0.0006298,0.0025906,-0.0027199
57.8100000,-0.0036494,-0.1073371,-9.8153415,0.0000546,0.0005083,0.0045193
57.8200000,0.0680995,-0.0307300,-9.7928606,0.0024206,0.0028192,0.0032137
57.8300000,0.0433914,0.0188816,-9.8969054,-0.0016694,-0.0010443,-0.0002265
57.8400000,-0.0022262,-0.0691153,-9.7933605,-0.0013907,0.0013257,-0.0023861
57.8500000,0.0521237,0.0488217,-9.7955004,-0.0019480,0.0005109,0.0053970
57.8600000,0.0516789,-0.0593849,-9.8361906,0.0024313,0.0030872,0.0035701
57.8700000,0.0327511,0.0187553,-9.7633656,-0.0038450,-0.0000402,-0.0032616
57.8800000,-0.0251325,-0.0236734,-9.8339353,0.0005672,0.0047751,-0.0009961
57.8900000,-0.1417682,-0.0079123,-9.8043295,0.0002415,0.0011175,-0.0000107
57.9000000,-0.0133689,-0.0063841,-9.7889035,0.0036855,0.0014852,0.0049839
57.9100000,0.0141506,-0.0625127,-9.8962551,0.0010029,-0.0003980,0.0056097
57.9200000,-0.0684805,-0.0026768,-9.7896175,0.0037825,-0.0020030,-0.0021859
57.9300000,0.0146085,-0.0652892,-9.8507700,-0.0005704,0.0027405,-0.0043123
57.9400000,-0.0648083,0.0128163,-9.7530162,0.0045888,-0.0023171,0.0016704
57.9500000,0.0534334,-0.0145754,-9.8537252,-0.0036220,-0.0055476,-0.0033225
57.9600000,0.0254048,0.0336200,-9.9421003,-0.0004023,-0.0023747,-0.0004480
57.9700000,0.0332289,-0.0376096,-9.8058133,0.0038695,0.0011744,0.0034355
57.9800000,-0.0882488,-0.0162156,-9.8440220,-0.0073216,0.0036808,-0.0014851
57.9900000,-0.0323647,0.0274735,-9.7951462,0.0067668,0.0019334,0.0010536
58.0000000,-0.0537004,0.0147196,-9.7756902,0.0049545,0.0004645,0.0030061
58.0100000,-0.0413032,0.0078118,-9.7144359,-0.0048984,0.0019916,-0.0052986
58.0200000,0.0313292,-0.0309912,-9.7549267,-0.0007909,0.0008848,-0.0008747
58.0300000,-0.0351408,0.0252790,-9.7673397,0.0018124,-0.0013642,-0.0003294
58.0400000,0.0378349,-0.0691654,-9.7701965,-0.0040798,0.0020438,-0.0030933
58.0500000,-0.0457277,-0.0268111,-9.7372113,0.0017970,0.0036129,-0.0009377
58.0600000,-0.0097575,0.0709106,-9.8731121,-0.0001688,-0.0003936,0.0008008
58.0700000,-0.0209778,-0.0024646,-9.7693942,0.0066062,-0.0037805,0.0056377
58.0800000,0.0310970,-0.0160918,-9.7444636,0.0002341,-0.0020313,0.0009201
58.0900000,0.0163188,0.0012804,-9.7546952,-0.0026504,-0.0055791,0.0029563
58.1000000,-0.0446689,0.0403812,-9.8087358,0.0007976,-0.0030430,-0.0000838
58.1100000,-0.0371656,0.0607128,-9.7985717,0.0063256,0.0021084,0.0016016
58.1200000,-0.0141127,0.0335012,-9.8528872,-0.0016180,-0.0014846,-0.0032460
58.1300000,-0.0029197,0.0229124,-9.8472697,-0.0057085,0.0047576,0.0015385
58.1400000,0.0628241,-0.0444221,-9.8342514,-0.0043471,0.0004026,0.0010242
58.1500000,0.1481889,0.0449088,-9.9048171,-0.0011474,-0.0013973,-0.0052055
58.1600000,-0.0071758,0.0062931,-9.8397328,-0.0047477,-0.0010696,-0.0013578
58.1700000,0.0342117,0.0378096,-9.8104365,0.0015068,-0.0039283,0.0053403
58.1800000,-0.0192089,-0.0573589,-9.7345562,0.0014749,0.0023817,-0.0037296
58.1900000,-0.0304617,-0.0121288,-9.9090577,0.0024852,-0.0055512,-0.0037991
58.2000000,0.0087948,0.0816270,-9.8932591,-0.0002089,-0.0026442,0.0040732
58.2100000,-0.0410294,-0.0116414,-9.7484266,-0.0027728,-0.0021987,-0.0011563
58.2200000,0.0153999,0.0409998,-9.7750285,0.0007314,-0.0008628,-0.0031041
58.2300000,-0.0591896,0.0089672,-9.8255886,-0.0049662,0.0009886,0.0015757
58.2400000,0.0229925,0.0029658,-9.8067067,0.0027004,0.0007984,-0.0024213
58.2500000,0.1265087,0.0277756,-9.9163790,0.0052239,0.0017601,-0.0022162
58.2600000,-0.0323086,-0.0532958,-9.8069908,-0.0032268,-0.0015165,0.0060753
58.2700000,0.0287913,0.0028419,-9.8579213,-0.0019808,0.0050883,-0.0005062
58.2800000,-0.0018513,-0.0023861,-9.7867865,0.0031660,0.0047258,0.0012903
58.2900000,-0.0635653,0.0322798,-9.8351365,0.0009574,-0.0003317,-0.0034157
58.3000000,0.0315302,-0.0298991,-9.7915809,-0.0021394,0.0013826,0.0021402
58.3100000,-0.0112737,-0.0025864,-9.8332886,-0.0014491,0.0019920,-0.0002649
58.3200000,-0.0615037,0.0039260,-9.7657929,0.0011010,-0.0000504,-0.0046714
58.3300000,0.0149321,0.0183436,-9.8526216,0.0038525,-0.0032413,0.0012189
58.3400000,-0.1151141,-0.0103679,-9.8564113,0.0007645,0.0010857,-0.0015125
58.3500000,0.0189469,-0.0718053,-9.7760223,0.0048596,-0.0025734,0.0033490
58.3600000,-0.0648205,0.0057496,-9.7554820,0.0033984,-0.0002588,-0.0007036
58.3700000,-0.0133205,0.0010916,-9.8735346,-0.0031492,-0.0002981,-0.0037120
58.3800000,-0.0429399,0.0677588,-9.8627130,0.0008096,-0.0022187,0.0023805
58.3900000,0.0890119,0.0632312,-9.8219361,-0.0055629,0.0060333,0.0025258
58.4000000,-0.0372164,0.0066846,-9.8062606,0.0022164,-0.0014806,-0.0009062
58.4100000,0.0289863,-0.0303286,-9.8127942,0.0011047,-0.0048507,0.0015128
58.4200000,-0.1155036,-0.1303271,-9.8433385,0.0001152,0.0015700,0.0018309
58.4300000,0.0128274,-0.0481925,-9.8972628,-0.0010327,0.0005075,0.0024251
58.4400000,0.0003205,0.0659940,-9.8288939,-0.0005648,-0.0011229,0.0001593
58.4500000,-0.0296831,0.0613025,-9.8434276,-0.0022692,0.0032580,-0.0042419
58.4600000,-0.0330872,-0.0567031,-9.8499544,0.0037377,-0.0000027,0.0022796
58.4700000,-0.0316241,-0.0794362,-9.8564851,-0.0007214,-0.0052564,-0.0029398
58.4800000,0.0715990,0.0275110,-9.8487452,0.0009571,0.0068878,-0.0047821
58.4900000,0.0530789,0.0506160,-9.9444449,0.0021641,-0.0009964,0.0026075
58.5000000,0.0295978,0.0189524,-9.8086977,0.0025491,-0.0026513,0.0039791
58.5100000,-0.0375168,-0.0153973,-9.8497986,-0.0011278,-0.0011702,-0.0053781
58.5200000,-0.0517755,-0.0175558,-9.8845045,0.0031086,-0.0024358,-0.0003378
58.5300000,0.0317397,0.0909620,-9.7419879,-0.0030330,0.0000604,-0.0014761
58.5400000,0.0402053,-0.0096022,-9.7680425,-0.0002153,-0.0011728,-0.0008713
58.5500000,-0.0423944,-0.0512605,-9.7798056,-0.0000348,-0.0006774,-0.0025293
58.5600000,-0.0662923,0.1001206,-9.7951423,0.0029875,0.0026514,-0.0008986
58.5700000,0.0470847,0.0138206,-9.7965472,0.0044194,0.0028901,-0.0021049
58.5800000,0.0148028,0.0445455,-9.7562769,-0.0040165,-0.0017633,0.0030354
58.5900000,-0.0373618,0.0599422,-9.7479127,0.0058252,0.0096828,0.0002868
58.6000000,0.0491333,-0.0431118,-9.7693189,-0.0049905,0.0017904,-0.0010719
58.6100000,-0.0057641,0.0180029,-9.8088499,0.0029192,0.0035035,-0.0058195
58.6200000,0.0498189,0.0574969,-9.6953934,0.0010913,0.0059126,-0.0013784
58.6300000,0.0060766,-0.0212348,-9.7628106,0.0009541,-0.0066618,0.0000125
58.6400000,0.0574944,0.0342580,-9.8481313,0.0037248,-0.0004236,-0.0013273
58.6500000,0.0460059,-0.0823309,-9.8826923,0.0004865,0.0006102,0.0030618
58.6600000,-0.0794636,0.0793412,-9.7660576,-0.0062235,0.0024004,-0.0007313
58.6700000,0.0633925,0.0660341,-9.8120813,0.0028676,-0.0040928,0.0013230
58.6800000,0.0710246,0.0417174,-9.8322217,0.0040401,-0.0025898,0.0024730
58.6900000,0.0284896,-0.0571483,-9.8279398,-0.0037775,-0.0007990,0.0008134
58.7000000,0.0513264,-0.0683554,-9.7993847,-0.0015535,0.0045613,-0.0012012
58.7100000,-0.0669444,0.0567671,-9.7727731,0.0033666,-0.0041949,-0.0017057
58.7200000,0.1128936,0.0116371,-9.7503542,0.0052699,-0.0001281,0.0018914
58.7300000,-0.0208262,-0.0420148,-9.7627173,0.0048564,-0.0024700,0.0023368
58.7400000,0.0598461,-0.0134246,-9.8652765,0.0042032,-0.0025654,-0.0026957
58.7500000,0.0205781,0.0714670,-9.7850446,0.0035436,0.0035250,-0.0004872
58.7600000,-0.0469373,-0.0113212,-9.7646328,-0.0010150,0.0055694,-0.0026073
58.7700000,0.0152022,0.0615193,-9.6801892,0.0027378,-0.0012174,0.0003838
58.7800000,-0.0300455,0.0319666,-9.8431900,-0.0053535,-0.0008134,-0.0003793
58.7900000,-0.0757222,-0.0664783,-9.8321080,-0.0053904,-0.0042442,-0.0032067
58.8000000,-0.0623103,-0.0010875,-9.8050999,0.0021250,0.0003054,0.0002272
58.8100000,-0.0393486,0.0435550,-9.8352197,-0.0013593,-0.0013019,0.0029700
58.8200000,0.0358963,-0.0175790,-9.7801736,0.0061569,-0.0019720,-0.0004637
58.8300000,0.0013240,-0.0462852,-9.7463432,0.0007925,0.0039831,0.0048821
58.8400000,-0.0018801,-0.0840783,-9.7925715,0.0042191,-0.0059463,0.0022095
58.8500000,-0.0367910,0.0354571,-9.8633189,0.0021258,0.0036316,0.0047137
58.8600000,-0.0075380,-0.0037461,-9.9212374,0.0057606,-0.0003191,-0.0046929
58.8700000,-0.0078076,0.0577209,-9.8417791,-0.0041367,-0.0060901,-0.0006995
58.8800000,0.0975287,0.0638845,-9.7833414,0.0021633,0.0000404,-0.0005097
58.8900000,0.0441132,0.0486113,-9.8050545,-0.0015157,-0.0006959,-0.0021197
58.9000000,0.0070203,0.0817442,-9.9080435,-0.0021426,-0.0019428,-0.0000974
58.9100000,0.0380000,-0.0280052,-9.8221771,0.0066126,0.0023327,-0.0017706
58.9200000,0.0331518,0.1113264,-9.8176535,-0.0012030,0.0047251,0.0021561
58.9300000,-0.0243773,-0.0168323,-9.7453785,0.0008723,0.0021663,-0.0000679
58.9400000,0.0601022,-0.0304054,-9.8924812,0.0008721,0.0014571,-0.0009486
58.9500000,0.0111512,0.0071350,-9.9118898,0.0009775,-0.0007856,0.0042767
58.9600000,-0.0288709,0.0262812,-9.7796690,-0.0031933,0.0045570,-0.0005663
58.9700000,0.1051580,-0.0444650,-9.8311126,0.0004407,0.0006818,-0.0053949
58.9800000,0.0419610,0.0880996,-9.8388688,0.0037993,0.0058704,0.0066201
58.9900000,0.0383374,-0.0074262,-9.7407513,0.0018433,-0.0007490,-0.0035509
59.0000000,-0.0131957,-0.1182583,-9.7723573,-0.0016421,0.0018322,-0.0001381
59.0100000,-0.0731503,0.0191157,-9.8055839,0.0004248,-0.0041352,-0.0004842
59.0200000,-0.0238392,0.0619995,-9.8814184,0.0004294,0.0036736,-0.0011299
59.0300000,-0.0349310,0.0948411,-9.8266909,-0.0016610,0.0012842,-0.0002939
59.0400000,-0.0731147,-0.0572134,-9.7970440,-0.0016209,-0.0006810,0.0019037
59.0500000,0.0298823,0.0106110,-9.8142555,0.0055974,-0.0015443,0.0052050
59.0600000,-0.0727152,0.0182018,-9.7547968,0.0025856,0.0009913,-0.0004911
59.0700000,-0.0434373,-0.0343101,-9.8063589,0.0028438,0.0008384,-0.0032204
59.0800000,-0.0032608,0.0334061,-9.8737814,0.0020273,-0.0040979,-0.0004011
59.0900000,-0.0184966,0.0959594,-9.8550597,-0.0010028,0.0034576,0.0050350
59.1000000,0.0406055,0.0629691,-9.8476624,-0.0009506,0.0014353,0.0012267
59.1100000,-0.0735150,-0.0144837,-9.7959176,-0.0032041,0.0010737,0.0013717
59.1200000,0.0283507,0.0830476,-9.9044848,0.0038188,0.0019869,0.0079574
59.1300000,-0.1068767,-0.0144863,-9.8516981,-0.0055189,0.0025972,-0.0001666
59.1400000,-0.0634467,-0.0562199,-9.8477405,-0.0003726,0.0024998,-0.0055497
59.1500000,-0.0391879,0.0487093,-9.7964311,0.0016217,0.0013560,-0.0010314
59.1600000,-0.0985733,-0.0616246,-9.8277842,0.0018216,-0.0040843,-0.0016008
59.1700000,-0.0826018,0.0814444,-9.7974487,-0.0002440,0.0010580,0.0019428
59.1800000,0.0428676,0.0886084,-9.7441159,-0.0068978,-0.0004261,-0.0003044
59.1900000,0.0571528,0.0192025,-9.8300076,0.0038198,0.0058077,0.0012016
59.2000000,0.0835733,0.0731847,-9.7873936,-0.0003611,-0.0021744,0.0009464
59.2100000,0.0156518,0.0116531,-9.7824306,-0.0006279,0.0038506,-0.0045309
59.2200000,0.0822353,0.0484695,-9.8473880,0.0043998,0.0001163,-0.0058681
59.2300000,0.0532389,-0.0127353,-9.7772852,0.0019319,-0.0005141,-0.0021508
59.2400000,-0.0150946,-0.0268726,-9.7837982,-0.0000816,0.0006247,-0.0029536
59.2500000,-0.0490904,0.0171960,-9.7591430,-0.0028450,0.0031770,-0.0037649
59.2600000,-0.0397200,-0.0527686,-9.7493735,0.0003768,0.0014563,0.0041911
59.2700000,0.0269698,0.0029901,-9.7940902,-0.0002251,0.0022107,0.0020308
59.2800000,-0.0189638,-0.0059935,-9.7932147,-0.0018507,0.0040354,-0.0011520
59.2900000,0.0065411,0.0150865,-9.8289561,0.0007910,0.0006780,0.0020402
59.3000000,0.0136652,-0.0008572,-9.7201832,-0.0027282,-0.0038328,-0.0017558
59.3100000,0.0685447,-0.0631713,-9.7270460,-0.0014287,0.0052196,0.0012871
59.3200000,-0.0385072,-0.0214555,-9.7975510,-0.0061709,0.0054093,0.0018846
59.3300000,-0.0335390,0.0485946,-9.8386870,0.0022285,-0.0020479,-0.0015123
59.3400000,0.0388814,-0.0443071,-9.7900498,-0.0002515,-0.0007907,0.0020008
59.3500000,-0.0087084,-0.0206483,-9.8826164,0.0024853,-0.0008813,-0.0023468
59.3600000,0.0449908,-0.0083691,-9.7299010,-0.0089083,-0.0009501,-0.0014016
59.3700000,0.0349902,-0.0653617,-9.8807991,-0.0000524,-0.0009507,-0.0013628
59.3800000,0.0755804,-0.0180180,-9.7938676,-0.0031307,0.0011491,-0.0024341
59.3900000,0.0325988,-0.0380063,-9.8297993,-0.0011862,0.0010073,0.0053259
59.4000000,0.0510716,-0.0738252,-9.8771380,-0.0007671,0.0035378,-0.0053609
59.4100000,-0.0604792,0.1251098,-9.7091501,-0.0007546,0.0039931,-0.0008761
59.4200000,0.0472255,0.0313818,-9.8644550,-0.0018082,0.0032235,0.0013101
59.4300000,0.0059973,-0.0323179,-9.7294177,0.0006117,0.0004808,0.0003724
59.4400000,0.1015501,0.0556203,-9.8450656,0.0031470,-0.0013802,-0.0005177
59.4500000,0.0271886,-0.0293074,-9.9107486,-0.0061797,-0.0005614,0.0024731
59.4600000,-0.0318648,-0.0114927,-9.8202318,0.0000954,0.0022578,0.0023724
59.4700000,-0.0302501,0.0349285,-9.8075310,-0.0026622,-0.0006504,0.0025677
59.4800000,-0.1096826,0.0400259,-9.8206688,-0.0008077,0.0030203,0.0031984
59.4900000,-0.0773450,0.0212063,-9.7520897,0.0017256,0.0040456,0.0000994
59.5000000,-0.0522216,0.0036971,-9.7474465,-0.0058899,0.0004808,0.0009253
59.5100000,0.0086043,-0.0049521,-9.8800067,-0.0040475,-0.0032621,-0.0028408
59.5200000,-0.0289182,0.1372910,-9.7897855,-0.0030128,-0.0000928,-0.0044860
59.5300000,-0.0006722,0.0317916,-9.8034089,-0.0009005,0.0003746,-0.0054054
59.5400000,-0.0361669,-0.0941329,-9.7305778,0.0015412,0.0041663,-0.0021057
59.5500000,-0.0658256,-0.0270534,-9.8015786,0.0000474,-0.0004763,0.0085449
59.5600000,0.0352298,-0.0648499,-9.7289227,0.0024970,0.0007937,-0.0035074
59.5700000,0.0868485,-0.0224938,-9.7718792,0.0031647,-0.0008774,0.0009420
59.5800000,0.0094554,0.0488445,-9.8303526,-0.0015302,-0.0034945,0.0030378
59.5900000,-0.0509326,-0.0069169,-9.7904789,-0.0020030,0.0014636,0.0016789
59.6000000,-0.0377121,-0.0082683,-9.7776938,-0.0007036,0.0098297,-0.0051536
59.6100000,-0.0398986,-0.0280623,-9.7667898,0.0058941,-0.0027461,-0.0046613
59.6200000,0.0107933,-0.0586511,-9.8338943,0.0013095,0.0020170,0.0015572
59.6300000,-0.0106561,0.0237911,-9.8707472,-0.0024834,0.0014261,0.0025287
59.6400000,0.0402093,0.0275544,-9.7718160,0.0044427,-0.0023891,0.0000238
59.6500000,0.0700046,-0.0264074,-9.7688944,-0.0060966,-0.0028805,-0.0035086
59.6600000,0.0776373,0.0359957,-9.7634190,0.0071423,-0.0007519,-0.0007480
59.6700000,0.0156651,-0.0627380,-9.6835496,0.0009306,-0.0017369,0.0013276
59.6800000,-0.0109876,-0.0014050,-9.8189788,0.0012360,-0.0016410,-0.0001853
59.6900000,-0.0219240,-0.0654106,-9.7778953,0.0020641,-0.0014299,0.0001991
59.7000000,-0.0973941,0.0207272,-9.7717674,0.0016027,0.0019230,0.0043540
59.7100000,-0.0984149,-0.0260643,-9.9073605,-0.0013203,0.0029991,0.0024900
59.7200000,-0.0365820,-0.0060348,-9.7327975,-0.0041188,0.0041229,0.0042303
59.7300000,-0.0170155,-0.0314170,-9.7936918,-0.0010273,-0.0010365,-0.0044063
59.7400000,0.0702582,-0.0487988,-9.7834210,-0.0004569,0.0003877,-0.0012175
59.7500000,0.0905314,-0.0820745,-9.8446333,-0.0045731,-0.0005266,-0.0021425
59.7600000,-0.0412195,0.0158654,-9.8323050,0.0013727,0.0073429,-0.0033828
59.7700000,0.0467054,-0.0880620,-9.7478759,-0.0016466,-0.0013340,-0.0043227
59.7800000,0.0083549,-0.0551021,-9.7682946,0.0035015,-0.0036405,0.0059297
59.7900000,0.0261326,-0.0270108,-9.7695337,-0.0061728,0.0048692,-0.0012977
59.8000000,-0.0460339,-0.0368207,-9.8063465,-0.0011533,0.0049516,0.0019805
59.8100000,-0.0508981,-0.0029398,-9.7961221,0.0020521,-0.0035064,0.0019123
59.8200000,-0.0338953,0.0086074,-9.7670092,0.0042126,0.0045509,-0.0004444
59.8300000,-0.0274077,0.0316834,-9.8130593,0.0018948,0.0040033,0.0025206
59.8400000,0.0210800,0.0097639,-9.8586837,0.0042814,0.0006472,-0.0025858
59.8500000,0.0123115,0.0600341,-9.7901842,0.0004947,0.0021183,-0.0029741
59.8600000,-0.1141848,-0.1164458,-9.7501845,0.0014623,-0.0017171,0.0022445
59.8700000,-0.0149414,-0.0137238,-9.9086301,-0.0070170,0.0022961,0.0006907
59.8800000,-0.0131746,-0.0375578,-9.7856629,0.0017389,-0.0053809,0.0004361
59.8900000,0.0873049,-0.0169524,-9.7769712,-0.0033999,0.0020958,-0.0048869
59.9000000,0.1176381,0.0377519,-9.7948613,-0.0045277,0.0002028,0.0013231
59.9100000,0.0050943,-0.0268681,-9.8683825,0.0047944,-0.0011260,0.0000192
59.9200000,0.0090172,0.0713896,-9.8084185,-0.0028052,-0.0072183,-0.0000107
59.9300000,-0.0667878,0.0079355,-9.8140231,0.0027400,-0.0012096,0.0004187
59.9400000,-0.0423081,-0.0053678,-9.7067936,0.0003994,0.0027176,-0.0038670
59.9500000,-0.0639822,0.0711868,-9.7120084,0.0034019,0.0002308,0.0006491
59.9600000,0.0226887,-0.0031862,-9.8816075,0.0048633,0.0007077,0.0005541
59.9700000,0.0614813,-0.0318374,-9.7686102,-0.0029382,0.0020151,0.0004500
59.9800000,-0.0051207,0.0018816,-9.7955653,-0.0017616,0.0015373,0.0011612
59.9900000,0.0202736,-0.0061816,-9.8611140,0.0013961,0.0035760,-0.0024303
60.0000000,0.0289003,-0.0138102,-9.7900803,-0.0028227,0.0016864,0.0009838
60.0100000,0.0197573,0.0036321,-9.7909441,0.0022881,0.0062690,0.0031158
60.0200000,0.0507410,-0.0247723,-9.7384563,-0.0033947,0.0117185,0.0013586
60.0300000,0.1382092,0.0344188,-9.7662399,-0.0000743,0.0111234,0.0003576
60.0400000,-0.0107110,-0.0717479,-9.8543736,-0.0003774,0.0055607,-0.0028351
60.0500000,0.0562288,0.0290107,-9.8200979,0.0027461,0.0082571,0.0013880
60.0600000,0.0031060,0.0415358,-9.8325154,0.0013145,0.0069754,0.0000293
60.0700000,0.1495816,-0.0820584,-9.8220743,-0.0027959,0.0083101,0.0038359
60.0800000,0.1336890,-0.0140957,-9.7448135,-0.0057298,0.0028543,-0.0065100
60.0900000,0.0731869,-0.0003872,-9.8048577,-0.0024856,0.0113831,0.0010498
60.1000000,0.0096732,-0.1063247,-9.7523044,0.0049739,0.0059342,-0.0035150
60.1100000,-0.0612204,-0.0824115,-9.8740528,0.0032983,0.0107383,0.0011959
60.1200000,0.0952374,-0.0320290,-9.7895421,0.0036791,0.0101974,-0.0010460
60.1300000,0.1188367,0.0818447,-9.7866967,0.0044812,0.0171822,0.0001778
60.1400000,0.1956435,-0.0574684,-9.8450908,0.0002348,0.0109739,0.0032257
60.1500000,0.0738303,0.0269526,-9.8027591,-0.0015103,0.0050879,-0.0001746
60.1600000,0.1965622,-0.0147567,-9.7911676,-0.0003644,0.0052187,-0.0003558
60.1700000,0.1321920,-0.0219982,-9.8219651,-0.0019685,0.0113251,0.0002983
60.1800000,0.1638290,0.0278466,-9.8610226,0.0015419,0.0087056,-0.0040992
60.1900000,0.1407757,-0.0292581,-9.7454049,0.0028969,0.0084648,-0.0017242
60.2000000,0.1635418,0.0081688,-9.8247249,0.0000460,0.0091299,0.0047416
60.2100000,0.2152790,0.0210272,-9.8133571,-0.0064820,0.0104252,0.0013197
60.2200000,0.1433611,0.0842030,-9.8509887,-0.0003873,0.0095812,0.0010028
60.2300000,0.1816549,-0.0304618,-9.7982332,0.0004617,0.0113636,0.0051722
60.2400000,0.1493790,0.0297783,-9.8071463,0.0026421,0.0055255,-0.0007878
60.2500000,0.2323159,-0.0607752,-9.9034541,0.0013921,0.0105564,0.0041243
60.2600000,0.1975150,-0.0202460,-9.8355301,0.0018177,0.0074207,0.0006739
60.2700000,0.2202140,0.0075072,-9.8027008,-0.0020219,0.0066143,0.0003927
60.2800000,0.2031839,0.0638178,-9.8827731,-0.0032207,0.0093272,0.0004756
60.2900000,0.2543213,0.0636378,-9.7631942,-0.0009144,0.0026356,-0.0042142
60.3000000,0.1100373,0.0313138,-9.7312384,-0.0027724,0.0074119,0.0010679
60.3100000,0.2048559,-0.0364308,-9.8720599,-0.0003868,0.0080583,0.0029625
60.3200000,0.2052110,0.0461627,-9.8458663,0.0003032,0.0060666,0.0042419
60.3300000,0.2211092,-0.0170849,-9.8216382,-0.0004999,0.0039702,0.0031140
60.3400000,0.2445221,0.0554421,-9.8631598,-0.0019367,0.0049552,0.0018836
60.3500000,0.2579129,0.0079555,-9.8330585,0.0004256,0.0130724,-0.0004660
60.3600000,0.3293931,-0.0458792,-9.7993648,-0.0005599,0.0127989,-0.0010955
60.3700000,0.2270814,-0.0115932,-9.8088495,-0.0012422,0.0096780,0.0024591
60.3800000,0.3016537,-0.0792742,-9.8342764,0.0010464,0.0068199,-0.0004842
60.3900000,0.2011180,-0.0156737,-9.8000658,-0.0006633,0.0069774,-0.0020511
60.4000000,0.3823284,-0.0576328,-9.7675443,-0.0042066,0.0083781,0.0045083
60.4100000,0.3520040,0.0719144,-9.8643457,0.0051996,0.0091101,-0.0005515
60.4200000,0.3762312,-0.0629734,-9.8120631,-0.0035013,0.0056713,0.0028288
60.4300000,0.2494493,-0.0040677,-9.7411845,0.0021514,0.0037354,0.0007037
60.4400000,0.2912611,0.0486870,-9.8585934,-0.0036891,0.0108828,-0.0007805
60.4500000,0.4299124,-0.0797719,-9.7449956,0.0011013,0.0099699,-0.0001823
60.4600000,0.4265163,-0.0129118,-9.8097210,-0.0008306,0.0070102,0.0027355
60.4700000,0.3584058,-0.1076783,-9.7929707,-0.0010544,0.0049037,-0.0012675
60.4800000,0.3398881,0.0633078,-9.7769206,0.0030617,0.0076111,-0.0019716
60.4900000,0.3018155,-0.0948350,-9.7986010,0.0015817,0.0084208,-0.0009660
60.5000000,0.3422991,-0.1002191,-9.8077390,-0.0026440,0.0042172,-0.0025699
60.5100000,0.3218827,0.0554403,-9.7833279,-0.0007164,0.0066490,0.0030255
60.5200000,0.3141927,-0.0727348,-9.7545127,0.0010334,0.0055422,0.0048625
60.5300000,0.4822208,0.0619111,-9.8131425,-0.0012941,0.0134537,-0.0031480
60.5400000,0.3946782,0.0920919,-9.8116425,0.0005339,0.0082678,-0.0030226
60.5500000,0.4653502,0.0564683,-9.8646618,0.0017098,0.0098962,0.0004367
60.5600000,0.3670393,-0.0083999,-9.8429349,-0.0026821,0.0155079,0.0042120
60.5700000,0.4103426,-0.0572736,-9.8270124,-0.0024141,0.0046329,-0.0024251
60.5800000,0.4468692,0.0270836,-9.8174423,0.0063423,0.0073560,0.0005823
60.5900000,0.3770154,0.0497950,-9.8837124,0.0039985,0.0078020,-0.0015438
60.6000000,0.4202007,-0.0040324,-9.8006556,-0.0007296,0.0068535,-0.0057491
60.6100000,0.4215834,-0.0460063,-9.8520935,-0.0030174,0.0058963,-0.0024007
60.6200000,0.4631468,-0.0586928,-9.8102273,0.0055444,0.0068579,-0.0025585
60.6300000,0.4372183,-0.0541185,-9.7802087,0.0041055,0.0138362,0.0002206
60.6400000,0.4145556,0.1447757,-9.8309567,0.0035089,0.0056174,-0.0033859
60.6500000,0.3959764,-0.0304922,-9.7946983,0.0034056,0.0052818,-0.0002609
60.6600000,0.4041119,0.0169201,-9.7123060,-0.0011883,0.0053547,-0.0017452
60.6700000,0.4087863,0.0842198,-9.7744717,-0.0005549,0.0150005,-0.0015697
60.6800000,0.4416764,0.0193615,-9.9148683,0.0034424,0.0081900,0.0043488
60.6900000,0.5333298,-0.0422289,-9.8494582,0.0017559,0.0103395,0.0028110
60.7000000,0.4440599,-0.0254293,-9.8324866,-0.0001064,0.0069808,-0.0013271
60.7100000,0.4065263,-0.0424479,-9.7963637,0.0027271,0.0077697,0.0016761
60.7200000,0.5922418,-0.0280377,-9.7488540,-0.0045278,0.0095772,-0.0103565
60.7300000,0.5529402,0.0127833,-9.8591913,0.0018608,0.0009213,-0.0005165
60.7400000,0.5697121,-0.0267366,-9.7436177,0.0035713,0.0017909,0.0002612
60.7500000,0.5099800,0.0011719,-9.7831857,0.0010138,0.0087503,0.0037624
60.7600000,0.4886259,-0.0216376,-9.8149019,-0.0024473,0.0074023,-0.0024589
60.7700000,0.4867652,-0.0071217,-9.8008167,-0.0007655,0.0039995,0.0038588
60.7800000,0.4374605,-0.0752550,-9.8201812,0.0001234,0.0079278,0.0003949
60.7900000,0.4984823,0.0049246,-9.7612590,0.0003138,0.0069513,-0.0020870
60.8000000,0.5840348,-0.0294065,-9.8162548,0.0010648,0.0049482,-0.0017581
60.8100000,0.5431122,0.0522292,-9.7405096,-0.0016035,0.0064894,0.0002069
60.8200000,0.5064736,-0.0445274,-9.8375039,-0.0064196,0.0087925,0.0024877
60.8300000,0.5681561,-0.0445339,-9.8027287,0.0035007,0.0121037,-0.0006012
60.8400000,0.5561420,0.0392096,-9.7863877,0.0063856,0.0070804,0.0015304
60.8500000,0.5813689,-0.0236488,-9.8536832,-0.0012917,0.0084568,0.0018204
60.8600000,0.5349878,0.0343922,-9.8114045,0.0012110,0.0081616,0.0020143
60.8700000,0.5719217,-0.0857176,-9.8490517,0.0018394,0.0074931,-0.0027357
60.8800000,0.4983728,0.0339287,-9.8753722,0.0022027,0.0038111,-0.0029723
60.8900000,0.6190167,0.0333693,-9.7624265,-0.0024350,0.0148595,-0.0010830
60.9000000,0.5741995,0.0326990,-9.7330206,-0.0003060,0.0117350,0.0022393
60.9100000,0.5473757,0.0281113,-9.8579176,0.0045010,0.0037025,0.0024071
60.9200000,0.5675353,-0.0265470,-9.7740300,0.0002235,0.0048790,0.0009602
60.9300000,0.5741320,-0.0231391,-9.8108863,-0.0023172,0.0065307,-0.0041880
60.9400000,0.5495173,0.0116455,-9.7890969,0.0001855,0.0064380,-0.0023367
60.9500000,0.5346548,-0.0323512,-9.8841240,0.0053134,0.0103681,-0.0043242
60.9600000,0.5455718,0.0327990,-9.7169319,-0.0005777,0.0080858,-0.0028069
60.9700000,0.5834119,0.0499658,-9.7425913,-0.0036005,0.0115786,-0.0039905
60.9800000,0.6394667,0.0144894,-9.7769537,-0.0009169,0.0031932,0.0012462
60.9900000,0.6299158,0.0823657,-9.7680615,-0.0013882,0.0082014,-0.0049796
61.0000000,0.6357796,-0.0614498,-9.9281408,0.0039250,0.0071107,0.0010970
61.0100000,0.6626913,0.0023800,-9.7602993,0.0038262,0.0103936,-0.0015960
61.0200000,0.6623475,-0.0570967,-9.7274398,-0.0029785,0.0046298,0.0005493
61.0300000,0.6739872,-0.0112059,-9.7770766,-0.0034836,0.0039827,0.0031713
61.0400000,0.7062884,0.0019889,-9.7826876,0.0006969,0.0040617,0.0020767
61.0500000,0.7054437,0.0128000,-9.7507977,-0.0007473,0.0091166,0.0018108
61.0600000,0.7226929,-0.0128578,-9.7465789,0.0030424,0.0043897,-0.0006452
61.0700000,0.7330498,0.0678364,-9.7205819,-0.0037702,0.0058727,-0.0018257
61.0800000,0.6427281,-0.0051059,-9.8036288,-0.0044417,0.0054615,0.0002121
61.0900000,0.6858433,-0.0847652,-9.7707746,-0.0014918,0.0073521,-0.0000776
61.1000000,0.6265986,0.0062239,-9.8546074,0.0001783,0.0013772,0.0017558
61.1100000,0.6745549,-0.0564839,-9.8429215,-0.0031660,0.0068246,0.0003795
61.1200000,0.7301037,-0.0021765,-9.7055740,0.0035786,0.0059334,-0.0030119
61.1300000,0.7494959,-0.0495140,-9.8199452,0.0026192,0.0085583,-0.0031121
61.1400000,0.6468986,-0.0114427,-9.7689720,-0.0020845,0.0092821,0.0010642
61.1500000,0.6920469,-0.0592307,-9.8414487,-0.0038429,0.0051764,-0.0009076
61.1600000,0.6770870,0.0341721,-9.7898055,-0.0037062,0.0057646,-0.0011336
61.1700000,0.6950363,0.0163260,-9.8223840,0.0005936,0.0053154,0.0017469
61.1800000,0.6628312,-0.1127759,-9.8209585,-0.0033533,0.0036159,0.0043714
61.1900000,0.7493509,-0.0204957,-9.8133592,0.0008658,0.0165996,0.0043394
61.2000000,0.7805348,0.0161610,-9.7476524,-0.0006368,0.0069608,0.0005793
61.2100000,0.7024836,-0.0127165,-9.7463182,0.0009065,0.0092762,0.0031468
61.2200000,0.7445652,-0.0315548,-9.7588177,0.0045816,0.0097409,0.0021569
61.2300000,0.6640636,0.0930097,-9.7917709,-0.0029478,0.0085024,0.0000279
61.2400000,0.7296513,0.1091988,-9.7659600,0.0011542,0.0059666,-0.0003043
61.2500000,0.6765447,0.0269360,-9.7489841,-0.0044141,0.0068731,-0.0004156
61.2600000,0.7144171,-0.0462892,-9.7139101,0.0070301,0.0075951,-0.0076282
61.2700000,0.7845199,-0.0214973,-9.7507393,-0.0017530,0.0059022,-0.0014169
61.2800000,0.7547452,-0.0251939,-9.8471304,-0.0024999,0.0073072,-0.0032218
61.2900000,0.8013864,0.1004339,-9.6919185,-0.0025921,0.0011682,0.0021560
61.3000000,0.8184155,0.0194603,-9.7794081,-0.0028180,0.0065394,-0.0023537
61.3100000,0.7487616,0.0644387,-9.7873119,-0.0015695,0.0040865,-0.0015062
61.3200000,0.8429059,-0.0035118,-9.7583485,0.0020076,0.0126160,-0.0009224
61.3300000,0.8305517,0.0202577,-9.7724735,-0.0017617,0.0100607,-0.0012375
61.3400000,0.7412800,0.0852816,-9.7637779,0.0059549,0.0062818,0.0065184
61.3500000,0.7993495,0.0547382,-9.6859295,0.0050699,0.0063561,-0.0044396
61.3600000,0.7924190,-0.0132280,-9.8905194,-0.0039904,0.0137042,0.0008917
61.3700000,0.7544809,-0.0181931,-9.7584357,0.0026048,0.0056607,0.0013338
61.3800000,0.7748516,0.0016377,-9.7862260,0.0003625,0.0076889,-0.0013634
61.3900000,0.8010432,-0.0163218,-9.7925809,-0.0019378,0.0093473,-0.0013526
61.4000000,0.8270378,0.0606168,-9.7497466,0.0037822,0.0113366,-0.0033042
61.4100000,0.7784268,-0.0473609,-9.6454367,0.0079954,0.0100497,0.0052510
61.4200000,0.8487580,0.0018506,-9.8410437,0.0052084,0.0096107,0.0005979
61.4300000,0.8180802,-0.0009634,-9.7773696,0.0014087,0.0105483,-0.0031110
61.4400000,0.8625819,-0.0328640,-9.7891670,-0.0019712,0.0078159,0.0027322
61.4500000,0.7371164,0.0582909,-9.7904905,-0.0070357,0.0039766,0.0008428
61.4600000,0.9036781,0.0578084,-9.8431681,-0.0007603,0.0051780,0.0032394
61.4700000,0.8634370,0.0252009,-9.7495228,0.0030611,0.0103981,-0.0028199
61.4800000,0.8458838,0.0269971,-9.8051534,-0.0083609,0.0146297,-0.0011275
61.4900000,0.8999176,0.0015451,-9.7776763,-0.0012616,0.0058267,0.0016029
61.5000000,0.7260265,0.0011789,-9.7793019,0.0043074,0.0119597,0.0014979
61.5100000,0.8871169,0.0182344,-9.7717463,0.0030340,0.0113326,-0.0051724
61.5200000,0.8013159,0.0598876,-9.7613534,0.0032331,0.0056776,0.0000679
61.5300000,0.7813899,-0.0136716,-9.7836843,-0.0016534,0.0074270,-0.0011790
61.5400000,0.9376659,-0.0339561,-9.7491626,-0.0008160,0.0071677,-0.0042489
61.5500000,0.8853428,-0.0260862,-9.6814236,0.0004004,0.0067183,0.0036289
61.5600000,0.8926815,0.0605899,-9.6970402,0.0044199,0.0082113,0.0026838
61.5700000,0.8518820,0.0705678,-9.7108276,-0.0018353,0.0074770,-0.0008823
61.5800000,0.9668205,-0.0684684,-9.7690641,-0.0004166,0.0096894,0.0036888
61.5900000,0.8429413,0.0831303,-9.6649356,0.0040435,0.0104369,0.0038778
61.6000000,0.8968694,0.0626063,-9.8200149,-0.0013953,0.0125535,-0.0043495
61.6100000,0.9083278,0.0267510,-9.7282372,-0.0032611,0.0057191,-0.0004155
61.6200000,0.8761871,-0.0625636,-9.7415828,0.0036545,0.0024086,-0.0029774
61.6300000,0.8956142,0.0373546,-9.6791951,-0.0057842,0.0067598,0.0016863
61.6400000,0.8598357,-0.0129337,-9.7386201,-0.0011168,0.0069507,0.0052699
61.6500000,0.8936582,-0.0018455,-9.7408528,0.0019303,-0.0014591,0.0009110
61.6600000,0.8889285,-0.0242589,-9.8237339,-0.0078313,0.0095082,0.0010433
61.6700000,1.0104560,0.0119315,-9.8169836,0.0023537,0.0019418,-0.0008599
61.6800000,0.9167639,0.0263146,-9.6767383,-0.0061518,0.0065656,0.0015498
61.6900000,0.9255362,0.0217640,-9.7914175,-0.0027480,0.0070700,-0.0014902
61.7000000,0.9243514,0.0044365,-9.8719227,0.0009944,0.0077503,-0.0023322
61.7100000,0.9341366,-0.0120366,-9.8108352,0.0048117,0.0093673,0.0018290
61.7200000,0.8461104,-0.0039485,-9.7330965,0.0010233,0.0148874,0.0042167
61.7300000,0.9605936,-0.0021991,-9.8197490,-0.0029569,0.0022960,-0.0015550
61.7400000,0.8665402,-0.0467270,-9.7824856,0.0032199,0.0052798,-0.0008272
61.7500000,0.8886660,-0.0386785,-9.6765178,-0.0032782,0.0075073,-0.0055507
61.7600000,0.9056911,0.0127652,-9.7220518,-0.0057222,0.0078774,0.0000890
61.7700000,0.9590360,-0.0078980,-9.7468069,-0.0019113,0.0099241,-0.0012405
61.7800000,0.9673117,0.0565556,-9.7948618,0.0045089,0.0091466,-0.0051082
61.7900000,0.9514949,0.0329115,-9.7623024,-0.0022550,0.0063869,0.0031146
61.8000000,0.8846623,-0.0215505,-9.7265958,0.0019408,0.0088871,-0.0019371
61.8100000,0.8087842,0.0046305,-9.7019531,-0.0029735,0.0099576,-0.0036362
61.8200000,0.9611272,0.0529805,-9.7162825,-0.0006936,0.0046085,0.0012314
61.8300000,0.8922465,0.0146940,-9.7730631,0.0036073,0.0100212,-0.0004319
61.8400000,0.8245608,-0.0359641,-9.7352503,0.0028041,0.0075989,-0.0042594
61.8500000,0.9878159,0.0501776,-9.7748982,-0.0013580,0.0105024,0.0003120
61.8600000,0.9811671,-0.0038157,-9.7095133,-0.0015870,0.0073382,0.0018010
61.8700000,0.9976651,0.0102823,-9.7847344,0.0044619,0.0101709,0.0002920
61.8800000,0.9084979,0.1010015,-9.7150651,0.0003514,0.0043950,-0.0007755
61.8900000,0.9805829,-0.0267123,-9.7993989,0.0018685,0.0057789,-0.0023898
61.9000000,0.9848835,0.0153565,-9.8693137,-0.0016994,0.0092138,-0.0048631
61.9100000,0.9938749,-0.0250780,-9.7889212,0.0014392,0.0030064,-0.0036700
61.9200000,0.9709542,0.0236716,-9.8304478,0.0033525,0.0092406,-0.0022523
61.9300000,0.9741725,-0.0302605,-9.7624854,0.0010595,0.0065430,-0.0077601
61.9400000,0.9747822,-0.0211116,-9.6708465,-0.0038675,0.0100377,-0.0051273
61.9500000,0.9571719,-0.0530164,-9.7411068,-0.0028053,0.0078804,-0.0007998
61.9600000,0.9602916,0.0851982,-9.7814869,-0.0003132,0.0077526,-0.0018947
61.9700000,0.9958535,-0.0365778,-9.7939133,-0.0003053,0.0102815,0.0019160
61.9800000,0.9247169,0.0031415,-9.8068418,-0.0015287,0.0027384,-0.0047370
61.9900000,1.0485129,0.0561960,-9.7202357,-0.0049256,0.0129550,0.0045292
62.0000000,1.0277334,-0.0055017,-9.6857936,-0.0038596,0.0130928,0.0007793
62.0100000,0.9328954,-0.0311574,-9.6656422,0.0038010,-0.0015394,0.0011350
62.0200000,0.9899043,0.0843705,-9.7131250,-0.0003499,0.0072337,0.0055432
62.0300000,1.0552808,-0.0159134,-9.7567866,0.0014148,0.0133943,-0.0019890
62.0400000,0.9752490,0.0919958,-9.7571239,-0.0059556,0.0095253,-0.0011213
62.0500000,1.0794025,0.0613219,-9.7296509,0.0034286,0.0105755,-0.0020369
62.0600000,1.0831296,0.0220516,-9.7376371,-0.0006841,0.0078278,-0.0011787
62.0700000,1.0596700,-0.0281582,-9.6713045,0.0019272,0.0083778,0.0032286
62.0800000,1.0132509,-0.0485100,-9.6867331,-0.0000780,0.0106225,0.0034952
62.0900000,1.0050456,0.0390013,-9.7435292,0.0057840,0.0116325,0.0005181
62.1000000,0.9884195,-0.0171023,-9.7120663,-0.0055841,0.0019096,0.0023797
62.1100000,1.0058387,-0.0893478,-9.7851184,0.0010588,0.0104000,-0.0018914
62.1200000,0.9967683,0.0234493,-9.8371293,-0.0017905,0.0037248,0.0025507
62.1300000,1.1078773,-0.0546862,-9.7049289,-0.0039811,0.0082284,0.0012657
62.1400000,1.0498192,0.0155185,-9.7236071,-0.0015057,0.0057296,-0.0014629
62.1500000,1.0562659,-0.0707936,-9.7886168,-0.0039325,0.0059656,-0.0032502
62.1600000,1.0166954,0.0799834,-9.7884859,0.0059379,0.0089763,0.0021405
62.1700000,1.1444817,-0.0229342,-9.7459351,-0.0035330,0.0051853,0.0026880
62.1800000,1.0392699,0.0332968,-9.7409042,0.0036374,0.0054242,0.0005930
62.1900000,1.0514562,0.0435160,-9.7709415,0.0000393,0.0066080,0.0024528
62.2000000,1.0651933,0.0386762,-9.8169311,-0.0036839,0.0122226,0.0005740
62.2100000,1.0265673,0.0284762,-9.8069887,-0.0030823,0.0132074,0.0032773
62.2200000,1.1250404,-0.0517827,-9.7275603,0.0030221,0.0005359,-0.0007754
62.2300000,1.1190317,-0.0410264,-9.7073778,-0.0020649,0.0111248,0.0017825
62.2400000,1.1003385,0.0513091,-9.7748450,-0.0030341,0.0117828,-0.0003632
62.2500000,1.1121518,0.1289553,-9.6511337,-0.0001652,0.0071526,0.0012653
62.2600000,1.0622818,0.0425240,-9.7982659,-0.0021484,0.0063390,0.0011461
62.2700000,1.0504593,-0.1053441,-9.7442123,-0.0007967,0.0109194,-0.0043772
62.2800000,1.0556408,0.0071374,-9.7090117,-0.0024217,0.0076359,0.0020719
62.2900000,1.0598799,-0.0400523,-9.8215385,-0.0011075,0.0088831,0.0046790
62.3000000,1.1256369,-0.0154433,-9.7509145,-0.0012229,0.0062649,0.0022758
62.3100000,0.9891080,0.0550014,-9.7165061,0.0025233,0.0093136,0.0014227
62.3200000,1.0614884,-0.0239841,-9.7319016,0.0003750,0.0061659,0.0010728
62.3300000,1.1204225,-0.0357171,-9.8410973,0.0080030,0.0063371,-0.0043499
62.3400000,1.1254756,-0.0470377,-9.7773188,-0.0046987,0.0078822,-0.0021055
62.3500000,1.0905264,-0.0294622,-9.7195421,0.0012921,0.0171157,0.0023384
62.3600000,1.1436391,0.0365164,-9.7658086,0.0023085,0.0102984,-0.0023100
62.3700000,1.1687679,0.0826613,-9.6494298,-0.0016193,0.0030436,0.0031013
62.3800000,1.1888047,-0.0411346,-9.8130534,-0.0050866,0.0059490,-0.0041945
62.3900000,1.1366285,-0.0048692,-9.7135173,-0.0016201,0.0093510,0.0015295
62.4000000,1.1165562,0.0267338,-9.7053469,0.0006475,0.0070431,-0.0039850
62.4100000,1.0937087,0.0022386,-9.7123533,-0.0009207,0.0083055,-0.0033861
62.4200000,1.0528438,0.0365172,-9.8304449,-0.0002095,0.0060727,-0.0044928
62.4300000,1.0893276,-0.0357114,-9.6841132,0.0006377,0.0074493,-0.0049175
62.4400000,1.1088586,-0.0115535,-9.7030029,0.0004724,0.0084556,-0.0022973
62.4500000,1.1404690,0.0226851,-9.7252669,0.0022698,0.0027785,0.0013467
62.4600000,1.0117020,0.0460239,-9.7636949,-0.0040110,0.0130419,-0.0008569
62.4700000,1.0609508,0.0793399,-9.6710711,0.0042753,0.0080203,0.0003437
62.4800000,1.1018698,-0.0123482,-9.7364701,-0.0018579,0.0033098,-0.0057715
62.4900000,1.1395517,0.0160327,-9.7329488,0.0020647,0.0109437,-0.0012391
62.5000000,1.0870271,0.0056695,-9.7158177,0.0021228,0.0103798,0.0009449
62.5100000,1.2334038,-0.0154560,-9.7115748,0.0007224,0.0094501,-0.0000606
62.5200000,1.0927870,0.0694071,-9.7531943,-0.0013688,0.0042508,-0.0002247
62.5300000,1.1288196,0.0589799,-9.6886562,0.0006725,0.0049349,0.0049250
62.5400000,1.1768273,0.0196948,-9.6785395,-0.0050566,0.0062615,-0.0038189
62.5500000,1.1807863,-0.0248527,-9.7483021,0.0014202,0.0069762,-0.0045992
62.5600000,1.1062447,-0.0226513,-9.8242983,0.0003763,0.0089803,0.0012552
62.5700000,1.1957673,0.0557613,-9.8140938,-0.0013585,0.0049807,-0.0019602
62.5800000,1.1082422,0.0053651,-9.6312245,-0.0023085,0.0069781,0.0017785
62.5900000,1.0794047,0.0184613,-9.7095462,0.0023854,0.0047957,0.0012435
62.6000000,1.1096198,0.0241515,-9.7170216,0.0025404,0.0046440,-0.0033223
62.6100000,1.1258489,-0.0076945,-9.8110327,0.0016148,0.0079084,0.0057678
62.6200000,1.1065039,-0.0220667,-9.7315753,-0.0015402,0.0024888,-0.0000059
62.6300000,1.1549671,-0.0035405,-9.7748928,0.0045663,0.0072510,-0.0046573
62.6400000,1.1155509,0.0212341,-9.6459560,0.0009927,0.0091051,0.0018123
62.6500000,1.1737575,-0.0236587,-9.8217557,-0.0005685,0.0035801,0.0035342
62.6600000,1.1706855,-0.0265684,-9.6897184,0.0018946,0.0092619,0.0030647
62.6700000,1.2049183,0.0679687,-9.7590435,0.0006215,0.0096373,-0.0047626
62.6800000,1.1567259,-0.0365305,-9.7183297,-0.0019724,0.0078166,0.0003111
62.6900000,1.2211386,-0.0007689,-9.7799300,0.0030499,0.0081575,0.0045232
62.7000000,1.0709556,0.0440703,-9.7376183,0.0029044,0.0088407,-0.0012966
62.7100000,1.1679505,0.0926299,-9.7344253,-0.0001615,0.0087150,0.0002876
62.7200000,1.1943854,-0.0694383,-9.6486279,0.0039298,0.0084702,0.0041992
62.7300000,1.2236757,-0.0642261,-9.7241653,0.0019724,0.0091888,-0.0002171
62.7400000,1.1692282,0.0062920,-9.8142008,0.0000783,0.0020692,0.0070233
62.7500000,1.1311445,0.0366756,-9.7032317,-0.0016497,0.0104648,-0.0015272
62.7600000,1.1936016,-0.0025286,-9.7539706,-0.0009421,0.0118152,-0.0039842
62.7700000,1.1684227,0.0013865,-9.7354641,0.0025083,0.0095034,0.0008721
62.7800000,1.1873147,0.0089395,-9.7569179,-0.0007889,0.0071207,-0.0001811
62.7900000,1.2348874,-0.0505060,-9.7883948,-0.0011261,0.0103307,-0.0039779
62.8000000,1.1687007,-0.0027840,-9.6526528,0.0036243,0.0048150,0.0056512
62.8100000,1.0956998,0.1102805,-9.8629371,-0.0012940,0.0028352,0.0013998
62.8200000,1.2269183,-0.0387380,-9.7583696,0.0026770,0.0063892,-0.0023824
62.8300000,1.1329385,0.0726534,-9.7349421,0.0031366,0.0116514,0.0009304
62.8400000,1.1245781,0.0028472,-9.7542463,0.0011426,0.0107757,0.0070547
62.8500000,1.2849087,0.0911320,-9.7733076,0.0013130,0.0025651,0.0034806
62.8600000,1.1567223,-0.0169361,-9.7608627,0.0018555,0.0077378,-0.0079863
62.8700000,1.2109686,-0.0409391,-9.7054681,-0.0016348,0.0070536,-0.0014599
62.8800000,1.2426559,0.0015110,-9.7042803,0.0031855,0.0099270,0.0007366
62.8900000,1.1939928,0.1144408,-9.6056944,-0.0012758,0.0100450,-0.0032222
62.9000000,1.2324930,-0.0150247,-9.7182050,0.0005016,0.0061399,-0.0020092
62.9100000,1.1797526,0.0064486,-9.7051305,0.0021036,0.0063008,0.0043613
62.9200000,1.2131586,-0.0276935,-9.7139521,-0.0025373,0.0058823,-0.0004444
62.9300000,1.1633441,0.0265482,-9.7327372,0.0002750,0.0076335,0.0024907
62.9400000,1.1995002,0.0252453,-9.7469543,0.0035072,0.0098317,0.0010004
62.9500000,1.3175560,0.0520071,-9.7348821,0.0044412,0.0049950,0.0015252
62.9600000,1.2269341,0.0089737,-9.7464525,-0.0038135,0.0011475,0.0006854
62.9700000,1.1807045,0.0646330,-9.7982925,0.0007465,0.0047152,-0.0024647
62.9800000,1.3604031,0.0331371,-9.7124470,-0.0021968,0.0105993,0.0000015
62.9900000,1.1978196,0.0350059,-9.7771166,0.0012608,0.0114021,-0.0019777
63.0000000,1.2281144,-0.0162068,-9.7508860,-0.0017471,0.0081505,-0.0006277
63.0100000,1.1586930,0.0238218,-9.7561915,-0.0017217,0.0032717,0.0046206
63.0200000,1.1402452,-0.0141175,-9.7169735,-0.0063371,0.0079578,0.0024558
63.0300000,1.2818157,-0.0090387,-9.6269786,-0.0006681,0.0043538,-0.0019971
63.0400000,1.1603079,-0.0642005,-9.7431232,-0.0021263,0.0089434,-0.0004863
63.0500000,1.2614646,-0.0171529,-9.6367239,0.0015101,0.0105273,-0.0002091
63.0600000,1.1284824,-0.0457765,-9.7139475,-0.0005618,0.0088925,-0.0039433
63.0700000,1.2496335,-0.0724400,-9.6724177,-0.0013793,0.0082664,-0.0002176
63.0800000,1.1686909,0.0533757,-9.7104454,0.0058652,0.0119998,0.0045860
63.0900000,1.2677712,0.0861307,-9.8207978,-0.0048407,0.0068968,-0.0026295
63.1000000,1.2032866,0.0495464,-9.7260817,0.0015159,0.0099590,0.0013521
63.1100000,1.3245715,-0.0249440,-9.7943294,-0.0002964,0.0023823,-0.0020540
63.1200000,1.1699595,0.0609684,-9.7056663,0.0016078,0.0043472,-0.0028383
63.1300000,1.2723364,-0.0282524,-9.5600366,-0.0026668,0.0084929,0.0027818
63.1400000,1.3067988,0.0098238,-9.7081556,-0.0018904,0.0028189,0.0023665
63.1500000,1.1995849,-0.0112438,-9.7218466,-0.0031975,0.0057912,-0.0036978
63.1600000,1.1180135,0.0974927,-9.6616854,0.0016790,0.0096224,-0.0041150
63.1700000,1.2711246,-0.0708878,-9.7347228,0.0005932,0.0080085,0.0032329
63.1800000,1.3517299,0.0522117,-9.7980827,-0.0063422,0.0048706,0.0081632
63.1900000,1.2844177,0.0096189,-9.7006895,0.0041801,0.0066840,-0.0007152
63.2000000,1.2388995,0.0288430,-9.8405507,-0.0030320,0.0053838,-0.0029860
63.2100000,1.2768264,-0.0275435,-9.6735789,0.0023247,0.0080418,-0.0048757
63.2200000,1.3272451,0.0163366,-9.7815769,-0.0011704,0.0032592,-0.0045130
63.2300000,1.2939622,0.0037858,-9.7664276,0.0044940,0.0089975,0.0010453
63.2400000,1.2416348,0.0414080,-9.7744376,-0.0044487,0.0077344,0.0040438
63.2500000,1.3278894,-0.0526867,-9.7375958,-0.0006917,0.0094083,0.0014389
63.2600000,1.2530435,-0.0453753,-9.6878659,-0.0058364,0.0080443,0.0005094
63.2700000,1.2510285,0.0074682,-9.7035069,0.0010172,0.0089250,-0.0032651
63.2800000,1.3146462,0.0195528,-9.7374197,-0.0011855,0.0079806,0.0005926
63.2900000,1.2356232,-0.0034992,-9.7518632,0.0034010,0.0053028,-0.0053510
63.3000000,1.3129959,0.0018537,-9.7625514,-0.0037632,0.0047066,-0.0038474
63.3100000,1.3022279,-0.0863079,-9.6791052,-0.0038846,0.0155857,0.0050402
63.3200000,1.3039812,-0.0425092,-9.6677412,0.0014885,0.0054031,-0.0019914
63.3300000,1.2189868,-0.0852131,-9.7048403,-0.0022127,0.0093720,-0.0003424
63.3400000,1.2699479,-0.0397094,-9.7630301,-0.0044612,0.0086498,-0.0022988
63.3500000,1.2599860,-0.0302856,-9.6390762,-0.0012527,0.0044660,0.0000010
63.3600000,1.1874911,-0.0258781,-9.6111947,0.0000267,0.0052066,0.0016197
63.3700000,1.2293027,-0.0249168,-9.6712330,-0.0028326,0.0081850,-0.0020521
63.3800000,1.2463208,0.0451664,-9.7873355,-0.0020333,0.0086084,0.0041279
63.3900000,1.3111440,-0.0132890,-9.6899268,-0.0009250,0.0061676,0.0033533
63.4000000,1.3601130,0.0732765,-9.7657947,0.0026175,0.0106070,0.0004477
63.4100000,1.2781542,-0.0870222,-9.7477363,-0.0006878,0.0066679,0.0016735
63.4200000,1.2635590,0.0261905,-9.8477072,-0.0021458,0.0133499,0.0048327
63.4300000,1.3476042,-0.0584872,-9.7760273,-0.0010035,0.0129484,-0.0058094
63.4400000,1.2199851,0.0334034,-9.7446756,-0.0030247,0.0098065,-0.0027508
63.4500000,1.2072179,0.0073679,-9.6997422,-0.0011437,0.0063166,0.0000706
63.4600000,1.3112292,0.0564688,-9.7194035,-0.0015204,0.0103127,-0.0019150
63.4700000,1.3094790,-0.0446700,-9.6837840,-0.0013830,0.0085021,0.0014300
63.4800000,1.2432550,-0.0346652,-9.7577059,0.0009852,0.0045317,0.0023572
63.4900000,1.2941866,0.0555294,-9.6667625,0.0002272,0.0046308,0.0008056
63.5000000,1.2399709,0.0349192,-9.7003855,0.0009524,0.0025520,0.0002194
63.5100000,1.2927321,0.0664201,-9.7231511,-0.0001742,0.0099130,0.0005004
63.5200000,1.3537622,-0.0445496,-9.7668943,-0.0025099,0.0090531,0.0031337
63.5300000,1.3233380,-0.0049395,-9.7415795,-0.0023469,0.0047592,0.0045913
63.5400000,1.3035039,-0.0251243,-9.7263197,-0.0036127,0.0016828,-0.0026185
63.5500000,1.2134405,0.1242407,-9.7024856,0.0011713,0.0040098,-0.0010318
63.5600000,1.1933445,-0.0467281,-9.7542654,0.0003416,0.0108752,0.0014928
63.5700000,1.3627228,0.0514783,-9.7370332,-0.0022374,0.0019032,-0.0045452
63.5800000,1.3375907,0.0232991,-9.7175388,0.0072278,0.0088139,-0.0035202
63.5900000,1.3826204,-0.0258646,-9.6983743,-0.0028780,0.0074090,0.0012093
63.6000000,1.3628654,0.0573504,-9.7188510,-0.0031046,0.0069560,-0.0014945
63.6100000,1.3022604,-0.0306659,-9.6414189,-0.0020734,0.0050482,-0.0035466
63.6200000,1.3155443,-0.0303618,-9.7942509,0.0005271,0.0085334,0.0053901
63.6300000,1.2690415,0.0556822,-9.7310526,-0.0036944,0.0106489,0.0017199
63.6400000,1.3128296,0.0567501,-9.7370283,0.0054465,0.0050679,0.0049089
63.6500000,1.3605366,-0.0294609,-9.8039161,0.0011955,0.0095925,0.0033064
63.6600000,1.2367988,-0.0748512,-9.6899790,0.0006223,0.0073403,-0.0001256
63.6700000,1.3585344,0.0018254,-9.8069036,0.0000648,0.0099685,0.0046347
63.6800000,1.3534551,-0.0209495,-9.6466486,-0.0017396,0.0069054,-0.0061003
63.6900000,1.3041799,-0.0387250,-9.7179373,-0.0036484,0.0077116,-0.0010648
63.7000000,1.4042748,0.1418871,-9.6931979,-0.0002358,0.0079236,-0.0053599
63.7100000,1.3264175,-0.0674872,-9.7476879,-0.0059117,0.0097542,0.0035268
63.7200000,1.3322176,0.0275198,-9.7010424,-0.0001467,0.0076268,-0.0028349
63.7300000,1.2516313,0.0195601,-9.7187469,-0.0038783,0.0128149,-0.0035148
63.7400000,1.2844223,0.0210884,-9.7274758,-0.0044161,0.0086371,0.0025345
63.7500000,1.3046820,0.0522954,-9.6664480,0.0002759,0.0105429,0.0007620
63.7600000,1.3686868,-0.0162860,-9.7196866,0.0020608,0.0102714,0.0016510
63.7700000,1.2772833,0.0849458,-9.7391960,-0.0015380,0.0058971,0.0029923
63.7800000,1.4365092,0.0099417,-9.6815378,0.0037260,0.0136088,0.0056344
63.7900000,1.3736168,-0.0247443,-9.6147552,-0.0011855,0.0051494,0.0007332
63.8000000,1.2557485,0.0566613,-9.7709083,-0.0036367,0.0097497,-0.0006623
63.8100000,1.3872558,-0.0003547,-9.6693992,0.0023504,0.0093090,-0.0059249
63.8200000,1.2657245,-0.0111326,-9.6561108,-0.0005202,0.0093228,0.0002686
63.8300000,1.2792862,-0.0260398,-9.7201398,-0.0060758,0.0075221,0.0003627
63.8400000,1.3406814,0.0158637,-9.7253688,0.0032947,0.0117174,0.0013153
63.8500000,1.3407298,0.0379840,-9.6970680,-0.0026050,0.0112728,0.0005541
63.8600000,1.2950112,0.0421077,-9.7006428,-0.0023897,0.0095636,-0.0021685
63.8700000,1.3739656,0.0200610,-9.7435416,0.0023098,0.0077230,-0.0031744
63.8800000,1.3004333,0.0355954,-9.7475002,-0.0037158,0.0124301,-0.0029933
63.8900000,1.3258818,-0.0251084,-9.7274066,-0.0002344,0.0063489,-0.0046272
63.9000000,1.2632076,-0.0237148,-9.6899802,0.0044152,0.0071148,-0.0013196
63.9100000,1.3147916,-0.0043134,-9.6810486,0.0024428,0.0079956,-0.0040337
63.9200000,1.2972047,0.1020099,-9.6084775,0.0044468,0.0103237,-0.0011132
63.9300000,1.3827480,0.0634155,-9.6872866,0.0013855,0.0058435,0.0013833
63.9400000,1.3227785,0.0587173,-9.7121605,-0.0038334,0.0073849,0.0023262
63.9500000,1.3504713,0.0583783,-9.6528732,0.0026324,0.0179409,0.0063566
63.9600000,1.4391719,0.0126889,-9.6957149,-0.0002825,0.0015678,-0.0009553
63.9700000,1.3466289,-0.1132621,-9.7341489,0.0008399,0.0071298,-0.0043048
63.9800000,1.3020322,0.0557807,-9.7291522,-0.0004112,0.0074655,-0.0033030
63.9900000,1.2448784,-0.0568238,-9.7302479,0.0010009,0.0110076,-0.0034056
64.0000000,1.3729549,0.0070271,-9.7024898,0.0024203,0.0065283,0.0019132
64.0100000,1.3231879,0.0128293,-9.7019030,0.0006569,0.0142249,-0.0022829
64.0200000,1.3635499,-0.0155058,-9.6394275,0.0006069,0.0115851,0.0004724
64.0300000,1.4116440,0.0489565,-9.7139436,-0.0013900,0.0047164,-0.0029110
64.0400000,1.2933342,0.0336309,-9.7634393,-0.0001012,0.0108964,-0.0016704
64.0500000,1.3166194,-0.0651547,-9.7461417,-0.0046501,0.0100025,0.0056396
64.0600000,1.2588429,0.0825081,-9.7046916,-0.0025494,0.0111975,0.0034245
64.0700000,1.2902158,-0.0366680,-9.7144429,-0.0036272,0.0088858,-0.0012505
64.0800000,1.3589144,-0.0098846,-9.7004966,0.0042666,0.0130756,-0.0008767
64.0900000,1.3401206,0.0334607,-9.6470221,-0.0021122,0.0123358,-0.0001058
64.1000000,1.3156901,-0.0011426,-9.7662919,0.0029231,0.0061126,0.0001447
64.1100000,1.3551722,0.0499643,-9.7256273,-0.0038156,0.0083536,0.0008380
64.1200000,1.2953346,0.0383060,-9.6885092,0.0022955,0.0048057,0.0017331
64.1300000,1.3396928,0.0184641,-9.6804724,-0.0027229,0.0099329,0.0001378
64.1400000,1.3463822,-0.0464545,-9.6775491,0.0020888,0.0073439,0.0037326
64.1500000,1.3946164,0.0620144,-9.8181948,0.0006615,0.0090254,0.0027374
64.1600000,1.3261633,-0.0064523,-9.6528467,-0.0054779,0.0081292,-0.0001965
64.1700000,1.3748957,0.0048769,-9.6700107,0.0035325,0.0087529,-0.0015455
64.1800000,1.3987706,0.0547411,-9.7655605,-0.0018077,0.0063264,0.0041492
64.1900000,1.4154427,0.0143678,-9.7618433,0.0031797,0.0108382,0.0002862
64.2000000,1.3985734,0.0021935,-9.7369905,0.0063263,0.0064977,0.0006363
64.2100000,1.3507106,0.0055392,-9.7469797,-0.0018997,0.0095253,-0.0017298
64.2200000,1.3556322,-0.0734678,-9.7521581,0.0030639,0.0118013,-0.0006208
64.2300000,1.3890175,-0.0014757,-9.7141865,-0.0022468,0.0077452,0.0019397
64.2400000,1.3769542,0.0210137,-9.7428826,0.0019057,0.0110534,0.0007009
64.2500000,1.3593244,0.0842385,-9.8228363,0.0024524,0.0070241,0.0005503
64.2600000,1.4097501,0.0040700,-9.7099735,-0.0002594,0.0089296,-0.0003496
64.2700000,1.3929209,0.0138570,-9.6723569,0.0012072,0.0096100,0.0012159
64.2800000,1.4259244,-0.1227818,-9.6859027,-0.0032177,0.0135870,-0.0014178
64.2900000,1.3893703,0.0661426,-9.6271463,0.0066995,0.0073770,0.0012871
64.3000000,1.2816804,-0.0018053,-9.7791227,-0.0012518,0.0055949,-0.0003816
64.3100000,1.3766736,0.0323541,-9.7017919,0.0015766,0.0146084,-0.0026519
64.3200000,1.2890135,0.0204554,-9.7765138,-0.0057262,0.0079258,0.0003883
64.3300000,1.3733411,-0.0215256,-9.5338247,0.0065715,0.0071552,0.0009878
64.3400000,1.3264040,-0.0015017,-9.6859961,-0.0015695,0.0083731,-0.0037452
64.3500000,1.3582460,0.0455879,-9.6209308,0.0031732,0.0047227,0.0036447
64.3600000,1.4398540,0.0340558,-9.6945743,-0.0028561,0.0126677,-0.0031993
64.3700000,1.3208346,0.0167326,-9.7319187,0.0064687,0.0063618,0.0008798
64.3800000,1.4342859,0.0891878,-9.6493211,-0.0009408,0.0085453,-0.0000930
64.3900000,1.4857554,0.0510680,-9.7238840,0.0014477,0.0073232,-0.0005287
64.4000000,1.3971957,0.0517883,-9.8208344,0.0023686,0.0120353,0.0015050
64.4100000,1.3642836,-0.0256765,-9.6746535,0.0019221,0.0086887,-0.0009075
64.4200000,1.3470199,-0.0125074,-9.6797827,-0.0030086,0.0114394,-0.0038397
64.4300000,1.3007259,0.0104918,-9.8020672,-0.0013633,0.0100525,-0.0077060
64.4400000,1.3985304,-0.0338721,-9.7263195,0.0022414,0.0092243,-0.0002778
64.4500000,1.4645184,-0.0754552,-9.6783656,0.0033277,0.0131699,0.0036523
64.4600000,1.4209391,0.1116005,-9.7534027,-0.0070434,0.0093839,0.0057271
64.4700000,1.4257955,0.0691062,-9.6602477,-0.0043681,0.0054318,-0.0008465
64.4800000,1.3691541,0.0517110,-9.7322380,0.0006003,0.0123240,0.0027806
64.4900000,1.3792451,0.0662464,-9.7289650,-0.0020812,0.0058790,0.0022003
64.5000000,1.3664949,0.0270755,-9.6555625,0.0005655,0.0073176,-0.0046367
64.5100000,1.4151343,0.0057492,-9.7012661,0.0029063,0.0075780,-0.0055795
64.5200000,1.3872934,-0.0112056,-9.7483299,0.0025252,0.0102046,0.0011199
64.5300000,1.4062703,-0.0204625,-9.7486382,0.0000039,0.0073027,0.0030167
64.5400000,1.3861186,-0.0824217,-9.6802579,0.0019197,0.0007563,-0.0009757
64.5500000,1.5051429,0.0392226,-9.6356174,-0.0019561,0.0075552,0.0023805
64.5600000,1.4282518,-0.0470311,-9.7445044,-0.0007238,0.0009093,0.0032634
64.5700000,1.3625082,0.0238303,-9.6335624,0.0056550,0.0086990,-0.0011708
64.5800000,1.3665847,0.0013317,-9.6443832,-0.0016973,0.0069593,-0.0003151
64.5900000,1.4418312,0.0665165,-9.6972249,-0.0012666,0.0137618,-0.0027342
64.6000000,1.4123407,0.1125445,-9.6936767,-0.0024605,0.0105885,0.0001179
64.6100000,1.4087136,-0.0711378,-9.6422900,0.0007618,0.0033296,0.0004621
64.6200000,1.3617261,-0.0001361,-9.7364829,0.0030919,0.0109139,0.0010245
64.6300000,1.3534651,0.0939582,-9.6370632,-0.0003408,0.0054637,-0.0013161
64.6400000,1.4146524,-0.0039171,-9.7379303,-0.0020834,0.0098052,-0.0060932
64.6500000,1.3936886,0.0108501,-9.7391592,0.0005762,0.0057233,0.0038349
64.6600000,1.4158848,-0.0148612,-9.6743699,0.0022930,0.0052047,0.0042863
64.6700000,1.3785768,0.0397197,-9.8001909,-0.0003483,0.0059191,0.0020869
64.6800000,1.4340019,0.0270285,-9.6780637,0.0023606,0.0057630,0.0032786
64.6900000,1.4386028,0.0213108,-9.7606981,0.0006829,0.0047546,0.0037087
64.7000000,1.4296042,0.0035892,-9.7383175,-0.0023750,0.0076797,0.0040973
64.7100000,1.3728915,-0.0123278,-9.7435909,0.0022825,0.0098717,-0.0086235
64.7200000,1.3881922,0.0163175,-9.7226697,0.0047123,0.0048074,0.0035993
64.7300000,1.4119153,-0.0699791,-9.7106794,0.0028857,0.0091456,-0.0013728
64.7400000,1.5033080,-0.1263114,-9.6292206,0.0010339,0.0113937,-0.0027539
64.7500000,1.4625830,0.0068751,-9.7063783,-0.0049343,0.0064035,0.0026948
64.7600000,1.4152625,-0.0783596,-9.7489714,0.0040284,0.0056251,-0.0022386
64.7700000,1.4492716,0.0475611,-9.7022534,-0.0035040,0.0096762,0.0039700
64.7800000,1.3932018,0.0059755,-9.6825936,0.0014587,0.0075896,0.0028332
64.7900000,1.4336761,0.0251219,-9.6994862,-0.0009634,0.0084306,-0.0007961
64.8000000,1.4510333,0.0836224,-9.7528162,0.0025118,0.0051092,0.0036638
64.8100000,1.4227968,0.0405016,-9.6673384,-0.0009976,0.0115588,-0.0032175
64.8200000,1.3915937,-0.0008583,-9.6441820,0.0008908,0.0107575,-0.0004373
64.8300000,1.4054969,-0.0572596,-9.7359476,-0.0008310,0.0078445,-0.0056190
64.8400000,1.3261211,0.0311353,-9.7080394,-0.0011962,0.0024691,-0.0019414
64.8500000,1.3811921,-0.0197567,-9.6366730,-0.0034616,0.0028180,-0.0010095
64.8600000,1.3574082,-0.0531682,-9.7265146,0.0065784,0.0097207,-0.0000119
64.8700000,1.4007771,0.0004136,-9.7172547,0.0008190,0.0119300,-0.0003015
64.8800000,1.3743117,-0.0644744,-9.7538384,-0.0026003,0.0087240,-0.0064901
64.8900000,1.3673453,-0.0305313,-9.6860778,-0.0000108,0.0109767,-0.0015401
64.9000000,1.3401205,-0.0651671,-9.7135652,0.0003332,0.0096939,0.0002149
64.9100000,1.4282152,0.0483712,-9.7656430,0.0025612,0.0118552,0.0042230
64.9200000,1.3268444,0.0169677,-9.6293297,-0.0005064,0.0034257,-0.0015528
64.9300000,1.4786498,0.0448879,-9.6866232,-0.0041707,0.0183215,0.0035742
64.9400000,1.3886691,-0.0899098,-9.8029202,-0.0020202,0.0079308,0.0007167
64.9500000,1.5185743,0.0186800,-9.6712366,0.0028462,0.0051699,0.0020276
64.9600000,1.4546387,-0.0101907,-9.6654509,0.0005603,0.0101729,-0.0036819
64.9700000,1.4301561,0.0006696,-9.6859007,-0.0012080,0.0024822,0.0040363
64.9800000,1.3946330,-0.0075700,-9.7211719,-0.0017669,0.0135384,-0.0010241
64.9900000,1.4207946,0.0440826,-9.7438639,-0.0022840,0.0098319,0.0003189
65.0000000,1.5128610,-0.0270098,-9.7142939,0.0041494,0.0038063,0.0033650
65.0100000,1.4214651,0.0370592,-9.6672504,0.0011764,0.0063854,0.0039922
65.0200000,1.4555677,-0.0258334,-9.6815682,-0.0057031,0.0069749,0.0026253
65.0300000,1.3555074,0.0519331,-9.7274093,0.0000220,0.0105541,-0.0016931
65.0400000,1.3389234,0.0391497,-9.6248598,-0.0038489,0.0058441,-0.0031708
65.0500000,1.3630283,-0.0361829,-9.7190969,-0.0019872,0.0105863,-0.0004507
65.0600000,1.4752893,0.0446944,-9.6979172,-0.0015791,0.0047515,-0.0041052
65.0700000,1.3254732,0.0633326,-9.6392252,0.0046990,0.0039752,-0.0026942
65.0800000,1.4018097,0.0075320,-9.6686851,0.0025505,0.0053911,-0.0000520
65.0900000,1.4026167,-0.0412475,-9.6645979,-0.0024069,0.0139746,0.0008824
65.1000000,1.4398812,0.0165199,-9.6211762,0.0021555,0.0121985,-0.0024483
65.1100000,1.4400450,-0.0251331,-9.6852632,0.0016480,0.0100540,-0.0011246
65.1200000,1.4034697,-0.0487256,-9.7690696,-0.0053717,0.0092239,-0.0050585
65.1300000,1.4263026,0.0553258,-9.6981451,-0.0007545,0.0076863,-0.0008013
65.1400000,1.4976724,0.0368309,-9.7057659,-0.0027894,0.0057798,-0.0012264
65.1500000,1.4081533,0.0088092,-9.6964145,-0.0009637,0.0075569,0.0037033
65.1600000,1.4491085,0.0135577,-9.6544219,0.0006119,0.0079104,-0.0072112
65.1700000,1.3819382,-0.0471099,-9.6996902,-0.0005414,0.0046085,0.0053843
65.1800000,1.3813530,-0.0293736,-9.7709051,0.0028149,0.0091734,0.0005129
65.1900000,1.3729131,0.0523811,-9.7131914,-0.0018562,0.0067933,0.0010671
65.2000000,1.3679447,-0.0352238,-9.6789470,-0.0011828,0.0086823,0.0019350
65.2100000,1.4538735,-0.0159400,-9.6805249,0.0028118,0.0062364,0.0001566
65.2200000,1.4469394,0.0676201,-9.6673046,0.0054436,0.0052097,0.0003021
65.2300000,1.5242539,-0.0432742,-9.6911175,-0.0034183,0.0068974,0.0016035
65.2400000,1.4582965,0.0609130,-9.6945134,-0.0039287,0.0082155,0.0022252
65.2500000,1.4649369,0.0110963,-9.7097735,0.0031271,0.0091646,-0.0003505
65.2600000,1.4774855,-0.1404185,-9.7344935,-0.0015675,0.0077185,-0.0019360
65.2700000,1.4666373,0.0033365,-9.6332181,-0.0005819,0.0083959,0.0061382
65.2800000,1.4423200,0.0836393,-9.6705834,-0.0075526,0.0056325,-0.0068436
65.2900000,1.4016096,0.0222068,-9.6374527,-0.0006232,0.0070169,0.0009943
65.3000000,1.5074496,-0.1486910,-9.6526599,0.0012606,0.0089351,0.0009364
65.3100000,1.4508337,-0.0696713,-9.6921735,0.0045497,0.0048198,-0.0007366
65.3200000,1.4514461,-0.0553095,-9.7001223,-0.0030338,0.0080036,0.0034414
65.3300000,1.3688918,-0.0355063,-9.6268773,0.0043499,0.0046909,0.0002856
65.3400000,1.4437744,0.0402852,-9.6862277,-0.0016693,0.0055926,-0.0064303
65.3500000,1.3491891,0.0651283,-9.7100963,0.0021991,0.0157037,-0.0002591
65.3600000,1.4290229,0.0212615,-9.7302815,0.0030456,0.0107247,-0.0034179
65.3700000,1.5382601,0.0004057,-9.6885194,0.0054165,0.0089307,0.0007111
65.3800000,1.4837799,-0.0047240,-9.7111670,-0.0057773,0.0088071,-0.0029296
65.3900000,1.3977910,-0.0207890,-9.7209029,-0.0027259,0.0050532,-0.0020048
65.4000000,1.5335587,0.0329586,-9.7378807,-0.0029262,0.0062721,0.0054300
65.4100000,1.4041403,-0.0064931,-9.7051182,-0.0012682,0.0053217,0.0027863
65.4200000,1.4729849,-0.0891624,-9.7041723,-0.0065060,0.0072529,-0.0019759
65.4300000,1.3338838,0.0539643,-9.6808224,0.0008056,0.0071113,-0.0061829
65.4400000,1.3771430,-0.0111773,-9.6396036,0.0013589,0.0104367,-0.0013532
65.4500000,1.4926528,-0.0145152,-9.6277813,0.0066763,0.0078299,0.0020715
65.4600000,1.3900331,0.0409077,-9.6681572,-0.0032204,0.0089692,-0.0019741
65.4700000,1.4364366,-0.0183082,-9.7727895,-0.0008389,0.0075472,0.0012376
65.4800000,1.4360346,0.0102282,-9.6673854,-0.0028722,0.0078696,-0.0009622
65.4900000,1.4368966,0.0807671,-9.8031558,0.0036649,0.0080154,0.0006757
65.5000000,1.4441658,-0.0100221,-9.6129292,-0.0019818,0.0044421,0.0014439
65.5100000,1.4406887,0.0312357,-9.6811721,0.0048473,0.0110890,0.0043370
65.5200000,1.4489054,-0.0231834,-9.6052886,-0.0017325,0.0029452,0.0000694
65.5300000,1.3612483,-0.0622929,-9.7861766,0.0024416,0.0092654,-0.0034036
65.5400000,1.3893447,0.0934686,-9.6715827,0.0050596,0.0060483,-0.0004442
65.5500000,1.4813164,-0.0467070,-9.6966088,-0.0026398,0.0024918,-0.0019093
65.5600000,1.4013388,0.0785306,-9.7501318,0.0033025,0.0113857,0.0013228
65.5700000,1.4555154,0.0505677,-9.6538922,-0.0041699,0.0117370,-0.0028768
65.5800000,1.4107727,-0.0564382,-9.6782125,-0.0014228,0.0075614,0.0000840
65.5900000,1.4961708,-0.0075542,-9.7213454,-0.0003790,0.0045399,-0.0035236
65.6000000,1.3963290,0.0366467,-9.6866894,-0.0003101,0.0077274,0.0035643
65.6100000,1.3888001,-0.0091848,-9.6931139,0.0003169,0.0092770,0.0030173
65.6200000,1.4583135,-0.0613914,-9.7169985,0.0042141,0.0062264,0.0032931
65.6300000,1.5294096,-0.0355907,-9.7719796,-0.0057363,0.0107147,-0.0051267
65.6400000,1.4642594,-0.0709707,-9.7438490,0.0007862,0.0125575,0.0000601
65.6500000,1.3854700,0.0134748,-9.6691454,0.0006314,0.0075543,0.0010768
65.6600000,1.4197360,0.0572170,-9.7236608,0.0008693,0.0049203,0.0029928
65.6700000,1.4312749,0.0298830,-9.7655923,0.0034474,0.0080828,0.0008947
65.6800000,1.5058160,-0.0910849,-9.7611138,0.0002687,0.0066325,0.0033680
65.6900000,1.4550029,-0.0547393,-9.6958664,-0.0027716,0.0131449,-0.0006256
65.7000000,1.5180025,0.0146353,-9.7475933,0.0040149,0.0113061,-0.0013054
65.7100000,1.4216773,0.0469762,-9.6938912,-0.0006525,0.0160443,-0.0005255
65.7200000,1.5162068,-0.0075073,-9.6841499,0.0010427,0.0100109,-0.0029363
65.7300000,1.4184223,0.0339090,-9.6359791,-0.0008484,0.0078670,0.0006680
65.7400000,1.3871409,-0.0233146,-9.6331783,0.0015503,0.0088984,0.0008482
65.7500000,1.4670921,0.0149659,-9.7362916,-0.0000557,0.0035133,0.0015418
65.7600000,1.4685669,-0.1042701,-9.6152785,0.0013056,0.0086950,0.0016704
65.7700000,1.4698539,-0.0000192,-9.6629356,0.0023047,0.0119129,-0.0043714
65.7800000,1.4306961,-0.1113922,-9.6127458,-0.0008267,0.0046805,-0.0013676
65.7900000,1.4646069,-0.0025080,-9.7519376,0.0005088,0.0114166,-0.0058669
65.8000000,1.4732985,0.0657127,-9.7213383,-0.0027167,0.0087882,0.0013185
65.8100000,1.3734021,-0.0053445,-9.6530233,0.0033898,0.0092618,0.0006467
65.8200000,1.4468814,0.0671979,-9.6132805,-0.0016504,0.0027391,0.0034655
65.8300000,1.4619646,0.0069098,-9.7227409,0.0004697,0.0082402,0.0012662
65.8400000,1.4972255,-0.0008017,-9.5724190,0.0037592,0.0055840,0.0008708
65.8500000,1.4494096,0.0633115,-9.7032765,-0.0003607,0.0040420,0.0003153
65.8600000,1.4303042,0.0007850,-9.6388315,0.0022220,0.0087054,0.0003813
65.8700000,1.4731391,0.0040818,-9.7791347,-0.0019066,0.0091462,0.0004399
65.8800000,1.4228677,0.0056404,-9.7168168,0.0025517,0.0117173,0.0021708
65.8900000,1.4136335,-0.0862285,-9.6687590,0.0068442,0.0088909,0.0004065
65.9000000,1.4358064,0.0908665,-9.7696340,-0.0008708,0.0055465,-0.0001784
65.9100000,1.4878755,-0.0466383,-9.7305595,-0.0005434,0.0072188,0.0051915
65.9200000,1.4572640,0.0150345,-9.6874965,-0.0013736,0.0074861,0.0016915
65.9300000,1.3901600,-0.1560767,-9.7802299,0.0006403,0.0073651,0.0005278
65.9400000,1.4269357,-0.0110421,-9.7026895,0.0017063,0.0086531,0.0001309
65.9500000,1.4167388,0.0484864,-9.7294040,-0.0006830,0.0061694,-0.0005843
65.9600000,1.5037401,-0.0268198,-9.7189606,0.0017122,0.0084470,0.0021046
65.9700000,1.4091924,0.0010304,-9.6933390,-0.0023025,0.0114150,0.0015943
65.9800000,1.4977618,0.0386230,-9.6056777,0.0025944,0.0055438,-0.0061992
65.9900000,1.4397492,-0.0724524,-9.6995635,0.0041834,0.0107047,0.0029079
66.0000000,1.4091002,0.0085464,-9.6513359,0.0001335,0.0045053,-0.0018442
66.0100000,1.4372185,-0.0310341,-9.6106048,-0.0042901,0.0175789,-0.0039380
66.0200000,1.4725541,0.0077207,-9.6118565,0.0020936,0.0013204,0.0075803
66.0300000,1.4507479,-0.0575651,-9.6808311,-0.0010025,0.0119536,-0.0023614
66.0400000,1.4694155,-0.0011531,-9.7546974,-0.0016375,0.0104518,-0.0074472
66.0500000,1.4766563,0.0227138,-9.7747401,-0.0036050,0.0050542,-0.0011870
66.0600000,1.4566832,0.1027685,-9.6182567,-0.0056607,0.0044909,-0.0019552
66.0700000,1.3969234,0.0147743,-9.5895254,-0.0024050,0.0084884,-0.0014156
66.0800000,1.5313577,-0.0305184,-9.6772019,-0.0063807,0.0116495,0.0046191
66.0900000,1.4189525,0.0345262,-9.7435610,-0.0003494,0.0068232,0.0018140
66.1000000,1.4493300,-0.0247667,-9.6438255,-0.0004174,0.0115021,0.0002017
66.1100000,1.3977270,0.0373783,-9.6982458,-0.0059130,0.0062347,0.0050362
66.1200000,1.3906728,0.0528122,-9.7118711,-0.0036244,0.0075619,0.0048397
66.1300000,1.5004755,-0.1335538,-9.7107783,0.0011469,0.0104562,-0.0010389
66.1400000,1.4536571,0.0435663,-9.6353338,-0.0024050,0.0052848,0.0041842
66.1500000,1.4956842,0.0411739,-9.7688555,0.0035146,0.0083689,-0.0028094
66.1600000,1.4456836,-0.0488475,-9.7129454,-0.0005363,0.0111414,0.0005690
66.1700000,1.4336388,0.0265610,-9.5489505,-0.0018015,0.0092015,0.0061009
66.1800000,1.4798148,-0.0281750,-9.6925820,0.0068205,0.0044429,-0.0036179
66.1900000,1.4404238,-0.0414272,-9.6738760,0.0020161,0.0067182,0.0001180
66.2000000,1.4067968,-0.0380141,-9.7286361,0.0000439,0.0052199,-0.0031668
66.2100000,1.4826691,-0.0077091,-9.6217445,0.0016983,0.0072805,0.0001284
66.2200000,1.4392713,-0.0197242,-9.6669304,-0.0032863,0.0071548,-0.0008003
66.2300000,1.4840651,0.0120489,-9.7046356,0.0068651,0.0084827,0.0027631
66.2400000,1.4847367,-0.0542205,-9.6478968,0.0024908,0.0113218,0.0087675
66.2500000,1.4932411,0.0155497,-9.6859172,0.0022664,0.0103130,-0.0028465
66.2600000,1.5134542,0.0343940,-9.6693173,-0.0003867,0.0052880,0.0003629
66.2700000,1.4273389,0.0311307,-9.6293257,0.0005227,0.0168205,-0.0013251
66.2800000,1.5071748,0.0317088,-9.7035206,-0.0011939,0.0094611,-0.0000166
66.2900000,1.4234471,0.0608820,-9.7646506,0.0000366,0.0119235,-0.0053365
66.3000000,1.4878422,-0.0468744,-9.6852954,-0.0003661,0.0054197,0.0008178
66.3100000,1.3959905,0.1085117,-9.7256135,-0.0005962,0.0119439,-0.0011068
66.3200000,1.4667130,0.0096520,-9.7717686,-0.0027153,0.0100604,-0.0031328
66.3300000,1.5274136,-0.0562825,-9.7596111,-0.0002092,0.0076148,-0.0011666
66.3400000,1.4796307,-0.0791686,-9.7308997,-0.0029903,0.0064217,0.0039405
66.3500000,1.5296541,-0.0616058,-9.7430886,0.0034393,0.0097543,-0.0035793
66.3600000,1.4854064,0.0142297,-9.6558089,-0.0010821,0.0079350,0.0011806
66.3700000,1.4865855,-0.0201657,-9.6220939,0.0028782,0.0071995,0.0032991
66.3800000,1.4580354,-0.0468832,-9.6072857,-0.0024013,0.0078054,-0.0001517
66.3900000,1.4766243,-0.0256355,-9.7380279,0.0034051,0.0017188,-0.0026792
66.4000000,1.4017977,-0.0197512,-9.5708134,-0.0029523,0.0067094,0.0016985
66.4100000,1.4611149,0.0228740,-9.6906306,-0.0010215,0.0062973,0.0000075
66.4200000,1.4530756,-0.0950081,-9.5673158,-0.0028688,0.0054948,0.0010248
66.4300000,1.5275111,0.0200848,-9.6849523,-0.0022253,0.0097445,-0.0043503
66.4400000,1.4048062,-0.1091661,-9.7435536,0.0005459,0.0090910,0.0014519
66.4500000,1.5421460,0.0225828,-9.6869770,0.0017076,0.0122459,0.0023526
66.4600000,1.4518784,-0.0248758,-9.7508899,-0.0003205,0.0112860,0.0018947
66.4700000,1.4678458,0.0746270,-9.6835588,-0.0052350,0.0048660,-0.0007480
66.4800000,1.4650232,-0.0134030,-9.6398699,-0.0014642,0.0024512,0.0001889
66.4900000,1.4517225,0.0282986,-9.7928474,0.0023595,0.0037324,-0.0036716
66.5000000,1.4378353,-0.0127814,-9.7300348,-0.0000236,0.0086611,0.0049046
66.5100000,1.3986537,-0.0701180,-9.6909504,0.0009492,0.0116464,0.0009509
66.5200000,1.4566374,0.0214582,-9.7266120,-0.0014701,0.0127856,-0.0000830
66.5300000,1.4812865,0.0502184,-9.7131799,0.0020531,0.0087009,-0.0017903
66.5400000,1.3276136,0.0657789,-9.6827448,0.0019911,0.0058576,-0.0053109
66.5500000,1.4699589,0.0130401,-9.6719257,0.0023695,0.0066843,0.0015140
66.5600000,1.5587024,0.0029821,-9.7226450,-0.0006887,0.0045136,0.0046922
66.5700000,1.4854374,0.0508845,-9.6408516,-0.0026754,0.0014559,-0.0007086
66.5800000,1.4350664,-0.1020829,-9.7123514,0.0008777,0.0117552,-0.0018221
66.5900000,1.3928876,-0.0167650,-9.6798337,0.0013576,0.0091399,0.0020603
66.6000000,1.5498352,0.1229456,-9.6925186,0.0012180,0.0125359,-0.0002675
66.6100000,1.4569748,-0.0108275,-9.6213718,-0.0012007,0.0065538,0.0056680
66.6200000,1.4855247,0.0288516,-9.6337879,0.0058986,0.0066643,-0.0046819
66.6300000,1.4190352,-0.0156494,-9.5973614,-0.0020284,0.0113083,0.0005372
66.6400000,1.4159303,-0.0401294,-9.6939535,0.0017512,0.0073048,0.0023601
66.6500000,1.5652097,0.0232225,-9.7058685,0.0054888,0.0087499,0.0030642
66.6600000,1.4601164,-0.0108500,-9.7790839,-0.0022565,0.0058463,0.0024399
66.6700000,1.4813069,-0.0116471,-9.6955949,-0.0004490,0.0069516,0.0028373
66.6800000,1.4444101,0.0104734,-9.6946147,-0.0029309,0.0074227,-0.0022915
66.6900000,1.5242376,0.0295253,-9.7376895,-0.0033021,0.0053236,-0.0048664
66.7000000,1.4727884,-0.0385393,-9.7492674,-0.0007484,0.0048401,0.0030643
66.7100000,1.4224825,0.0327486,-9.6740398,-0.0003767,0.0044667,-0.0038489
66.7200000,1.4778358,0.1190850,-9.6838468,0.0070672,0.0066728,-0.0018526
66.7300000,1.4807819,0.0437896,-9.6341242,-0.0069688,0.0089997,0.0052651
66.7400000,1.4572514,0.0188622,-9.6354352,-0.0006842,0.0029935,0.0030734
66.7500000,1.3782534,-0.0225305,-9.6854264,-0.0012726,0.0031278,0.0017149
66.7600000,1.4711774,-0.0343781,-9.7060838,-0.0047512,0.0066608,-0.0072645
66.7700000,1.3641343,-0.0202735,-9.7333952,-0.0001345,0.0071762,0.0041443
66.7800000,1.3964946,0.0477002,-9.6764348,-0.0007230,0.0103033,0.0042941
66.7900000,1.4035243,0.0600074,-9.5960086,0.0033545,0.0071117,0.0013865
66.8000000,1.4602468,-0.0165355,-9.6322928,0.0003856,0.0115228,-0.0015794
66.8100000,1.4465585,-0.1446823,-9.7264228,0.0026689,0.0090891,-0.0008461
66.8200000,1.4772295,0.0170433,-9.7261301,0.0020972,0.0099315,-0.0000088
66.8300000,1.4539916,-0.0948331,-9.6871700,-0.0015593,0.0061544,0.0013648
66.8400000,1.5147044,-0.0704978,-9.6621248,0.0016262,0.0065800,0.0067628
66.8500000,1.4368125,0.0157448,-9.7979902,0.0021772,0.0040240,-0.0009603
66.8600000,1.5160812,-0.0620383,-9.6721855,-0.0008520,0.0064159,-0.0004145
66.8700000,1.4787528,0.0291472,-9.6460182,0.0007641,0.0092747,0.0038310
66.8800000,1.5254273,0.0103554,-9.6761502,0.0016162,0.0152505,0.0000860
66.8900000,1.5130989,0.1163146,-9.6968401,0.0018154,0.0041142,0.0002083
66.9000000,1.4457129,-0.0681510,-9.6693030,0.0027283,0.0030336,0.0039180
66.9100000,1.4146165,-0.0207281,-9.7398927,0.0021593,0.0051235,0.0016387
66.9200000,1.5055189,-0.0352623,-9.6538807,0.0038526,0.0133846,0.0024099
66.9300000,1.5057871,0.0313598,-9.7434248,-0.0049532,0.0055558,0.0028105
66.9400000,1.5123645,-0.0287098,-9.6451593,0.0081220,0.0065591,-0.0025126
66.9500000,1.4020886,0.0387461,-9.6763309,-0.0011815,0.0103616,-0.0040203
66.9600000,1.4940805,-0.0207737,-9.7182127,-0.0004194,0.0080468,-0.0003910
66.9700000,1.4619591,0.0002034,-9.7338950,0.0009964,0.0097259,-0.0034523
66.9800000,1.4748633,-0.0018496,-9.6975606,-0.0011607,0.0111629,-0.0012988
66.9900000,1.4983791,0.0130858,-9.7194196,-0.0040969,0.0055055,-0.0062800
67.0000000,1.4201792,-0.0246341,-9.6845354,0.0014444,0.0084717,-0.0025967
67.0100000,1.4341309,0.0599013,-9.6841119,-0.0014851,0.0056606,-0.0024579
67.0200000,1.4838984,-0.0287830,-9.6768605,-0.0000691,0.0092894,-0.0025244
67.0300000,1.5178085,0.0509263,-9.6524920,0.0022679,0.0039293,0.0015390
67.0400000,1.4010975,-0.0053101,-9.7102188,-0.0018379,0.0071656,0.0010366
67.0500000,1.4427787,-0.0375642,-9.7052001,0.0003729,0.0063358,0.0043405
67.0600000,1.4989232,-0.0259564,-9.7035721,0.0078108,0.0087212,0.0021641
67.0700000,1.4777615,0.0539757,-9.7097659,-0.0011924,0.0048617,-0.0002683
67.0800000,1.4498933,-0.0808984,-9.6870366,0.0001670,0.0065318,0.0030349
67.0900000,1.5136629,-0.0179299,-9.6957977,0.0031577,0.0099091,0.0048680
67.1000000,1.5667006,0.0171698,-9.6398812,-0.0020398,0.0116481,0.0019311
67.1100000,1.3609065,-0.0349508,-9.7146810,-0.0007745,0.0056198,0.0061845
67.1200000,1.4486193,0.0053546,-9.6674904,0.0001823,0.0093104,-0.0001753
67.1300000,1.4495381,0.0428146,-9.6336704,-0.0007562,0.0036096,-0.0006451
67.1400000,1.4468146,-0.0416700,-9.6797000,0.0037351,0.0120619,-0.0003736
67.1500000,1.4936512,0.0280724,-9.6766578,0.0022795,0.0080697,-0.0017022
67.1600000,1.4345808,0.0630472,-9.5765108,-0.0014941,0.0086191,-0.0001007
67.1700000,1.4365945,0.0274753,-9.7307376,-0.0010597,0.0050147,0.0021123
67.1800000,1.4494251,-0.0122987,-9.6483835,0.0018015,0.0109925,-0.0014051
67.1900000,1.4719334,-0.0186166,-9.6157754,-0.0011068,0.0077086,-0.0057727
67.2000000,1.5018186,0.0584037,-9.5310122,0.0003331,0.0076087,0.0009429
67.2100000,1.5469130,0.0236126,-9.8055222,-0.0008244,0.0113367,-0.0025700
67.2200000,1.4349631,0.0049072,-9.6211243,-0.0015921,0.0074449,0.0020811
67.2300000,1.5786942,-0.0071075,-9.6952083,-0.0008974,0.0060750,0.0019418
67.2400000,1.4551824,-0.0275094,-9.6983524,-0.0008068,0.0097453,-0.0022473
67.2500000,1.5406231,-0.0065172,-9.6433476,-0.0061376,0.0083044,-0.0024746
67.2600000,1.4699516,-0.0119875,-9.6873360,-0.0006424,0.0155450,-0.0045284
67.2700000,1.4995612,-0.0310859,-9.6327567,-0.0017372,0.0107303,-0.0061371
67.2800000,1.5550685,0.0479234,-9.7366501,-0.0008454,0.0054312,0.0004015
67.2900000,1.4739877,-0.0293611,-9.7275163,-0.0018752,0.0136303,0.0042913
67.3000000,1.5037058,0.0090281,-9.6940855,-0.0031624,0.0035608,0.0032642
67.3100000,1.4950132,-0.0239453,-9.6844597,0.0043596,0.0072325,0.0021737
67.3200000,1.4831753,-0.0178671,-9.7439908,-0.0056047,0.0075729,0.0010892
67.3300000,1.3848692,-0.0326280,-9.7346201,0.0041318,0.0091571,-0.0024962
67.3400000,1.4952279,-0.0147620,-9.5772391,0.0031413,0.0102070,0.0010441
67.3500000,1.4561755,-0.0766478,-9.7303633,0.0023595,0.0064936,0.0024120
67.3600000,1.4559260,0.0279435,-9.6135985,-0.0009187,0.0050914,-0.0020057
67.3700000,1.5259559,0.0023739,-9.7014061,-0.0052565,0.0091129,0.0010963
67.3800000,1.4887317,-0.0362537,-9.6338656,0.0010557,0.0034189,0.0033033
67.3900000,1.5340753,-0.0147190,-9.6564377,-0.0003357,0.0075850,-0.0026163
67.4000000,1.4819295,0.0061045,-9.6239491,-0.0035197,0.0076782,0.0029638
67.4100000,1.3798734,0.0382245,-9.7125687,-0.0010686,0.0039904,-0.0019286
67.4200000,1.5066617,0.0170602,-9.6884285,-0.0014688,0.0086395,-0.0016680
67.4300000,1.4945786,0.0450565,-9.6384896,0.0035144,0.0054163,-0.0018793
67.4400000,1.4676216,0.0274500,-9.6977139,0.0003781,0.0079998,-0.0028176
67.4500000,1.5273200,-0.0797126,-9.6753242,-0.0020499,0.0083674,-0.0029421
67.4600000,1.4620225,0.0459284,-9.6108703,-0.0007655,0.0068408,-0.0006633
67.4700000,1.5087022,-0.0810667,-9.7408062,-0.0024563,0.0069765,0.0008230
67.4800000,1.4595580,0.0320411,-9.7078272,-0.0022803,0.0080790,0.0053074
67.4900000,1.4909797,0.0145011,-9.6893810,0.0004386,0.0130893,0.0001388
67.5000000,1.4861339,-0.0693145,-9.7242798,0.0028124,0.0033301,-0.0006469
67.5100000,1.5012947,0.0508559,-9.6454881,-0.0032168,0.0104581,-0.0000223
67.5200000,1.4982636,0.0233887,-9.6779401,-0.0009998,0.0071488,-0.0022651
67.5300000,1.4833771,0.0184404,-9.6813207,0.0037505,0.0095004,0.0000938
67.5400000,1.4723522,0.0816741,-9.6468213,0.0011411,0.0103663,0.0030963
67.5500000,1.4506142,0.0580096,-9.6704874,0.0020420,0.0112020,-0.0062703
67.5600000,1.4642596,-0.0164209,-9.7488415,0.0014709,0.0095769,-0.0025836
67.5700000,1.4940628,0.1045157,-9.7258252,-0.0035202,0.0057571,-0.0010229
67.5800000,1.4788429,0.0109472,-9.7381277,-0.0011207,0.0070962,-0.0025726
67.5900000,1.4352899,-0.0034339,-9.5867109,-0.0044534,0.0100218,0.0005656
67.6000000,1.5193503,-0.0491495,-9.5277550,0.0032382,0.0081346,0.0019396
67.6100000,1.4751993,0.0038500,-9.6296697,-0.0019770,0.0026596,0.0015156
67.6200000,1.5566129,-0.0356558,-9.6566866,-0.0040309,0.0089550,-0.0039187
67.6300000,1.4496407,0.0065717,-9.5783580,-0.0034837,0.0088824,-0.0012949
67.6400000,1.5159669,-0.0482915,-9.6410814,-0.0032998,0.0149592,0.0003249
67.6500000,1.4860913,-0.0272436,-9.7173808,0.0040712,0.0135671,0.0004539
67.6600000,1.4349889,-0.0192479,-9.6846126,-0.0023007,0.0073660,0.0012558
67.6700000,1.4772594,-0.1984382,-9.6446259,0.0005111,0.0062021,0.0038693
67.6800000,1.5346686,0.0347726,-9.6090264,0.0018988,0.0101796,0.0051547
67.6900000,1.4572859,0.0034194,-9.6362152,0.0033600,0.0050853,0.0033431
67.7000000,1.3367634,0.0533292,-9.6389956,-0.0008247,0.0075997,-0.0019712
67.7100000,1.4985261,-0.0583305,-9.7733076,-0.0009549,0.0115419,-0.0015736
67.7200000,1.4485918,-0.0068547,-9.7306230,0.0003683,0.0086919,-0.0070021
67.7300000,1.4301598,0.0626317,-9.6285782,-0.0021421,0.0109352,-0.0020076
67.7400000,1.4435839,0.0242991,-9.6700374,0.0017885,0.0067181,-0.0011028
67.7500000,1.5078939,-0.0181333,-9.7880998,-0.0026874,0.0063750,-0.0041940
67.7600000,1.4489650,0.0654623,-9.7191342,0.0009593,0.0111262,-0.0000954
67.7700000,1.4248352,0.0359990,-9.6118902,0.0020662,0.0050417,0.0020570
67.7800000,1.4863289,0.0678773,-9.7244941,-0.0042051,0.0108786,0.0001258
67.7900000,1.5295001,-0.0054738,-9.7543485,0.0026771,0.0082220,0.0017918
67.8000000,1.4887135,-0.0352050,-9.7297613,0.0042676,0.0074513,0.0002730
67.8100000,1.4158626,0.0252614,-9.7061831,-0.0015312,0.0118568,0.0010162
67.8200000,1.4149785,0.0241704,-9.6814480,0.0019624,0.0070009,0.0043924
67.8300000,1.5196179,0.0209685,-9.7160206,0.0015230,0.0068851,-0.0035416
67.8400000,1.4882979,-0.0466154,-9.6683121,-0.0004216,0.0073644,0.0001964
67.8500000,1.4344583,-0.0547676,-9.6617784,0.0004168,0.0085639,0.0038358
67.8600000,1.3747608,0.0157887,-9.6660299,-0.0047895,0.0082783,-0.0021581
67.8700000,1.5653026,0.0574654,-9.6784027,0.0022309,0.0041837,-0.0003626
67.8800000,1.4536691,0.0532703,-9.7505246,0.0026247,0.0076811,0.0028394
67.8900000,1.5144554,0.0215079,-9.6169960,-0.0025521,0.0098204,0.0004883
67.9000000,1.4642527,0.0121737,-9.6879489,0.0012867,0.0066858,0.0011304
67.9100000,1.4449775,0.0746792,-9.6961111,0.0036307,0.0096275,-0.0027903
67.9200000,1.4767657,-0.0467470,-9.6307015,-0.0009841,0.0002702,-0.0016322
67.9300000,1.4676271,0.0080587,-9.7493284,0.0032034,0.0098087,-0.0008692
67.9400000,1.4800694,-0.1263905,-9.7406195,-0.0096335,0.0080503,0.0013067
67.9500000,1.4765180,-0.0027834,-9.6720350,-0.0010362,0.0079069,-0.0029496
67.9600000,1.5130855,0.0170257,-9.6107460,-0.0017804,0.0122818,0.0014440
67.9700000,1.5202164,-0.0145065,-9.6735480,-0.0008682,0.0087981,-0.0011117
67.9800000,1.5065753,0.0092727,-9.6533072,-0.0013744,0.0040583,-0.0071313
67.9900000,1.5015037,-0.0248588,-9.5924116,-0.0014733,0.0134643,0.0028740
68.0000000,1.5509154,-0.0336118,-9.6079930,0.0013745,0.0075236,-0.0017118
68.0100000,1.4781153,0.0320352,-9.7574811,0.0037504,0.0099317,0.0010829
68.0200000,1.4079830,0.0290802,-9.6990446,-0.0005208,0.0040925,-0.0000848
68.0300000,1.5202444,-0.0599663,-9.7619252,0.0000012,0.0108759,-0.0037783
68.0400000,1.5062098,-0.0164728,-9.7189211,-0.0013532,0.0047020,0.0002729
68.0500000,1.4860728,0.0043717,-9.6571330,0.0020135,0.0108426,-0.0030726
68.0600000,1.4778591,-0.0499445,-9.7545513,-0.0016136,0.0104306,0.0007534
68.0700000,1.4598673,0.0006183,-9.5845089,-0.0006644,0.0078114,-0.0005840
68.0800000,1.5538869,0.0323760,-9.6750901,0.0048469,0.0057984,0.0027630
68.0900000,1.5422026,0.0257494,-9.6343909,-0.0011737,0.0080725,-0.0040526
68.1000000,1.6212284,-0.0035049,-9.6300041,-0.0025312,0.0004061,-0.0012835
68.1100000,1.4612166,0.0376889,-9.7648716,-0.0003771,0.0070591,-0.0022340
68.1200000,1.5256030,-0.0880081,-9.6533441,0.0020081,0.0069425,-0.0069919
68.1300000,1.4273192,0.0002356,-9.6217649,-0.0016394,0.0017079,0.0028889
68.1400000,1.4095982,0.0344074,-9.6232209,-0.0040411,0.0104895,-0.0016479
68.1500000,1.4466184,-0.0048638,-9.7716415,0.0003566,0.0085844,0.0013797
68.1600000,1.5144657,-0.0148912,-9.7526263,-0.0025264,0.0100894,0.0039307
68.1700000,1.4522978,0.0774907,-9.5696522,0.0006860,0.0098502,-0.0028467
68.1800000,1.5079021,-0.0758819,-9.7095851,-0.0040059,0.0031597,-0.0015911
68.1900000,1.4619812,-0.0676985,-9.6348954,0.0054406,0.0083780,0.0089893
68.2000000,1.4257893,0.0001467,-9.6695959,0.0030410,0.0097226,0.0005186
68.2100000,1.3842320,-0.0238094,-9.5888378,0.0024205,0.0073047,-0.0013266
68.2200000,1.4836493,-0.1015016,-9.7185751,-0.0011256,0.0067194,0.0011050
68.2300000,1.5034636,-0.0678407,-9.6829193,0.0025202,0.0037812,0.0008049
68.2400000,1.5488684,-0.0141241,-9.7111924,-0.0027275,0.0108432,-0.0020663
68.2500000,1.4989633,-0.0330787,-9.6941362,0.0015909,0.0102714,-0.0013578
68.2600000,1.4181396,-0.0207075,-9.7288292,-0.0055876,0.0104551,-0.0014967
68.2700000,1.3797153,0.0598731,-9.6838523,0.0000269,0.0079676,-0.0013387
68.2800000,1.4277125,0.0648379,-9.6450818,0.0014407,0.0146231,0.0006356
68.2900000,1.5850960,-0.0153567,-9.6885435,0.0029364,0.0097535,0.0002199
68.3000000,1.5209661,-0.0045842,-9.6594323,-0.0007983,0.0072304,0.0033951
68.3100000,1.3934299,-0.0011141,-9.5493264,-0.0016071,0.0062188,-0.0005336
68.3200000,1.5047142,0.0276665,-9.6673529,0.0034965,0.0064361,0.0025809
68.3300000,1.4429926,-0.0206375,-9.6840614,0.0033607,0.0071812,-0.0027037
68.3400000,1.5250396,0.0523289,-9.7591979,-0.0012379,0.0116773,0.0007629
68.3500000,1.5484181,0.0761125,-9.6351020,-0.0033175,0.0061671,-0.0014698
68.3600000,1.4192424,-0.0153458,-9.6559158,-0.0008497,0.0091170,0.0024399
68.3700000,1.5318165,0.0577479,-9.6870984,-0.0027694,0.0141043,-0.0037906
68.3800000,1.5374572,-0.0424457,-9.7218187,0.0022836,0.0036331,0.0001423
68.3900000,1.3134568,-0.0494467,-9.6777920,0.0023230,0.0042955,-0.0008044
68.4000000,1.4997184,0.0262128,-9.6347121,0.0042082,0.0090804,-0.0038116
68.4100000,1.4642718,-0.0385364,-9.6908363,-0.0001969,0.0091941,0.0043882
68.4200000,1.3688647,-0.0157132,-9.6825659,-0.0005259,0.0083146,-0.0038376
68.4300000,1.5329287,0.0581423,-9.6252837,-0.0046047,0.0053743,0.0046156
68.4400000,1.4714541,0.0258685,-9.6328471,-0.0036763,0.0030290,0.0032368
68.4500000,1.5241211,0.0369652,-9.7095265,0.0031373,0.0032240,-0.0032444
68.4600000,1.5295333,-0.0346970,-9.6696163,-0.0012492,0.0159005,0.0008526
68.4700000,1.4710912,-0.0321961,-9.6724788,-0.0009309,0.0102821,0.0011413
68.4800000,1.4767444,-0.0199255,-9.6105757,-0.0047321,0.0130728,0.0017393
68.4900000,1.4536974,-0.0550893,-9.6869318,-0.0006718,0.0027479,-0.0049293
68.5000000,1.5209504,0.0315084,-9.6214023,0.0000322,0.0077102,0.0005596
68.5100000,1.4702681,0.0289428,-9.6364151,-0.0033259,0.0069037,-0.0007424
68.5200000,1.4784310,-0.0404055,-9.6561699,0.0009668,0.0081114,-0.0039068
68.5300000,1.4615088,0.0218749,-9.6884839,-0.0050885,0.0084663,0.0014437
68.5400000,1.4535844,-0.0470944,-9.6282380,0.0007783,0.0064144,0.0048327
68.5500000,1.4812143,0.0499148,-9.6501521,-0.0013635,0.0100441,0.0021743
68.5600000,1.4655727,-0.0382056,-9.7725654,0.0035282,0.0124806,0.0035524
68.5700000,1.4914512,0.0272588,-9.6206284,-0.0024757,0.0177635,-0.0028110
68.5800000,1.4771086,-0.0217946,-9.7158540,0.0048586,0.0106574,0.0019958
68.5900000,1.4756284,0.0648993,-9.8172959,-0.0022426,0.0056749,0.0002101
68.6000000,1.4391642,-0.0444710,-9.6848673,-0.0017471,0.0021261,0.0028266
68.6100000,1.5456516,0.0034539,-9.7285643,0.0041323,0.0053383,-0.0057635
68.6200000,1.5663783,-0.0517047,-9.6517110,0.0026401,0.0048230,0.0074838
68.6300000,1.4813936,0.0279463,-9.6825898,0.0034185,0.0098855,-0.0002900
68.6400000,1.5282870,-0.0201050,-9.6678162,-0.0002425,0.0061631,-0.0002843
68.6500000,1.4510046,-0.0474661,-9.7074807,-0.0099175,0.0080963,0.0013308
68.6600000,1.4291920,0.0483550,-9.7420254,-0.0019536,0.0063237,0.0021421
68.6700000,1.4896063,-0.0345438,-9.6410539,-0.0057133,0.0072061,0.0066438
68.6800000,1.4866153,-0.0352973,-9.6986217,-0.0027588,0.0026552,0.0037966
68.6900000,1.4414169,-0.1166470,-9.7040402,-0.0050169,0.0136098,0.0013042
68.7000000,1.4256329,0.0728919,-9.7304128,-0.0034114,0.0040303,0.0019881
68.7100000,1.4604463,0.0573604,-9.6838844,0.0029004,0.0094256,-0.0040225
68.7200000,1.5001071,0.0224773,-9.6725293,-0.0011162,0.0105010,-0.0023769
68.7300000,1.3987495,-0.0173231,-9.6949777,-0.0040675,0.0108816,0.0028230
68.7400000,1.4700671,-0.0217522,-9.6557863,0.0001836,0.0061503,0.0036867
68.7500000,1.4736131,0.0016685,-9.6502505,0.0015030,0.0095378,0.0044729
68.7600000,1.5405886,-0.1300651,-9.6668695,0.0057581,0.0044911,0.0029992
68.7700000,1.4812998,-0.0263965,-9.5852299,-0.0005252,0.0057132,-0.0024151
68.7800000,1.4581354,-0.0390390,-9.6875282,0.0043070,0.0099118,0.0001890
68.7900000,1.4489178,-0.0832809,-9.6562003,0.0011242,0.0136196,0.0038257
68.8000000,1.4574263,-0.0114721,-9.6566572,-0.0017219,0.0080394,-0.0018362
68.8100000,1.4711372,0.0087684,-9.7011604,0.0044397,0.0080507,-0.0043223
68.8200000,1.5128862,-0.0947790,-9.7191452,-0.0003282,0.0096947,0.0029763
68.8300000,1.4101332,-0.0229238,-9.7653037,0.0007642,0.0115442,0.0029103
68.8400000,1.4680251,-0.0090750,-9.6895585,0.0022687,0.0034806,-0.0017732
68.8500000,1.3925898,0.0119900,-9.6978645,-0.0058332,0.0032088,0.0040156
68.8600000,1.5557030,0.0750867,-9.7323667,-0.0007536,0.0017113,-0.0001644
68.8700000,1.4261311,0.0714032,-9.6553402,0.0008624,0.0077410,-0.0024183
68.8800000,1.4842490,0.0394113,-9.6384000,-0.0007405,0.0088466,-0.0044357
68.8900000,1.5126786,-0.0308179,-9.7144726,0.0048651,0.0052501,-0.0024632
68.9000000,1.5272625,0.0475021,-9.6397958,-0.0019038,0.0097263,-0.0053475
68.9100000,1.4320331,0.0334757,-9.7477430,0.0031709,0.0063919,-0.0015154
68.9200000,1.4462382,-0.0339051,-9.7650637,-0.0034220,0.0100767,0.0012975
68.9300000,1.5290592,0.0099622,-9.5881069,0.0052361,0.0141626,-0.0047018
68.9400000,1.5086987,0.0096350,-9.6899723,-0.0038140,0.0072979,-0.0000043
68.9500000,1.4493607,0.0789137,-9.6580990,0.0008634,0.0049721,-0.0015925
68.9600000,1.4853738,-0.0437379,-9.6710821,0.0011357,0.0093467,0.0008314
68.9700000,1.4636656,-0.0034967,-9.6299091,0.0019820,0.0136403,0.0015339
68.9800000,1.4724799,-0.1034365,-9.6785913,-0.0002864,0.0154380,0.0014663
68.9900000,1.4357242,-0.0598113,-9.6519313,0.0029836,0.0083031,0.0026443
69.0000000,1.4490399,0.0040330,-9.7430907,0.0015493,0.0069358,-0.0029063
69.0100000,1.4303236,-0.0274927,-9.7115407,-0.0019539,0.0109637,0.0015680
69.0200000,1.4915872,-0.0685297,-9.7110813,-0.0030996,0.0066661,0.0000457
69.0300000,1.4126254,0.0590083,-9.6375269,0.0042741,0.0118938,0.0046521
69.0400000,1.4992188,-0.0217804,-9.5918531,-0.0033062,0.0095443,0.0010931
69.0500000,1.4221775,0.0789001,-9.6494281,0.0064370,0.0138365,0.0018503
69.0600000,1.3970849,-0.0482514,-9.7432322,-0.0006046,0.0124379,0.0072348
69.0700000,1.4871901,0.0199036,-9.5696454,0.0031784,0.0116563,-0.0026368
69.0800000,1.3995226,-0.0226640,-9.6680284,0.0005586,0.0114246,-0.0011488
69.0900000,1.5816042,-0.0240442,-9.5714220,-0.0020171,0.0095759,0.0029836
69.1000000,1.5557965,-0.0072425,-9.6859188,0.0004010,0.0093121,-0.0024619
69.1100000,1.4679626,-0.0161365,-9.6435016,-0.0037572,0.0066290,0.0026775
69.1200000,1.4122728,0.0414310,-9.5334227,0.0050704,0.0055093,-0.0065794
69.1300000,1.5202866,0.0683019,-9.5576797,-0.0072405,0.0102649,0.0000082
69.1400000,1.4248486,0.0437965,-9.6253415,-0.0003005,0.0049436,-0.0008272
69.1500000,1.5051325,-0.0918573,-9.6645329,0.0005153,0.0069957,0.0016147
69.1600000,1.4845404,0.0128080,-9.6329060,-0.0032728,0.0097330,-0.0004137
69.1700000,1.3971281,0.0646165,-9.7644293,-0.0002512,0.0117348,0.0002084
69.1800000,1.4960156,-0.0048877,-9.7100798,0.0036723,0.0065277,0.0009391
69.1900000,1.4661753,0.0898540,-9.6963029,-0.0008824,0.0108867,-0.0041911
69.2000000,1.5300251,-0.0530846,-9.7767967,-0.0030406,0.0098281,-0.0046835
69.2100000,1.4246515,0.0199946,-9.6995194,-0.0049054,0.0107643,0.0002115
69.2200000,1.4067605,-0.0464227,-9.6844302,0.0000759,0.0059652,0.0043322
69.2300000,1.4519600,0.0211482,-9.6883127,0.0017651,0.0108475,0.0006130
69.2400000,1.4092120,0.0314506,-9.7155812,-0.0001998,0.0100225,-0.0019420
69.2500000,1.5038626,-0.0148926,-9.7940153,0.0010088,0.0031356,0.0007379
69.2600000,1.4061652,0.0779372,-9.6858316,0.0033846,0.0019054,-0.0000336
69.2700000,1.5705301,-0.0117135,-9.7281250,-0.0044000,0.0085956,-0.0005675
69.2800000,1.3937168,0.0621054,-9.6694211,-0.0038293,0.0079387,-0.0035308
69.2900000,1.4690724,0.0867191,-9.7135012,-0.0000976,0.0035590,0.0036772
69.3000000,1.3964881,-0.0353372,-9.6095858,-0.0004012,0.0112233,-0.0027045
69.3100000,1.5434933,-0.0667070,-9.5928304,-0.0037183,0.0013121,-0.0002846
69.3200000,1.4328232,0.0035256,-9.5631131,-0.0008256,0.0136003,0.0023013
69.3300000,1.3989075,-0.0421822,-9.6847692,-0.0001798,0.0115916,-0.0010696
69.3400000,1.4983465,-0.0118126,-9.6908351,-0.0013186,0.0047648,0.0005982
69.3500000,1.4478943,0.0455751,-9.6488986,-0.0021757,0.0057826,-0.0026090
69.3600000,1.4760336,-0.0019096,-9.7738153,0.0011128,0.0102055,0.0002702
69.3700000,1.5000372,0.0320149,-9.6070523,0.0011697,0.0045793,-0.0031835
69.3800000,1.4650072,0.0711831,-9.6918844,-0.0006600,0.0042732,0.0002614
69.3900000,1.4210643,-0.0173525,-9.7420217,-0.0015966,0.0094566,0.0028430
69.4000000,1.4560457,0.0180893,-9.7157642,-0.0007349,0.0120971,-0.0006333
69.4100000,1.4643535,0.0256425,-9.7640473,-0.0013501,0.0091515,-0.0026489
69.4200000,1.5080690,-0.0427848,-9.7115208,0.0005567,0.0127873,-0.0028629
69.4300000,1.4007130,0.0840588,-9.6765036,0.0002143,0.0104297,0.0003794
69.4400000,1.5020014,-0.0099739,-9.6396814,0.0012240,0.0077021,-0.0057711
69.4500000,1.4722330,0.0144071,-9.6373003,0.0012071,0.0122931,0.0070585
69.4600000,1.5029070,0.0561299,-9.6127756,0.0032164,0.0116342,-0.0019255
69.4700000,1.4810603,-0.0167011,-9.6519150,-0.0033510,0.0028309,0.0013804
69.4800000,1.5479157,-0.0802867,-9.6829572,0.0007578,0.0055634,-0.0063329
69.4900000,1.4416352,0.1151957,-9.6746109,-0.0007489,0.0057515,0.0051857
69.5000000,1.4974010,-0.0360706,-9.5847351,0.0015288,0.0045177,-0.0031444
69.5100000,1.4095354,-0.0240164,-9.7365588,-0.0000355,0.0080718,0.0013936
69.5200000,1.5682241,0.0232975,-9.5839084,-0.0010100,0.0096279,0.0010862
69.5300000,1.5299454,-0.0121693,-9.7547008,-0.0045807,0.0095972,0.0028271
69.5400000,1.4441392,0.0241796,-9.6130022,0.0016243,0.0073609,-0.0004095
69.5500000,1.4129563,0.0347432,-9.6547306,0.0002900,0.0096777,-0.0025862
69.5600000,1.4605479,-0.0272133,-9.7327154,0.0030239,0.0105357,0.0029558
69.5700000,1.4650760,-0.0074667,-9.7022200,-0.0022096,0.0050523,0.0003679
69.5800000,1.4728293,-0.0050447,-9.6628575,0.0019573,0.0045940,0.0002865
69.5900000,1.5358423,0.0275192,-9.6037734,-0.0009303,0.0002234,0.0013465
69.6000000,1.4991585,-0.0147197,-9.6899097,0.0036398,0.0078995,-0.0006835
69.6100000,1.3673605,0.0149062,-9.7471033,0.0028046,0.0075874,-0.0020970
69.6200000,1.4434249,0.0207633,-9.6310824,0.0006836,0.0044919,0.0026328
69.6300000,1.4165921,0.0199345,-9.6446469,0.0027944,0.0067559,0.0040535
69.6400000,1.4355789,-0.0511319,-9.6366490,-0.0008471,0.0061630,0.0031184
69.6500000,1.4062366,0.0353159,-9.6178961,0.0024345,0.0045052,0.0022209
69.6600000,1.4861055,-0.0458807,-9.6354798,0.0042008,0.0079243,0.0024110
69.6700000,1.4109437,0.0076248,-9.6968717,0.0016589,0.0105597,-0.0065524
69.6800000,1.3936791,-0.0282747,-9.6650349,0.0016944,0.0070166,0.0018601
69.6900000,1.5365137,0.0700139,-9.6404900,-0.0011351,0.0038519,0.0032347
69.7000000,1.5221842,0.0052389,-9.7049791,0.0039800,0.0077177,-0.0039409
69.7100000,1.3879529,-0.0309584,-9.6149484,0.0011022,0.0016076,-0.0058547
69.7200000,1.4580347,0.0849398,-9.6758952,0.0012851,0.0082738,0.0012743
69.7300000,1.4698372,0.0726398,-9.7456719,-0.0061745,0.0074176,0.0003827
69.7400000,1.5468885,0.0080765,-9.7701740,0.0015580,0.0128915,0.0008223
69.7500000,1.4096981,0.1108581,-9.6804549,0.0027695,0.0091952,0.0022382
69.7600000,1.5113208,-0.0157426,-9.7429700,0.0001108,0.0081446,-0.0000305
69.7700000,1.3258277,-0.0743658,-9.6450487,-0.0051287,0.0089189,0.0006831
69.7800000,1.4954049,0.0086502,-9.7043443,0.0009190,0.0037347,0.0037018
69.7900000,1.4420217,-0.0282390,-9.6284855,0.0032533,0.0035321,0.0018316
69.8000000,1.4898953,-0.0615650,-9.7271481,0.0023937,0.0076599,0.0018542
69.8100000,1.4809695,-0.0791367,-9.7415566,-0.0023152,0.0070866,0.0004777
69.8200000,1.4632736,-0.0035741,-9.6627491,-0.0009209,0.0041326,0.0006129
69.8300000,1.3996741,0.0338582,-9.6365236,0.0019609,0.0099454,0.0015812
69.8400000,1.4436933,0.0063743,-9.6841632,0.0010783,0.0056324,-0.0014179
69.8500000,1.4329860,-0.0143945,-9.7144672,0.0013122,0.0102485,0.0052334
69.8600000,1.4430936,-0.0447437,-9.6204399,-0.0080414,0.0088889,0.0000872
69.8700000,1.4869716,-0.0232802,-9.5788703,-0.0023475,0.0085036,0.0026319
69.8800000,1.4309018,0.0855701,-9.6669150,0.0002210,0.0118215,-0.0018695
69.8900000,1.4293802,0.0382029,-9.6930076,-0.0010358,0.0094164,0.0053383
69.9000000,1.5016358,0.0293891,-9.7042370,-0.0050932,0.0094088,-0.0019059
69.9100000,1.4315340,0.0612646,-9.7008288,-0.0011999,0.0043357,0.0004802
69.9200000,1.4406794,0.0755102,-9.7802223,0.0009851,0.0127988,0.0013626
69.9300000,1.4685411,-0.0009624,-9.5882423,0.0025348,0.0122310,-0.0015897
69.9400000,1.4774714,-0.1189507,-9.7498498,0.0002658,0.0103531,0.0011653
69.9500000,1.4904895,0.0243620,-9.6430947,0.0054087,0.0108184,-0.0029191
69.9600000,1.4220176,0.0064060,-9.7206947,-0.0044165,0.0067459,-0.0017105
69.9700000,1.4854424,-0.0179369,-9.6390423,0.0003602,0.0107520,-0.0027610
69.9800000,1.4788266,-0.0808721,-9.6710547,-0.0019783,0.0060502,0.0027287
69.9900000,1.5150115,0.0404131,-9.6648261,0.0023294,0.0065980,-0.0003456
70.0000000,1.4124911,0.0329506,-9.6911039,0.0054788,0.0068119,0.0016935
70.0100000,1.4821699,0.0173353,-9.7479297,0.0007035,0.0082704,-0.0026119
70.0200000,1.4785648,0.0072845,-9.7247313,-0.0000992,0.0114136,-0.0035409
70.0300000,1.4491732,0.0157020,-9.6954519,-0.0026767,0.0065977,0.0010628
70.0400000,1.5540413,-0.0243829,-9.7301890,-0.0021987,0.0070177,-0.0018737
70.0500000,1.4101361,0.0764450,-9.7196025,0.0069671,0.0051074,-0.0025265
70.0600000,1.4959833,-0.0217313,-9.7162131,-0.0042898,0.0126072,-0.0016986
70.0700000,1.4501310,0.0015634,-9.7760621,0.0041697,0.0115560,0.0027861
70.0800000,1.4635135,0.0002975,-9.6637218,0.0000052,0.0123069,0.0016511
70.0900000,1.5371882,-0.0564124,-9.6680881,0.0015581,0.0097247,0.0029271
70.1000000,1.4680857,0.0156799,-9.6088377,0.0059632,0.0104506,-0.0042607
70.1100000,1.4484246,-0.0478033,-9.7271314,-0.0017663,0.0065059,-0.0017830
70.1200000,1.5255486,-0.0506201,-9.7287221,-0.0037586,0.0089598,0.0046594
70.1300000,1.4103362,0.0151135,-9.6880606,0.0015991,0.0039136,-0.0016769
70.1400000,1.4831959,0.0661890,-9.6216104,-0.0005071,0.0133429,-0.0005894
70.1500000,1.3966625,-0.0117514,-9.6376010,-0.0037515,0.0072230,0.0000497
70.1600000,1.4835351,0.0172804,-9.6135910,-0.0020588,0.0127553,0.0025001
70.1700000,1.4427191,0.0382246,-9.6601904,-0.0021828,0.0113786,0.0025061
70.1800000,1.4390440,-0.0169163,-9.6377844,0.0073365,0.0102459,-0.0071417
70.1900000,1.4747004,0.0045478,-9.6700251,-0.0031508,0.0090799,0.0045878
70.2000000,1.3960382,0.0167569,-9.6232178,-0.0019688,0.0131989,0.0008632
70.2100000,1.4681902,-0.1036509,-9.6772418,0.0050781,0.0076845,-0.0009073
70.2200000,1.4565910,-0.0340585,-9.6092193,-0.0033037,0.0066748,0.0045514
70.2300000,1.4653492,-0.0716887,-9.6655459,-0.0023171,0.0117377,-0.0032838
70.2400000,1.4413147,-0.0369584,-9.5926242,0.0028338,0.0123391,-0.0015953
70.2500000,1.4738526,-0.0323583,-9.5847284,-0.0015141,0.0024438,0.0019043
70.2600000,1.5027923,-0.0509545,-9.6097187,0.0047874,0.0022259,-0.0046281
70.2700000,1.4494454,0.0688985,-9.5853824,-0.0016379,0.0132705,0.0041343
70.2800000,1.4476056,-0.0139530,-9.7080175,-0.0005520,0.0097713,0.0011701
70.2900000,1.4261085,0.0180588,-9.7420406,0.0029285,0.0008131,0.0004893
70.3000000,1.5248826,-0.0438867,-9.5991237,0.0025371,0.0120606,0.0039823
70.3100000,1.4999933,0.0029711,-9.6363158,0.0011888,0.0097826,-0.0022791
70.3200000,1.4576384,0.0016655,-9.6656024,-0.0039523,0.0065305,0.0047672
70.3300000,1.4335972,-0.0510511,-9.6737859,0.0021540,0.0066116,-0.0009211
70.3400000,1.4433230,0.0276427,-9.6231880,0.0010431,0.0039738,0.0007298
70.3500000,1.4504805,0.0071932,-9.7045469,-0.0043773,0.0112402,-0.0011253
70.3600000,1.4858240,-0.0300544,-9.7147983,0.0031718,0.0068435,0.0073350
70.3700000,1.3931058,0.0219009,-9.6115450,-0.0032678,0.0098804,-0.0000762
70.3800000,1.4234103,-0.0210290,-9.7056080,0.0021977,0.0064680,0.0045002
70.3900000,1.3906866,0.0564257,-9.6969087,-0.0004674,0.0053987,-0.0032740
70.4000000,1.5064946,0.0374754,-9.6942928,0.0000908,0.0051198,-0.0012017
70.4100000,1.4550020,0.0133591,-9.6702332,-0.0001534,0.0106069,-0.0035721
70.4200000,1.4904902,0.0301349,-9.5912196,0.0017062,0.0043524,0.0068755
70.4300000,1.4763822,-0.0047573,-9.5679557,0.0048944,0.0084530,-0.0046406
70.4400000,1.4383397,0.0420149,-9.7207709,0.0008066,0.0062729,0.0008879
70.4500000,1.5337302,-0.0311848,-9.6658233,0.0035263,0.0135533,0.0040261
70.4600000,1.4385893,0.0141018,-9.6512851,0.0005091,0.0087349,0.0089511
70.4700000,1.5270090,0.0341671,-9.6947996,0.0067565,0.0037224,-0.0027322
70.4800000,1.4478545,0.0068690,-9.6532367,0.0027115,0.0027539,-0.0061658
70.4900000,1.4705408,-0.0439183,-9.6515833,0.0009914,0.0095223,-0.0009354
70.5000000,1.5352854,0.0433477,-9.6975423,0.0010880,0.0046339,-0.0050619
70.5100000,1.5176349,-0.0290092,-9.7142422,-0.0036484,0.0085091,-0.0034552
70.5200000,1.4315645,-0.0127922,-9.6222862,-0.0006097,0.0048497,-0.0010224
70.5300000,1.4767132,0.0075716,-9.6885317,-0.0004050,0.0098313,-0.0027131
70.5400000,1.5638213,-0.0002190,-9.7902301,0.0066806,0.0039022,-0.0019228
70.5500000,1.3981846,-0.0247229,-9.7351392,-0.0010879,0.0108759,0.0037758
70.5600000,1.5089127,-0.0885055,-9.6619716,-0.0050720,0.0107914,-0.0007803
70.5700000,1.5514187,-0.0509658,-9.6782351,0.0072559,0.0053062,-0.0030120
70.5800000,1.4418165,-0.0811989,-9.6313502,0.0005794,0.0059316,-0.0072586
70.5900000,1.3594751,0.1015608,-9.7031981,-0.0021444,0.0091316,-0.0001539
70.6000000,1.5509510,0.0227308,-9.7452961,-0.0023732,0.0051967,-0.0035148
70.6100000,1.3766225,0.0415146,-9.5968857,-0.0048709,0.0064358,-0.0002910
70.6200000,1.4286953,-0.0007960,-9.6752659,-0.0089709,0.0042728,0.0015353
70.6300000,1.4410330,0.0460817,-9.6282188,-0.0046550,0.0054356,-0.0029340
70.6400000,1.4834436,-0.0086633,-9.5850618,-0.0010108,0.0088294,0.0042148
70.6500000,1.4924202,0.1112907,-9.6410558,-0.0030177,0.0078018,-0.0009900
70.6600000,1.3788687,0.0306069,-9.7157790,-0.0033506,0.0049053,0.0005929
70.6700000,1.4609176,-0.0157682,-9.7008306,0.0000938,0.0081326,0.0009038
70.6800000,1.4051558,0.0043257,-9.7122731,0.0034964,0.0129809,0.0061177
70.6900000,1.4397025,-0.0369300,-9.6175862,0.0028570,0.0124346,-0.0013729
70.7000000,1.4495305,-0.0019173,-9.6683669,0.0006645,0.0042147,-0.0041532
70.7100000,1.3712734,0.0246803,-9.7085808,-0.0011185,0.0078000,0.0046958
70.7200000,1.4192699,0.0432523,-9.6200425,-0.0016690,0.0123173,-0.0086393
70.7300000,1.5713209,-0.0260447,-9.6774513,0.0006002,0.0053440,0.0009710
70.7400000,1.4160053,-0.0851894,-9.5946347,0.0012804,0.0072143,0.0022872
70.7500000,1.3847283,-0.0149638,-9.7594175,0.0027352,0.0099522,0.0047798
70.7600000,1.4575630,0.0999145,-9.7165715,-0.0035896,0.0086411,-0.0002479
70.7700000,1.4252176,-0.0327939,-9.6627573,-0.0045252,0.0066114,0.0009971
70.7800000,1.4770295,0.0350863,-9.7464152,-0.0007900,0.0111486,0.0014153
70.7900000,1.5857195,0.0037028,-9.6521224,-0.0023408,0.0129844,-0.0018607
70.8000000,1.4702502,0.0082264,-9.6276153,-0.0021510,0.0065710,0.0021027
70.8100000,1.5127602,-0.0082490,-9.7317992,0.0004477,0.0081922,0.0028468
70.8200000,1.5120737,-0.0003209,-9.6210867,-0.0000447,0.0110782,0.0018719
70.8300000,1.4175488,-0.0240419,-9.5881089,-0.0003134,0.0080401,-0.0068149
70.8400000,1.4322395,0.0940745,-9.6877403,-0.0019936,0.0049244,0.0020455
70.8500000,1.4529033,-0.0240223,-9.7890887,-0.0005954,0.0048014,-0.0034976
70.8600000,1.4480738,0.0035733,-9.6572656,-0.0029205,0.0062014,-0.0072127
70.8700000,1.4950051,-0.0154431,-9.7677590,0.0066518,0.0067330,0.0038550
70.8800000,1.3757150,-0.0076899,-9.5835755,-0.0026338,0.0081970,0.0036583
70.8900000,1.3981576,0.0915571,-9.7318831,-0.0031485,0.0070930,0.0022908
70.9000000,1.4568018,-0.0402942,-9.7209601,0.0013725,0.0067660,0.0020095
70.9100000,1.3981911,0.0494292,-9.7231367,-0.0011864,0.0074071,-0.0044299
70.9200000,1.4337913,0.0645591,-9.7256404,0.0013982,0.0044998,0.0014310
70.9300000,1.5007855,-0.0052135,-9.7035000,0.0009109,0.0071234,0.0012297
70.9400000,1.5103610,0.0109383,-9.7877635,-0.0027445,0.0075605,0.0020712
70.9500000,1.5016959,0.0168896,-9.6379728,0.0002775,0.0065882,-0.0014879
70.9600000,1.3834182,0.0289688,-9.7163802,-0.0002906,0.0093135,0.0028826
70.9700000,1.4704818,0.0905298,-9.6469218,0.0021507,0.0106245,-0.0071535
70.9800000,1.5517869,-0.0926528,-9.7056386,-0.0007357,0.0127706,-0.0029290
70.9900000,1.5644346,0.0607749,-9.6920521,-0.0023664,0.0052204,-0.0018800
71.0000000,1.4326812,0.0027912,-9.6372241,0.0006862,0.0124023,0.0016121
71.0100000,1.5086906,-0.0203063,-9.6532578,0.0049562,0.0027416,-0.0014760
71.0200000,1.5060617,0.0102666,-9.6215382,0.0020096,0.0154093,0.0025905
71.0300000,1.4785035,-0.0089252,-9.7437236,-0.0035908,0.0105487,0.0014185
71.0400000,1.4697084,-0.0357655,-9.6528460,0.0003084,0.0096683,-0.0040589
71.0500000,1.4469604,0.0377109,-9.6048653,0.0006145,0.0032620,-0.0025899
71.0600000,1.4108212,0.0188331,-9.6600534,-0.0041709,0.0104456,-0.0004299
71.0700000,1.3889266,0.0211095,-9.6885645,-0.0003434,0.0157545,0.0064091
71.0800000,1.5392627,-0.0236478,-9.6359909,-0.0023743,0.0107601,0.0009121
71.0900000,1.3879431,-0.0199832,-9.6560254,-0.0031019,0.0136887,-0.0027471
71.1000000,1.5277552,-0.0268587,-9.6430370,-0.0044491,0.0042777,-0.0016464
71.1100000,1.4138228,-0.0373146,-9.7038945,0.0031977,0.0083356,-0.0036108
71.1200000,1.4818315,-0.0005100,-9.7186285,0.0028740,0.0053696,0.0016885
71.1300000,1.3813960,0.1289719,-9.7229542,-0.0014713,0.0062676,0.0059039
71.1400000,1.4172517,-0.0106806,-9.8423936,0.0007822,0.0059516,-0.0035401
71.1500000,1.3980618,0.0217490,-9.6712437,-0.0010901,0.0108237,0.0014156
71.1600000,1.4346483,0.0099875,-9.7426157,-0.0027073,0.0053267,0.0065651
71.1700000,1.4830715,0.0662995,-9.7185418,-0.0024556,0.0087387,0.0012721
71.1800000,1.4062638,0.0606279,-9.7708865,0.0010238,0.0105324,-0.0005168
71.1900000,1.4102819,-0.0695646,-9.7531858,-0.0010912,0.0052268,-0.0017496
71.2000000,1.5211049,0.0041718,-9.7596726,-0.0031293,0.0063702,-0.0009934
71.2100000,1.3950017,-0.0136785,-9.6194918,0.0030163,0.0110532,0.0020566
71.2200000,1.4101670,-0.0631403,-9.6495369,0.0038462,0.0114185,-0.0004040
71.2300000,1.4656902,0.0261721,-9.6847196,0.0019993,0.0096212,0.0030627
71.2400000,1.3867363,-0.0329668,-9.6965683,0.0026225,0.0091733,-0.0065484
71.2500000,1.4314954,0.0460849,-9.6364090,0.0013891,0.0137467,0.0019738
71.2600000,1.4554968,0.0343220,-9.7182982,-0.0000611,0.0080148,-0.0008516
71.2700000,1.5516926,-0.0200505,-9.7744582,0.0021598,0.0054359,-0.0060415
71.2800000,1.3890519,-0.0174618,-9.7011514,-0.0034780,0.0097872,0.0007885
71.2900000,1.4233927,0.0247122,-9.7072083,0.0039565,0.0108021,0.0000063
71.3000000,1.4729747,-0.0140160,-9.7033306,0.0018441,0.0069494,-0.0017955
71.3100000,1.4619004,0.0305303,-9.7289595,0.0009219,0.0061877,0.0041253
71.3200000,1.4837722,-0.0134843,-9.7703642,0.0001230,0.0054816,-0.0015369
71.3300000,1.4120934,-0.0474322,-9.7246668,-0.0040578,0.0113308,-0.0005748
71.3400000,1.3831034,0.0036179,-9.6576411,-0.0012660,0.0063515,-0.0044959
71.3500000,1.3221812,0.0164588,-9.7194064,0.0004585,0.0044100,-0.0000739
71.3600000,1.4447035,-0.0258403,-9.6781133,0.0016998,0.0031169,-0.0037723
71.3700000,1.4775271,0.0165004,-9.6508829,-0.0000039,0.0139392,0.0060283
71.3800000,1.4807635,-0.0240150,-9.6722117,-0.0005715,0.0130847,0.0030539
71.3900000,1.4353094,0.0081439,-9.6722550,0.0010419,0.0082287,0.0016079
71.4000000,1.4978863,0.0241305,-9.6427550,0.0037577,0.0081940,-0.0020695
71.4100000,1.3859514,-0.0679447,-9.6737050,0.0018809,0.0130574,0.0029967
71.4200000,1.4525750,-0.1005307,-9.7055248,0.0017313,0.0092012,-0.0005790
71.4300000,1.4228633,0.0339450,-9.7057723,0.0029080,0.0104499,-0.0013185
71.4400000,1.3516209,0.0442485,-9.7162628,0.0016556,0.0123092,-0.0052851
71.4500000,1.4093097,-0.0167692,-9.7289482,0.0016800,0.0085164,-0.0002594
71.4600000,1.5499021,-0.0665407,-9.7205870,-0.0007192,0.0108340,-0.0056108
71.4700000,1.4927454,-0.0462131,-9.7050832,0.0002155,0.0108013,-0.0001423
71.4800000,1.4324192,0.0035058,-9.6651745,0.0040222,0.0100873,-0.0002527
71.4900000,1.4356382,0.0456112,-9.7109372,0.0048139,0.0071436,0.0012755
71.5000000,1.4928604,0.0213319,-9.7068250,-0.0011227,0.0086447,-0.0067830
71.5100000,1.4991212,0.0082105,-9.7244584,-0.0032429,0.0031784,-0.0010030
71.5200000,1.4065044,-0.0176035,-9.7550485,-0.0000205,0.0107541,0.0012098
71.5300000,1.3595698,0.0381706,-9.7253549,-0.0037606,0.0088226,-0.0079610
71.5400000,1.3816591,-0.0092892,-9.6715187,-0.0044648,0.0070665,0.0023605
71.5500000,1.4972537,0.0309808,-9.6397340,-0.0058860,0.0053322,-0.0080930
71.5600000,1.5587619,-0.0237463,-9.7125612,-0.0026758,0.0097943,0.0018216
71.5700000,1.4462516,0.0026849,-9.7039698,0.0032711,0.0050651,0.0019736
71.5800000,1.4647569,-0.0538447,-9.6850179,-0.0046016,0.0067111,-0.0006473
71.5900000,1.3132784,0.0692736,-9.6504089,0.0013696,0.0082811,0.0026859
71.6000000,1.4172367,-0.0191087,-9.7030758,-0.0010723,0.0104083,-0.0016036
71.6100000,1.4314148,0.0195935,-9.7389176,-0.0014663,0.0100703,-0.0054906
71.6200000,1.4464107,0.0166866,-9.6739700,-0.0022551,0.0084924,-0.0008803
71.6300000,1.4720845,-0.0234160,-9.6707144,-0.0020000,0.0058268,0.0038359
71.6400000,1.4647264,0.0705570,-9.6956465,-0.0008798,0.0089597,-0.0008632
71.6500000,1.3736917,-0.0323165,-9.7375519,0.0007526,0.0062316,-0.0034707
71.6600000,1.5304299,0.0054382,-9.6279015,0.0001234,0.0086637,0.0000194
71.6700000,1.5273534,-0.0783673,-9.6313784,0.0037336,0.0062683,-0.0004810
71.6800000,1.5238271,0.0411275,-9.6269946,-0.0003403,0.0102385,0.0049459
71.6900000,1.4302565,0.0275441,-9.6238522,-0.0049814,0.0100909,-0.0018457
71.7000000,1.4399740,0.1318393,-9.5436980,-0.0019295,0.0098723,0.0009135
71.7100000,1.4733278,0.0653969,-9.6666880,0.0029000,0.0108878,0.0018094
71.7200000,1.4364784,-0.0873175,-9.7313310,-0.0024928,0.0093949,0.0003315
71.7300000,1.4472181,-0.0149065,-9.6050247,-0.0028295,0.0071036,-0.0006073
71.7400000,1.4834382,-0.0103088,-9.5476968,0.0003766,0.0112405,0.0000783
71.7500000,1.4379863,-0.0494309,-9.6261299,0.0028450,0.0063659,-0.0004389
71.7600000,1.4961418,-0.0974648,-9.7062130,-0.0012715,0.0052181,-0.0026620
71.7700000,1.4508961,0.0723565,-9.7343091,-0.0032624,0.0175207,-0.0010395
71.7800000,1.3796115,0.0174178,-9.6611977,-0.0008032,0.0070004,0.0005429
71.7900000,1.4446819,-0.0228583,-9.6299183,0.0010786,0.0043094,0.0072696
71.8000000,1.4124251,0.0155513,-9.6720102,-0.0016256,0.0137043,-0.0003292
71.8100000,1.3632588,0.0005903,-9.6680956,0.0000688,0.0104757,-0.0042487
71.8200000,1.3914532,-0.0099350,-9.6389778,-0.0064491,0.0072213,0.0038404
71.8300000,1.3975621,0.1254566,-9.6956402,-0.0003228,0.0085552,0.0012471
71.8400000,1.4829298,0.0218680,-9.7370117,0.0059974,0.0113401,-0.0034952
71.8500000,1.4135385,-0.0161684,-9.7720024,-0.0022695,0.0126261,0.0023307
71.8600000,1.5135341,0.0584137,-9.5948113,-0.0042047,0.0061228,-0.0018951
71.8700000,1.5135605,0.0858440,-9.7036627,0.0005354,0.0066367,0.0001365
71.8800000,1.4920424,0.0805190,-9.6463691,0.0023014,0.0079149,-0.0028809
71.8900000,1.4396817,-0.0156452,-9.6945152,0.0027471,0.0079212,0.0030030
71.9000000,1.4288611,0.0479178,-9.6019055,-0.0033536,0.0123385,0.0011733
71.9100000,1.3843076,0.0069281,-9.7377052,-0.0076278,0.0092192,-0.0029504
71.9200000,1.4547686,0.0065781,-9.6366541,0.0018859,0.0056528,0.0030752
71.9300000,1.4959612,0.0036219,-9.7251189,-0.0001404,0.0080242,-0.0032348
71.9400000,1.3398697,-0.0422494,-9.5773630,0.0016190,0.0080168,0.0021933
71.9500000,1.3926405,-0.0772131,-9.6934718,-0.0060755,0.0082218,0.0044882
71.9600000,1.4500468,0.0564704,-9.7694591,-0.0039517,0.0067544,0.0021945
71.9700000,1.4164911,-0.0389412,-9.7015033,0.0015927,0.0082618,0.0037638
71.9800000,1.3863053,-0.0757912,-9.6434911,0.0005815,0.0075259,0.0052757
71.9900000,1.5073808,0.1023116,-9.6209957,-0.0006710,0.0073548,0.0002938
72.0000000,1.4075296,-0.0540850,-9.7184358,0.0033403,0.0012984,0.0029559
72.0100000,1.4740352,-0.0224607,-9.6969951,-0.0000986,0.0102737,0.0015380
72.0200000,1.4678540,0.0629114,-9.8186849,0.0058029,0.0049122,0.0008491
72.0300000,1.3489969,0.0687129,-9.7616033,0.0000859,0.0059915,-0.0024075
72.0400000,1.4118794,-0.0050207,-9.7155573,-0.0035811,0.0107084,-0.0046046
72.0500000,1.3753016,-0.0404468,-9.6903601,-0.0006261,0.0021063,0.0019140
72.0600000,1.5305247,-0.0207583,-9.6057820,0.0004609,0.0111843,-0.0001454
72.0700000,1.4683613,0.0326424,-9.6748767,-0.0062915,0.0103332,-0.0021157
72.0800000,1.4186359,-0.0354487,-9.5604064,-0.0009246,0.0096004,-0.0051580
72.0900000,1.4002426,0.0567332,-9.6374102,-0.0029295,0.0086215,0.0018152
72.1000000,1.3739868,-0.0358905,-9.6380057,0.0013750,0.0105800,0.0017977
72.1100000,1.3572622,0.0666332,-9.6453498,-0.0014696,0.0041133,0.0008209
72.1200000,1.3565580,-0.0042192,-9.6614628,-0.0020384,0.0097701,-0.0006384
72.1300000,1.3910316,-0.0234441,-9.6564481,0.0014825,0.0119627,-0.0034730
72.1400000,1.4192645,-0.0576115,-9.7231364,0.0000255,0.0094542,0.0021214
72.1500000,1.4539730,-0.0110689,-9.6464492,-0.0016742,0.0094604,-0.0014186
72.1600000,1.3304460,-0.0333823,-9.6408267,0.0002288,0.0081328,0.0001799
72.1700000,1.4851240,0.0116964,-9.6772483,0.0023785,0.0135995,-0.0016272
72.1800000,1.3982507,-0.0548590,-9.6948913,0.0020823,0.0053561,-0.0010858
72.1900000,1.3633912,-0.0367331,-9.6655602,0.0012268,0.0085758,0.0053211
72.2000000,1.5354403,0.0404786,-9.6141604,0.0016776,0.0075204,0.0015595
72.2100000,1.5023666,0.0729217,-9.6098408,0.0058284,0.0078460,0.0058308
72.2200000,1.4554036,0.0091565,-9.6787793,0.0041969,0.0061667,0.0060147
72.2300000,1.4854280,0.0746096,-9.7060746,-0.0059150,0.0084425,-0.0001020
72.2400000,1.4009174,-0.0415441,-9.6804228,0.0001311,0.0025131,0.0022924
72.2500000,1.4819548,-0.0485831,-9.6338502,-0.0047033,0.0114585,-0.0005587
72.2600000,1.4337386,0.0269763,-9.7069054,-0.0041831,0.0078173,-0.0001203
72.2700000,1.3404547,-0.0228224,-9.6512534,0.0003613,0.0026139,-0.0049666
72.2800000,1.3862184,-0.0253913,-9.7079896,-0.0045288,0.0090165,0.0011014
72.2900000,1.4031596,-0.0228083,-9.6832843,0.0028251,0.0092539,0.0020128
72.3000000,1.3912615,-0.0091702,-9.7304521,-0.0041346,0.0032366,-0.0049786
72.3100000,1.4248221,0.1116007,-9.6068089,0.0002532,0.0070537,-0.0027561
72.3200000,1.4690221,0.0490355,-9.7548725,0.0000935,0.0074718,0.0017849
72.3300000,1.4535985,-0.0400842,-9.6897172,0.0010725,0.0044159,0.0067137
72.3400000,1.3774126,-0.0578695,-9.6604824,-0.0000592,0.0073762,-0.0025132
72.3500000,1.4253576,0.0489848,-9.6608667,-0.0035560,0.0098507,0.0052839
72.3600000,1.4537997,-0.0054263,-9.6358533,0.0014902,0.0021470,0.0044053
72.3700000,1.4603512,0.0092694,-9.7764497,-0.0033083,0.0081709,0.0001759
72.3800000,1.4074103,0.0372747,-9.6291810,0.0056315,0.0050455,-0.0019423
72.3900000,1.4275866,0.0157716,-9.6621307,-0.0009737,0.0057863,-0.0025227
72.4000000,1.4067895,0.0092229,-9.7438383,0.0046256,0.0061528,-0.0024625
72.4100000,1.4373242,-0.0626360,-9.6996889,0.0019840,0.0053468,0.0021636
72.4200000,1.4822597,-0.0796482,-9.6725652,0.0016897,0.0109870,0.0017262
72.4300000,1.3843824,-0.1066551,-9.6782369,0.0010287,0.0081532,0.0045118
72.4400000,1.4016165,-0.0113166,-9.6812875,-0.0016728,0.0101275,-0.0008262
72.4500000,1.3635570,0.0183289,-9.7161403,-0.0064792,0.0053448,-0.0017221
72.4600000,1.4050767,-0.0301884,-9.6434852,-0.0005309,0.0063390,-0.0035594
72.4700000,1.4755352,0.0448377,-9.6158555,0.0008321,0.0079279,-0.0012738
72.4800000,1.4150851,-0.0455860,-9.6133925,-0.0002530,0.0081233,-0.0047312
72.4900000,1.4088882,-0.0954262,-9.6901318,0.0029187,0.0083904,-0.0001596
72.5000000,1.4407140,-0.0576171,-9.6719947,-0.0022654,0.0090705,0.0014351
72.5100000,1.3688131,-0.0001170,-9.6836923,-0.0020826,0.0091393,0.0066970
72.5200000,1.3892282,0.0320931,-9.6562729,-0.0007731,0.0061572,0.0008985
72.5300000,1.4234671,-0.0210839,-9.6791841,0.0039216,0.0053217,-0.0026586
72.5400000,1.4111700,0.0627011,-9.6630108,-0.0029638,0.0061742,0.0073727
72.5500000,1.4221925,-0.0108415,-9.6012566,0.0007922,0.0085867,0.0015798
72.5600000,1.4900760,-0.0258528,-9.7107526,-0.0035800,0.0161918,-0.0011329
72.5700000,1.5099517,-0.0566241,-9.7437412,0.0021250,0.0101685,-0.0038070
72.5800000,1.5269726,0.0122636,-9.6162594,-0.0032637,0.0077331,-0.0021562
72.5900000,1.3354225,-0.0818321,-9.7168333,0.0037221,0.0077313,-0.0048375
72.6000000,1.5286707,-0.0373181,-9.6383402,-0.0034557,0.0089246,0.0037165
72.6100000,1.4461386,0.0496536,-9.6372027,0.0002677,0.0060724,-0.0034423
72.6200000,1.4607402,0.0328089,-9.7410042,0.0002452,0.0100452,-0.0004246
72.6300000,1.3926848,-0.0212784,-9.7327121,0.0055044,0.0125435,0.0032371
72.6400000,1.3892651,-0.0323279,-9.7401520,-0.0023320,0.0077658,-0.0019809
72.6500000,1.4361500,-0.0965138,-9.5930109,-0.0034943,0.0138197,0.0024396
72.6600000,1.4493598,-0.0894727,-9.6450302,0.0005043,0.0083053,-0.0004438
72.6700000,1.3984413,0.0305795,-9.7037508,0.0066159,0.0101359,-0.0033521
72.6800000,1.3727288,0.1092219,-9.7536641,0.0022129,0.0051108,-0.0036788
72.6900000,1.4027842,0.0351947,-9.7474456,0.0033764,0.0069320,0.0014060
72.7000000,1.4265238,0.0490812,-9.6608765,-0.0028756,0.0060263,-0.0012420
72.7100000,1.3552653,0.0792917,-9.7245145,-0.0064825,0.0110796,-0.0009839
72.7200000,1.4112703,-0.0266174,-9.6560373,-0.0024513,0.0047157,0.0029903
72.7300000,1.3995256,-0.0085394,-9.6657917,-0.0057978,0.0086924,-0.0037262
72.7400000,1.4104817,0.0500617,-9.6258379,-0.0035886,0.0113090,-0.0022764
72.7500000,1.4172438,-0.0507045,-9.6425228,-0.0044547,0.0121557,-0.0008584
72.7600000,1.4259576,0.0022324,-9.6893399,0.0019578,0.0096919,-0.0043534
72.7700000,1.3298564,0.0275955,-9.6889823,-0.0009270,0.0044875,-0.0009929
72.7800000,1.3953520,0.0236963,-9.5889530,0.0039239,0.0105911,-0.0027341
72.7900000,1.4409079,0.0348368,-9.6839949,0.0016377,0.0097924,-0.0010299
72.8000000,1.4751630,-0.0069863,-9.7109439,-0.0041001,0.0079467,-0.0001972
72.8100000,1.4069586,-0.0442597,-9.6724826,-0.0014879,0.0088604,-0.0020722
72.8200000,1.4581409,0.0508766,-9.6645758,-0.0058035,0.0045046,-0.0040042
72.8300000,1.3885570,-0.0604547,-9.7342538,0.0013920,0.0061578,0.0038885
72.8400000,1.3994901,-0.0540445,-9.6265798,0.0029376,0.0160000,0.0000454
72.8500000,1.3928969,-0.0363495,-9.7505730,-0.0021871,0.0049248,-0.0051265
72.8600000,1.4357329,-0.0192622,-9.7700660,-0.0034503,0.0116736,0.0030939
72.8700000,1.3133838,-0.0617167,-9.6818495,0.0009434,0.0086694,-0.0045152
72.8800000,1.3903776,0.0354541,-9.7481592,0.0032093,0.0078390,0.0008790
72.8900000,1.5039968,-0.0544908,-9.7231472,0.0052897,0.0090616,0.0017116
72.9000000,1.4253257,-0.0202265,-9.6783917,-0.0050131,0.0087184,0.0006928
72.9100000,1.3801616,-0.0970042,-9.6566619,0.0003642,0.0065302,-0.0018776
72.9200000,1.3173936,-0.0484097,-9.5921904,-0.0024285,0.0055127,0.0045662
72.9300000,1.3872972,0.0179456,-9.6889326,-0.0027019,0.0098797,0.0008310
72.9400000,1.4297389,0.0339326,-9.5859215,0.0012501,0.0115546,0.0000374
72.9500000,1.3391090,-0.0427263,-9.7406368,0.0022124,0.0057140,-0.0064618
72.9600000,1.3756279,0.0369290,-9.7186293,0.0006414,0.0032299,-0.0014265
72.9700000,1.4381123,0.0122626,-9.7105682,-0.0029704,0.0039473,-0.0008646
72.9800000,1.4798635,0.0022256,-9.7208455,0.0020565,0.0099731,-0.0017988
72.9900000,1.3608455,0.0430087,-9.6196864,0.0051088,0.0062810,-0.0040272
73.0000000,1.3045339,0.0228679,-9.6257272,0.0018153,0.0087701,0.0012662
73.0100000,1.3790230,-0.0838793,-9.6317745,0.0004088,0.0066209,-0.0007259
73.0200000,1.4474016,0.0404455,-9.5278541,-0.0005542,0.0092351,-0.0029015
73.0300000,1.4566903,0.0983609,-9.6458753,-0.0008968,0.0107573,0.0032214
73.0400000,1.5008987,0.0272143,-9.6256609,0.0023434,0.0089019,0.0017850
73.0500000,1.4944151,0.0045988,-9.6153775,-0.0020167,0.0098906,0.0020658
73.0600000,1.3724650,-0.0107151,-9.6870043,0.0014762,0.0120611,0.0004857
73.0700000,1.4673929,-0.0160119,-9.6883943,-0.0046671,0.0037879,-0.0037798
73.0800000,1.5138841,-0.0454382,-9.7032609,-0.0006754,0.0102111,-0.0038925
73.0900000,1.4427060,0.0491050,-9.6149896,-0.0064834,0.0079639,0.0035758
73.1000000,1.4867246,0.0125961,-9.6976464,0.0024627,0.0042833,-0.0013372
73.1100000,1.3837807,0.0192760,-9.6456432,-0.0022173,0.0099664,0.0047513
73.1200000,1.4389238,0.0491417,-9.7016022,-0.0025487,0.0091337,-0.0019246
73.1300000,1.3840798,-0.0255714,-9.6363877,-0.0029723,0.0144324,0.0029995
73.1400000,1.3876059,-0.0100257,-9.7117578,0.0012438,0.0046811,-0.0013172
73.1500000,1.4438649,-0.0329419,-9.7170491,0.0012353,0.0094904,-0.0016861
73.1600000,1.5158417,-0.0001586,-9.7097844,-0.0028217,0.0136220,0.0018172
73.1700000,1.4465964,0.0539811,-9.6889703,0.0020820,0.0115663,0.0026380
73.1800000,1.4554897,-0.0143077,-9.7741830,0.0026464,0.0062031,0.0024632
73.1900000,1.4071624,0.0329385,-9.7130122,0.0005445,0.0093256,0.0027613
73.2000000,1.4042957,0.0212575,-9.6430823,0.0008861,0.0036521,-0.0027363
73.2100000,1.3902373,-0.0267998,-9.6028230,0.0014873,0.0092902,0.0024495
73.2200000,1.4407773,-0.0080693,-9.6326393,0.0032337,0.0057349,-0.0002710
73.2300000,1.4031402,0.0060002,-9.6320429,-0.0011868,0.0127284,0.0002497
73.2400000,1.5499086,0.0280892,-9.7149679,0.0009939,0.0065400,-0.0010877
73.2500000,1.3863280,0.0306147,-9.7184625,0.0049400,0.0079851,-0.0014047
73.2600000,1.4565620,-0.0991828,-9.6460375,-0.0007347,0.0034198,-0.0014024
73.2700000,1.4754051,0.0205717,-9.6470519,-0.0080667,0.0134584,0.0071903
73.2800000,1.4096791,-0.0055826,-9.6103216,-0.0069126,0.0099580,-0.0001615
73.2900000,1.4059169,-0.0075633,-9.6608743,0.0000107,0.0098944,0.0020066
73.3000000,1.3880415,-0.0093392,-9.7064953,-0.0012576,0.0109202,0.0034995
73.3100000,1.4204297,0.1365565,-9.6675926,-0.0027554,0.0098035,-0.0032999
73.3200000,1.3506093,0.0468373,-9.6438714,0.0026081,0.0094164,0.0031597
73.3300000,1.3541788,-0.0555208,-9.6164455,-0.0017675,0.0035633,-0.0002342
73.3400000,1.4543513,0.0113524,-9.6612939,-0.0046504,0.0117702,-0.0001013
73.3500000,1.4279330,0.0509670,-9.6364623,-0.0027841,0.0048405,0.0011825
73.3600000,1.4246418,0.0136012,-9.6822303,-0.0004533,0.0078497,-0.0027651
73.3700000,1.4820094,0.0773944,-9.6740484,-0.0012306,0.0023416,0.0030735
73.3800000,1.4995224,-0.1186922,-9.6501136,0.0022128,0.0068893,0.0022602
73.3900000,1.3662860,0.0405628,-9.6186758,0.0094157,0.0122274,-0.0019775
73.4000000,1.3988280,-0.0009504,-9.6655518,-0.0044959,0.0083275,0.0023588
73.4100000,1.4338209,-0.0617241,-9.6988924,0.0014134,0.0099839,0.0035074
73.4200000,1.4231584,0.0380929,-9.7173720,0.0001350,0.0126933,0.0012366
73.4300000,1.3576161,0.0203970,-9.6217025,0.0014648,0.0111247,-0.0014471
73.4400000,1.4513841,0.0043589,-9.6869099,0.0031600,0.0042098,0.0016351
73.4500000,1.4176377,-0.0550873,-9.6617662,-0.0051630,0.0114026,0.0026162
73.4600000,1.4747042,0.0226004,-9.7132055,-0.0034333,0.0122569,0.0021638
73.4700000,1.3936947,0.0077217,-9.6817220,-0.0013488,0.0078610,-0.0031039
73.4800000,1.5081210,-0.1036596,-9.5818401,0.0024195,0.0029335,0.0052759
73.4900000,1.3617945,0.0115328,-9.6618737,-0.0000583,0.0096576,-0.0033822
73.5000000,1.3991903,-0.0421008,-9.6364787,-0.0032432,0.0049049,0.0000957
73.5100000,1.4482059,-0.0122586,-9.6481131,0.0033272,0.0121410,-0.0004890
73.5200000,1.3436456,-0.0158272,-9.6494299,0.0036824,0.0060897,0.0088315
73.5300000,1.4125597,0.0069285,-9.7052302,-0.0010225,0.0122146,0.0030864
73.5400000,1.4298762,0.0150218,-9.7189076,-0.0022394,0.0095264,0.0044942
73.5500000,1.4310486,-0.0163706,-9.6256748,0.0078206,0.0043130,-0.0036596
73.5600000,1.3680110,0.1075983,-9.7200477,-0.0042311,0.0096799,0.0015905
73.5700000,1.4727358,-0.0182544,-9.7454250,-0.0047048,0.0120926,-0.0044561
73.5800000,1.3512431,0.1005507,-9.7086458,-0.0006992,0.0087004,-0.0046747
73.5900000,1.4035268,-0.0863373,-9.6218708,0.0004993,0.0105762,0.0054899
73.6000000,1.4281239,0.0319883,-9.6941593,0.0053930,0.0090205,-0.0001850
73.6100000,1.4368945,0.0620139,-9.6507709,-0.0045303,0.0037150,-0.0026492
73.6200000,1.4659076,-0.0710206,-9.7167801,0.0053154,0.0086157,0.0029762
73.6300000,1.4190863,0.0126648,-9.6149981,-0.0011897,0.0099973,-0.0014587
73.6400000,1.3782654,-0.0222499,-9.6731943,0.0008411,0.0091659,0.0011710
73.6500000,1.3193943,0.0442408,-9.6150326,-0.0007484,0.0046098,-0.0024443
73.6600000,1.4546678,0.1270466,-9.6047612,0.0000990,0.0102797,-0.0012689
73.6700000,1.4636331,0.0231079,-9.7128520,-0.0017175,0.0106431,0.0008133
73.6800000,1.4742024,-0.0640741,-9.6582361,-0.0073083,0.0130709,-0.0040218
73.6900000,1.3351417,0.1145478,-9.6442102,-0.0019639,0.0088612,0.0006103
73.7000000,1.3406095,0.0232844,-9.6616221,0.0025858,0.0071274,0.0015847
73.7100000,1.4376569,-0.0431146,-9.7194025,-0.0016369,0.0039360,0.0012949
73.7200000,1.4086604,0.1359456,-9.7931042,0.0033089,0.0029563,0.0028443
73.7300000,1.4643862,0.0538449,-9.6715620,0.0042835,0.0062813,-0.0004951
73.7400000,1.3989239,0.0170349,-9.7764483,-0.0031908,0.0041368,-0.0025538
73.7500000,1.3211329,-0.0595327,-9.6877623,-0.0019262,0.0073636,-0.0016887
73.7600000,1.3964521,-0.0633713,-9.6254484,-0.0007877,0.0065027,-0.0014012
73.7700000,1.4680243,0.1136293,-9.7372953,-0.0018568,0.0086656,-0.0054774
73.7800000,1.4251135,0.0160656,-9.6273271,0.0004061,0.0057500,-0.0024601
73.7900000,1.3179942,0.0518969,-9.6315121,0.0016035,0.0114104,0.0031715
73.8000000,1.4131362,0.0448362,-9.6752081,-0.0008293,0.0112541,-0.0033723
73.8100000,1.3888556,-0.0563248,-9.6334725,0.0015406,0.0051140,-0.0018023
73.8200000,1.4635883,-0.0035871,-9.7097885,0.0000763,0.0064109,-0.0029653
73.8300000,1.4445452,0.0328766,-9.6896050,-0.0025359,0.0082388,0.0013751
73.8400000,1.4173842,0.0034338,-9.6436628,0.0018293,0.0093939,-0.0006628
73.8500000,1.3741717,0.0271751,-9.7166756,-0.0007481,0.0081150,-0.0038577
73.8600000,1.5170093,0.0381142,-9.6389150,-0.0009369,0.0078879,0.0031396
73.8700000,1.4316500,0.0355808,-9.6723374,-0.0036113,0.0099533,0.0009857
73.8800000,1.4140141,0.0372119,-9.6928000,-0.0024018,0.0120895,-0.0020967
73.8900000,1.4166745,-0.0036364,-9.7114934,0.0021080,0.0061803,-0.0046191
73.9000000,1.4546115,-0.0157078,-9.6826276,0.0054709,0.0120049,0.0009862
73.9100000,1.3750849,-0.0371822,-9.6567657,-0.0011175,0.0132977,0.0001787
73.9200000,1.5019426,-0.0467517,-9.6507850,0.0057120,0.0044514,0.0019291
73.9300000,1.3465881,-0.0777240,-9.6135441,-0.0001446,0.0094219,0.0029323
73.9400000,1.4493656,0.0228207,-9.6414943,0.0007843,0.0090543,0.0009949
73.9500000,1.3417814,-0.0479980,-9.7283814,-0.0040778,0.0091592,-0.0022595
73.9600000,1.4087422,0.0777537,-9.7629033,-0.0018015,0.0074706,-0.0023206
73.9700000,1.4192866,-0.1274743,-9.6217669,0.0023233,0.0076675,0.0026113
73.9800000,1.4184957,-0.0240656,-9.6519401,0.0001425,0.0121955,-0.0025710
73.9900000,1.3264523,-0.0398721,-9.6301236,0.0028081,0.0078287,-0.0000989
74.0000000,1.4665324,-0.0205308,-9.6984450,-0.0000939,0.0090660,0.0007436
74.0100000,1.4604065,-0.0164562,-9.6718907,-0.0025663,0.0041132,-0.0009511
74.0200000,1.4161900,0.0252505,-9.6902639,-0.0049874,0.0072921,-0.0022926
74.0300000,1.3937760,-0.0741066,-9.7201711,-0.0011215,0.0057794,0.0023683
74.0400000,1.3911662,-0.0462821,-9.6527928,-0.0045457,0.0075059,-0.0046651
74.0500000,1.4413592,-0.0368053,-9.5911646,0.0018078,0.0107351,-0.0025311
74.0600000,1.4010946,0.1059479,-9.6510089,-0.0018978,0.0068680,0.0034044
74.0700000,1.4893427,-0.0212234,-9.6524398,-0.0008306,0.0100005,0.0017369
74.0800000,1.3827964,0.1030848,-9.6936463,-0.0029654,0.0078492,-0.0017712
74.0900000,1.4213933,-0.0026617,-9.6262149,-0.0037749,0.0115319,-0.0011488
74.1000000,1.4646250,-0.0293835,-9.5913887,0.0019070,0.0176107,0.0001107
74.1100000,1.5116189,0.0495936,-9.6600775,0.0030893,0.0081625,0.0037343
74.1200000,1.3786507,-0.0643915,-9.6830268,-0.0002421,0.0056989,0.0005221
74.1300000,1.4538678,-0.0458619,-9.6149458,-0.0053568,0.0113129,0.0029846
74.1400000,1.3379376,-0.0209051,-9.6825436,-0.0076964,0.0063151,0.0015095
74.1500000,1.4534282,0.0983004,-9.6691306,0.0005896,0.0055155,-0.0005099
74.1600000,1.3963657,-0.0592960,-9.6867341,0.0014437,0.0102734,-0.0011289
74.1700000,1.4036316,-0.0251809,-9.6199802,-0.0022711,0.0074747,-0.0029227
74.1800000,1.3500131,-0.0183420,-9.6981834,0.0031223,0.0088450,0.0032428
74.1900000,1.3609301,0.0476650,-9.5484320,-0.0020117,0.0079464,0.0030316
74.2000000,1.3695334,0.0646389,-9.6634643,-0.0013569,0.0059266,0.0012081
74.2100000,1.4040756,0.1214723,-9.6547497,-0.0048886,0.0066702,0.0038575
74.2200000,1.3810319,-0.0733823,-9.6359934,0.0018334,0.0087971,-0.0017751
74.2300000,1.3663738,-0.0467545,-9.6390291,0.0051727,0.0064247,0.0035497
74.2400000,1.5015927,0.0245748,-9.6683905,-0.0009180,0.0120925,0.0022046
74.2500000,1.4315614,0.0267705,-9.7170346,0.0021263,0.0088012,-0.0051475
74.2600000,1.3234695,0.0500226,-9.7007966,-0.0012262,0.0104512,0.0018124
74.2700000,1.3842170,0.0005233,-9.7958647,0.0045268,0.0060110,0.0015458
74.2800000,1.3918589,-0.0089883,-9.6979834,-0.0025581,0.0091831,0.0021595
74.2900000,1.4083736,-0.0331215,-9.6847694,-0.0030835,0.0074634,0.0004977
74.3000000,1.4450973,-0.0121179,-9.6714674,-0.0047949,0.0075815,-0.0019562
74.3100000,1.3914509,0.0558561,-9.6278007,-0.0031998,0.0105020,-0.0015926
74.3200000,1.3712447,-0.0029344,-9.6814428,0.0102232,0.0070845,-0.0025508
74.3300000,1.2693877,0.0551225,-9.6854960,-0.0018299,0.0044577,0.0005505
74.3400000,1.4461095,0.0298132,-9.7107913,0.0044936,0.0096596,-0.0014688
74.3500000,1.4495882,-0.0238691,-9.7420464,-0.0042247,0.0104303,0.0040530
74.3600000,1.4582059,-0.1136737,-9.6714336,0.0043093,0.0043452,0.0058548
74.3700000,1.4437373,0.0313331,-9.6615628,-0.0002855,0.0109493,0.0012562
74.3800000,1.3947257,-0.0416302,-9.5417908,-0.0005739,0.0061407,0.0046788
74.3900000,1.4814803,0.0208437,-9.6017889,0.0021563,0.0050186,-0.0035881
74.4000000,1.4442156,-0.0127248,-9.5673230,0.0017532,0.0093015,0.0037080
74.4100000,1.5139091,-0.0416394,-9.7161225,0.0004171,0.0012935,0.0007720
74.4200000,1.4786587,0.0161990,-9.7567322,-0.0013676,0.0108305,-0.0010524
74.4300000,1.4045826,-0.0400457,-9.7187518,0.0062292,-0.0015842,0.0048415
74.4400000,1.4253215,-0.0390098,-9.6670672,-0.0041758,0.0048437,0.0018327
74.4500000,1.4682043,-0.0097189,-9.6669070,-0.0014368,0.0073798,-0.0057015
74.4600000,1.4082560,0.0815625,-9.6767389,-0.0019195,0.0076085,-0.0005243
74.4700000,1.4319166,-0.0414290,-9.6844462,0.0002008,0.0094833,-0.0001222
74.4800000,1.3613668,-0.0009309,-9.6681123,-0.0030646,0.0070406,-0.0033136
74.4900000,1.3994804,-0.0107128,-9.5629764,0.0021338,0.0097651,-0.0043277
74.5000000,1.5156098,-0.0124777,-9.7063996,-0.0008554,0.0061743,0.0001718
74.5100000,1.4115049,0.0205138,-9.6681967,-0.0023003,0.0051301,-0.0028219
74.5200000,1.3839583,-0.0257364,-9.7546414,-0.0064617,0.0053275,-0.0002792
74.5300000,1.4199838,0.0802125,-9.6925448,0.0021222,0.0069557,0.0002908
74.5400000,1.4253546,0.0017543,-9.7382925,0.0002518,0.0067713,0.0011312
74.5500000,1.4260996,0.0328118,-9.5951153,0.0031231,0.0103598,-0.0039785
74.5600000,1.4247504,0.0023694,-9.6288990,0.0023717,0.0097981,-0.0009132
74.5700000,1.3963544,-0.0306406,-9.7112060,-0.0048426,0.0069005,-0.0032593
74.5800000,1.4230000,-0.0789984,-9.5713317,-0.0007966,0.0039307,0.0014832
74.5900000,1.4471534,-0.0566998,-9.6546940,-0.0008277,0.0024657,-0.0002448
74.6000000,1.4317409,0.0790769,-9.6985143,0.0015096,0.0091508,-0.0026092
74.6100000,1.4653968,0.0011689,-9.6721241,0.0029690,0.0128450,-0.0026804
74.6200000,1.3728719,-0.0841129,-9.6938529,0.0043471,0.0104038,0.0032894
74.6300000,1.4377398,0.0061608,-9.7053832,-0.0004628,0.0138613,0.0010081
74.6400000,1.4230565,0.0439590,-9.7144776,0.0010643,0.0038793,0.0015501
74.6500000,1.3600929,-0.0286632,-9.7544332,0.0005492,0.0094298,0.0030139
74.6600000,1.4867716,0.0567530,-9.6624983,0.0014403,0.0071729,0.0054506
74.6700000,1.4081788,-0.0009404,-9.6824851,0.0047196,0.0101051,0.0024957
74.6800000,1.3783733,-0.0237872,-9.5939327,0.0049073,0.0088610,-0.0032671
74.6900000,1.4262693,-0.0336955,-9.7300923,-0.0018619,0.0060090,-0.0002960
74.7000000,1.4188744,0.0174300,-9.6525214,-0.0003229,0.0110285,0.0021756
74.7100000,1.3937569,-0.0021418,-9.6940814,0.0057452,0.0126285,0.0047482
74.7200000,1.4304448,0.0955506,-9.6738437,-0.0015957,0.0091640,0.0021294
74.7300000,1.3393836,0.0168407,-9.6288144,0.0019248,0.0081136,0.0005049
74.7400000,1.4081899,-0.0277512,-9.6878571,0.0005774,0.0044584,-0.0012411
74.7500000,1.3942041,0.0231977,-9.6623961,-0.0027233,0.0080891,0.0020597
74.7600000,1.4632131,-0.0331321,-9.6618252,-0.0002794,0.0026038,-0.0027232
74.7700000,1.4863260,-0.0546725,-9.7093582,0.0031192,0.0072768,-0.0042429
74.7800000,1.4581594,0.0075880,-9.6440835,0.0018578,0.0055195,0.0051435
74.7900000,1.4114953,-0.0258650,-9.6670719,0.0004376,0.0147688,-0.0012047
74.8000000,1.5323506,0.0174168,-9.6626503,0.0005162,0.0091179,-0.0021406
74.8100000,1.3611326,-0.0632243,-9.7006183,0.0000333,0.0120006,-0.0015203
74.8200000,1.3721284,-0.0391281,-9.6744121,0.0036731,0.0049633,0.0032531
74.8300000,1.3503636,0.0223932,-9.7340770,-0.0013676,0.0084820,-0.0025179
74.8400000,1.3172009,-0.0213811,-9.6977521,0.0017325,0.0054304,0.0014641
74.8500000,1.4284105,0.0268337,-9.7101525,0.0020420,0.0050990,0.0002069
74.8600000,1.4293014,0.1056898,-9.6985132,-0.0009984,0.0017519,-0.0006138
74.8700000,1.3589069,0.0365760,-9.6677451,0.0044862,0.0088818,0.0003389
74.8800000,1.3625205,0.0244563,-9.5787755,0.0004865,0.0107549,0.0041274
74.8900000,1.4603140,-0.0514318,-9.5726594,-0.0036586,0.0029783,-0.0014172
74.9000000,1.3756280,0.0713656,-9.6924843,-0.0044947,0.0058979,0.0061799
74.9100000,1.4619082,0.0191791,-9.7542750,0.0012348,0.0073868,-0.0006833
74.9200000,1.3885690,-0.0107030,-9.6321010,0.0047286,0.0067619,0.0016566
74.9300000,1.3962397,0.0507962,-9.6020650,-0.0062786,0.0028946,-0.0004781
74.9400000,1.4338415,0.0368762,-9.6869409,-0.0009552,0.0094496,0.0037626
74.9500000,1.3948068,-0.0046009,-9.6731031,-0.0015946,0.0038681,-0.0027983
74.9600000,1.2788602,0.0652610,-9.6588271,0.0009970,0.0019751,0.0005698
74.9700000,1.3959446,-0.0182271,-9.6584910,0.0047480,0.0086794,0.0033270
74.9800000,1.3889602,0.0443244,-9.6991191,-0.0001563,0.0072035,-0.0049564
74.9900000,1.3705244,0.1306270,-9.6859226,-0.0006516,0.0055138,-0.0010663
75.0000000,1.3420738,-0.0223480,-9.7142474,0.0022226,0.0099803,-0.0008843
75.0100000,1.3495601,0.0301232,-9.6355846,-0.0003284,0.0092948,-0.0021782
75.0200000,1.3887008,0.0442908,-9.6516104,-0.0024602,0.0015025,-0.0000197
75.0300000,1.4050241,0.0001405,-9.5812932,0.0001982,0.0115953,0.0004161
75.0400000,1.3934056,0.0362674,-9.6237620,-0.0038179,0.0021369,-0.0069365
75.0500000,1.4516973,-0.0376015,-9.6969319,0.0014869,0.0044998,-0.0019018
75.0600000,1.3598284,-0.0309169,-9.5633808,0.0005856,0.0119334,-0.0040370
75.0700000,1.4392527,-0.0334887,-9.7014691,0.0013484,0.0132603,-0.0032192
75.0800000,1.4073953,0.0436690,-9.7123335,0.0023781,0.0111428,-0.0001770
75.0900000,1.4299985,-0.0247244,-9.7029382,-0.0039397,0.0040526,0.0028185
75.1000000,1.4667538,0.0415900,-9.6716020,0.0028440,0.0046467,-0.0042874
75.1100000,1.3202713,-0.0198793,-9.6249539,0.0043590,0.0095055,0.0012595
75.1200000,1.3918633,-0.1335440,-9.7839229,-0.0025391,0.0100323,0.0062207
75.1300000,1.3809309,-0.0012014,-9.6774641,0.0011428,0.0112904,0.0029450
75.1400000,1.3617238,-0.0076030,-9.6262587,-0.0012797,0.0070496,-0.0000397
75.1500000,1.4712179,-0.0543772,-9.6571826,0.0053729,0.0097044,-0.0009340
75.1600000,1.3234531,-0.0422720,-9.6722222,-0.0041286,0.0055325,-0.0025956
75.1700000,1.4210090,-0.0219450,-9.6602551,0.0028053,0.0123571,-0.0003932
75.1800000,1.3246302,-0.0012252,-9.7016152,-0.0005847,0.0083253,-0.0037133
75.1900000,1.3266038,-0.0198871,-9.5796338,0.0027796,0.0051925,-0.0009031
75.2000000,1.4702605,0.0554978,-9.6693464,0.0044090,0.0005285,-0.0047898
75.2100000,1.4059954,-0.0292679,-9.6558130,0.0032111,0.0081961,0.0009184
75.2200000,1.3973292,0.0120492,-9.7037512,-0.0003130,0.0089105,0.0006400
75.2300000,1.4404270,0.0275652,-9.7503136,-0.0080704,0.0105280,-0.0017677
75.2400000,1.3719457,0.0958905,-9.6764836,0.0015108,0.0077762,-0.0020425
75.2500000,1.4099681,-0.0334742,-9.7207477,0.0026029,0.0119842,-0.0015548
75.2600000,1.3173056,0.0591061,-9.6392633,-0.0011831,0.0062899,0.0005284
75.2700000,1.4388505,0.0440092,-9.5968334,0.0027942,0.0072198,-0.0037696
75.2800000,1.3879210,-0.0589483,-9.7208890,-0.0048951,0.0018281,0.0031028
75.2900000,1.2922243,-0.0246241,-9.6166689,-0.0008535,0.0063729,-0.0017794
75.3000000,1.3935472,-0.0236755,-9.6699425,0.0014094,0.0042152,-0.0027909
75.3100000,1.3572973,-0.0342842,-9.6278160,-0.0033980,0.0015712,0.0037844
75.3200000,1.3931589,0.0156986,-9.6719494,0.0014063,0.0068727,-0.0020775
75.3300000,1.3712741,-0.0360669,-9.7561239,0.0008338,0.0027641,0.0027170
75.3400000,1.4403528,-0.0668424,-9.6751755,-0.0014947,0.0051247,-0.0011519
75.3500000,1.3992421,0.0373403,-9.6236551,-0.0015918,0.0127089,0.0012432
75.3600000,1.3894488,0.0278456,-9.5920401,0.0018810,0.0106167,0.0000160
75.3700000,1.4247757,-0.0360076,-9.6954636,-0.0019439,0.0074173,0.0042790
75.3800000,1.3599521,0.0158293,-9.5806868,-0.0024585,0.0033456,-0.0015391
75.3900000,1.4095758,0.0281450,-9.6862481,0.0019990,0.0077692,-0.0025324
75.4000000,1.3347559,-0.0420917,-9.6485233,0.0032614,0.0107503,0.0009039
75.4100000,1.3703618,-0.0623923,-9.6627150,0.0025849,0.0078716,-0.0026508
75.4200000,1.3792529,-0.0237740,-9.8125467,0.0009902,0.0058825,-0.0037341
75.4300000,1.2870750,-0.0386401,-9.7195620,-0.0003927,0.0094363,0.0003081
75.4400000,1.4009385,0.0017692,-9.6910070,-0.0026088,0.0037253,-0.0015954
75.4500000,1.4870404,0.0043314,-9.6436733,-0.0021277,0.0054552,-0.0007984
75.4600000,1.4482826,-0.0273135,-9.6894478,0.0018247,0.0047719,-0.0005583
75.4700000,1.3787854,0.0184871,-9.6785692,0.0012547,0.0115073,-0.0015660
75.4800000,1.4495880,-0.0445373,-9.6635625,0.0009414,0.0054013,0.0010415
75.4900000,1.3722393,-0.0266844,-9.6701100,-0.0031765,0.0064771,0.0001366
75.5000000,1.3150613,-0.0632597,-9.6455241,-0.0011708,0.0051192,0.0000690
75.5100000,1.4666662,-0.0271089,-9.7171528,0.0011951,0.0090087,-0.0022751
75.5200000,1.2582414,0.1418493,-9.6250518,0.0038279,0.0069417,0.0016127
75.5300000,1.4137607,-0.0418551,-9.7014787,0.0008044,0.0082236,0.0029976
75.5400000,1.4346794,-0.0091050,-9.6493040,-0.0004523,0.0089061,0.0002978
75.5500000,1.4179247,0.0211943,-9.6158081,-0.0005920,0.0065450,0.0045925
75.5600000,1.3727103,0.0631869,-9.5742135,-0.0009635,0.0061622,0.0012695
75.5700000,1.3912988,0.0246732,-9.7328131,0.0020733,0.0097334,-0.0081691
75.5800000,1.3480418,0.0840837,-9.7762478,0.0017817,0.0117825,0.0015168
75.5900000,1.3736334,0.0072473,-9.6286486,-0.0037122,0.0126475,0.0014709
75.6000000,1.3222046,-0.0514274,-9.6612338,0.0027507,0.0079494,-0.0039180
75.6100000,1.3946135,0.0069971,-9.6193354,-0.0027882,0.0121304,0.0045321
75.6200000,1.4087097,-0.0262892,-9.6936214,0.0035777,0.0047880,0.0048452
75.6300000,1.3423075,-0.0243445,-9.7108423,0.0038604,0.0105225,-0.0011314
75.6400000,1.3979102,0.0245218,-9.6565314,-0.0044285,0.0094409,0.0011212
75.6500000,1.3997491,0.0507976,-9.6742944,-0.0008128,0.0102807,0.0011547
75.6600000,1.4743018,0.0227861,-9.6913392,-0.0016446,0.0070169,0.0013944
75.6700000,1.3606456,-0.0226579,-9.6684672,0.0021025,0.0058476,0.0017822
75.6800000,1.3252515,0.0082278,-9.6411485,0.0024656,0.0091637,0.0007243
75.6900000,1.3094414,-0.0106366,-9.6659456,0.0064452,0.0032254,0.0014953
75.7000000,1.3814245,-0.0120081,-9.6642824,-0.0004237,0.0101825,0.0013261
75.7100000,1.3855030,-0.0105883,-9.7106209,-0.0038335,0.0050307,0.0025099
75.7200000,1.3317243,-0.0155056,-9.6714113,-0.0030095,0.0140338,0.0028906
75.7300000,1.3832807,0.0232318,-9.6843537,0.0013134,0.0061710,-0.0058742
75.7400000,1.4497335,0.0314046,-9.7777078,0.0014997,0.0087956,0.0049376
75.7500000,1.3913057,0.0317781,-9.6976996,0.0001596,0.0057384,-0.0006338
75.7600000,1.5133292,-0.0593138,-9.6576069,-0.0021836,0.0146873,-0.0021779
75.7700000,1.3521154,0.0827472,-9.7681994,-0.0017788,0.0081108,0.0006383
75.7800000,1.4018427,-0.0540094,-9.7051123,-0.0004864,0.0053076,0.0035736
75.7900000,1.3984251,-0.0148751,-9.7771679,0.0011551,0.0060640,0.0030146
75.8000000,1.3684211,0.0319549,-9.6538763,-0.0028379,0.0105246,0.0022579
75.8100000,1.4623670,-0.0310448,-9.6321647,-0.0017063,0.0073149,0.0008662
75.8200000,1.3877045,0.0028111,-9.7010109,-0.0037305,0.0111035,0.0015648
75.8300000,1.3910387,-0.0089143,-9.6989815,0.0000804,0.0089374,-0.0034101
75.8400000,1.3293945,-0.0559103,-9.6653144,0.0051654,0.0047540,0.0023635
75.8500000,1.4066630,0.0698077,-9.7193615,-0.0043168,0.0101614,-0.0045646
75.8600000,1.3764093,0.0143819,-9.7686179,0.0027225,0.0079454,-0.0010583
75.8700000,1.3205560,-0.0835876,-9.6493096,-0.0031486,0.0094764,0.0026836
75.8800000,1.3783618,0.0534127,-9.6938906,-0.0012485,0.0095700,0.0019231
75.8900000,1.3358772,-0.0712637,-9.6163883,0.0007638,0.0059455,-0.0016377
75.9000000,1.3932683,0.0589934,-9.6167217,0.0000608,0.0082311,0.0022114
75.9100000,1.2860426,0.0554609,-9.7720271,0.0054283,0.0079244,-0.0006677
75.9200000,1.3498952,0.0718612,-9.6544790,-0.0056290,0.0124877,0.0034728
75.9300000,1.3919382,-0.0911162,-9.6484584,-0.0041243,0.0015513,0.0023169
75.9400000,1.3683588,0.0478276,-9.6496694,0.0056904,0.0072272,-0.0019512
75.9500000,1.3231477,0.0486047,-9.7172383,0.0047238,0.0090919,0.0005798
75.9600000,1.4190658,-0.0139500,-9.6288678,-0.0030130,0.0056573,0.0011294
75.9700000,1.3914711,-0.1082622,-9.6691289,-0.0040060,0.0058573,-0.0023100
75.9800000,1.3174421,-0.0259955,-9.5684558,-0.0018580,0.0097551,0.0010434
75.9900000,1.4037514,-0.0085278,-9.7342552,-0.0056921,0.0089145,-0.0047537
76.0000000,1.3219678,-0.0327938,-9.6405314,0.0028793,0.0053041,0.0034943
76.0100000,1.3834422,-0.0101150,-9.7134546,-0.0000529,0.0101722,0.0000067
76.0200000,1.3860780,0.0539781,-9.6393103,-0.0048093,0.0146633,0.0022244
76.0300000,1.3858289,0.0289916,-9.6351514,-0.0007195,0.0108872,-0.0059065
76.0400000,1.4644253,0.0381482,-9.6334277,-0.0006470,0.0064263,-0.0013142
76.0500000,1.3075971,0.0203948,-9.6060991,-0.0054607,0.0082726,0.0018834
76.0600000,1.4207258,-0.1181136,-9.7169008,-0.0022633,0.0055777,0.0011845
76.0700000,1.3855063,-0.0009382,-9.7016241,0.0050630,0.0052771,0.0056404
76.0800000,1.3389406,-0.0217744,-9.6329802,0.0021245,0.0063158,-0.0051391
76.0900000,1.3479169,0.0579801,-9.6532950,-0.0000126,0.0061158,-0.0041424
76.1000000,1.4228441,-0.0182362,-9.6482615,-0.0035920,0.0114680,-0.0005837
76.1100000,1.3419783,-0.0244619,-9.7111006,-0.0010954,0.0112845,-0.0012823
76.1200000,1.3297057,-0.0103160,-9.6794691,-0.0012259,0.0103076,-0.0014928
76.1300000,1.4864612,-0.0851474,-9.7024606,0.0014909,0.0097368,0.0003788
76.1400000,1.3641173,-0.0185994,-9.7045404,0.0049743,0.0090222,0.0059348
76.1500000,1.3462252,-0.1056794,-9.7114443,0.0036438,0.0068993,-0.0026574
76.1600000,1.4070201,-0.0713237,-9.6464192,0.0053910,0.0057454,0.0004347
76.1700000,1.3065996,0.0666959,-9.6601104,0.0036426,0.0060005,0.0045109
76.1800000,1.3385871,-0.0142160,-9.6489118,0.0054611,0.0043956,0.0007688
76.1900000,1.3825857,-0.0790943,-9.6637153,-0.0015932,0.0042946,-0.0026773
76.2000000,1.3392773,-0.0072927,-9.6998299,0.0037926,0.0024885,-0.0024732
76.2100000,1.4149603,0.0110779,-9.6888111,0.0035950,0.0043157,0.0017550
76.2200000,1.3119808,-0.0393593,-9.6911752,-0.0007572,0.0075036,-0.0017943
76.2300000,1.3601396,-0.0110650,-9.6875317,0.0012219,0.0080871,-0.0016918
76.2400000,1.3374671,-0.0202706,-9.6010960,0.0019747,0.0055822,-0.0038212
76.2500000,1.3524455,-0.0604618,-9.7465694,-0.0021730,0.0010269,-0.0015087
76.2600000,1.4058719,-0.0256897,-9.6463312,0.0016503,0.0068848,0.0028875
76.2700000,1.4336497,-0.0207178,-9.7160917,0.0001825,0.0069386,-0.0032221
76.2800000,1.3382491,0.0321137,-9.6788660,0.0013808,0.0090044,-0.0002456
76.2900000,1.3642876,-0.0638065,-9.6744776,-0.0012400,0.0133352,0.0030945
76.3000000,1.3513297,-0.0064226,-9.6411033,-0.0019127,0.0067901,0.0036886
76.3100000,1.4087795,-0.0317565,-9.6876821,0.0021616,0.0079429,-0.0013587
76.3200000,1.3309032,-0.0400095,-9.6481918,-0.0010174,0.0053589,-0.0054349
76.3300000,1.4925323,0.0133107,-9.6657033,-0.0053688,0.0098175,0.0008950
76.3400000,1.3523859,0.0674614,-9.6949344,-0.0009319,0.0085149,-0.0017783
76.3500000,1.3782496,0.0766839,-9.6409874,0.0028750,0.0046658,-0.0043528
76.3600000,1.3743072,-0.0133179,-9.6085694,-0.0025902,0.0133160,-0.0012018
76.3700000,1.3581284,0.0734364,-9.6194811,-0.0032323,0.0080905,-0.0015182
76.3800000,1.3669261,-0.0862674,-9.6684708,0.0005833,0.0102125,0.0029334
76.3900000,1.3565166,0.0048771,-9.6350475,0.0002466,0.0101113,-0.0008234
76.4000000,1.3729887,-0.0551495,-9.6337763,-0.0032137,0.0102064,-0.0019220
76.4100000,1.3982067,0.0337674,-9.6907246,0.0006611,0.0120684,-0.0013987
76.4200000,1.4276556,-0.0633900,-9.6134333,-0.0060219,0.0043543,-0.0005609
76.4300000,1.3563561,-0.0035153,-9.5679243,0.0020846,0.0052345,0.0069907
76.4400000,1.3787006,0.0038111,-9.6167401,-0.0018024,0.0058852,0.0055146
76.4500000,1.3911939,-0.0874173,-9.6030457,0.0040610,0.0119542,0.0011647
76.4600000,1.3520524,-0.0686081,-9.6354572,0.0049513,0.0103260,0.0015622
76.4700000,1.3704368,-0.0437480,-9.6375612,-0.0000208,0.0147138,0.0027635
76.4800000,1.4203178,0.0578478,-9.6884302,-0.0056546,0.0048797,-0.0047172
76.4900000,1.3755730,0.0344077,-9.6585606,-0.0038944,0.0132058,-0.0031790
76.5000000,1.3732261,0.0087649,-9.6381660,0.0034475,0.0101900,-0.0013889
76.5100000,1.4145573,-0.0313550,-9.6507766,0.0009468,0.0076064,-0.0018850
76.5200000,1.3755584,-0.0231258,-9.7912673,0.0035359,0.0062747,0.0003005
76.5300000,1.3858619,-0.0050217,-9.6444770,-0.0043573,0.0068222,-0.0013161
76.5400000,1.3644597,-0.0242497,-9.6748420,-0.0051825,0.0149624,0.0016733
76.5500000,1.3795812,-0.0303966,-9.6863540,0.0003166,0.0074448,0.0011812
76.5600000,1.4460075,-0.0545904,-9.7245813,0.0019115,0.0065350,-0.0036642
76.5700000,1.4029889,0.0479054,-9.6353756,-0.0043767,0.0048033,0.0031201
76.5800000,1.3590347,0.0141996,-9.6365171,0.0021217,0.0059187,0.0013614
76.5900000,1.4109072,0.0254437,-9.5669914,0.0062606,0.0099692,-0.0020544
76.6000000,1.3859453,-0.0080093,-9.7089649,0.0082333,0.0074028,-0.0062318
76.6100000,1.4371287,-0.0035338,-9.7364162,-0.0104297,0.0090526,-0.0032380
76.6200000,1.4333632,-0.0033753,-9.6443169,0.0017274,0.0110148,0.0051647
76.6300000,1.4382930,0.0448963,-9.6978249,-0.0043727,0.0132807,0.0028593
76.6400000,1.3986503,0.0410048,-9.6726837,-0.0008800,0.0063105,-0.0017486
76.6500000,1.3007559,-0.0747171,-9.6900704,0.0020402,0.0070747,-0.0002668
76.6600000,1.3491452,0.0129275,-9.5599103,0.0015726,0.0014410,-0.0015154
76.6700000,1.4208402,-0.0615406,-9.6900483,-0.0041103,0.0049536,-0.0005880
76.6800000,1.5461893,0.0866915,-9.6547280,0.0027169,0.0063633,0.0052260
76.6900000,1.3929492,0.0291508,-9.5796412,0.0026682,0.0073047,-0.0042070
76.7000000,1.3018339,-0.0001684,-9.6933940,-0.0037225,0.0120466,0.0010565
76.7100000,1.3896873,-0.0881866,-9.6226102,0.0014812,0.0053076,-0.0037764
76.7200000,1.4443290,0.0106261,-9.6376929,0.0020495,0.0068242,0.0019621
76.7300000,1.3836741,0.0142836,-9.6149899,-0.0062317,0.0101539,-0.0018105
76.7400000,1.3049835,-0.0150005,-9.7234967,-0.0001114,0.0093562,-0.0008350
76.7500000,1.4059614,0.0028261,-9.5820916,0.0033789,0.0076727,-0.0001234
76.7600000,1.4374983,0.0428949,-9.6361070,-0.0000852,0.0081241,0.0003156
76.7700000,1.3126601,-0.0362318,-9.7200345,0.0040186,0.0066650,0.0045682
76.7800000,1.4099943,-0.0003792,-9.7300025,-0.0054088,0.0080943,-0.0080800
76.7900000,1.4196053,0.0212217,-9.6713373,-0.0027680,0.0052242,0.0021394
76.8000000,1.4668521,-0.0183856,-9.6812816,-0.0045139,0.0060784,-0.0026334
76.8100000,1.3267686,-0.0278019,-9.6994501,-0.0008635,0.0086478,-0.0016452
76.8200000,1.3341743,-0.0077960,-9.7048218,0.0061438,0.0081112,-0.0020550
76.8300000,1.4126846,0.0470851,-9.5706001,0.0007259,0.0035717,0.0012172
76.8400000,1.3104116,0.0486143,-9.7386540,-0.0022229,0.0093071,0.0021585
76.8500000,1.4368223,0.0636826,-9.6767917,-0.0024571,0.0015656,0.0017096
76.8600000,1.2957696,-0.0141618,-9.6526832,-0.0008913,0.0048334,0.0011592
76.8700000,1.2694699,0.0555705,-9.6957236,0.0007353,0.0047075,0.0026185
76.8800000,1.5072200,-0.0185634,-9.6682273,-0.0020111,0.0073806,-0.0031603
76.8900000,1.4194340,-0.0563745,-9.6832675,-0.0015800,0.0083335,0.0019688
76.9000000,1.3275205,0.0066563,-9.6968964,-0.0009548,0.0106301,-0.0009185
76.9100000,1.4091971,0.0335253,-9.5893359,0.0038183,0.0070452,-0.0025964
76.9200000,1.3427026,0.0859646,-9.6588440,-0.0005700,0.0104695,-0.0007781
76.9300000,1.3634311,0.0999482,-9.7909269,-0.0007365,0.0055200,-0.0010453
76.9400000,1.3926420,0.0005284,-9.6988482,0.0041258,0.0112944,0.0032726
76.9500000,1.3521630,-0.0902593,-9.6540704,-0.0051372,0.0082136,-0.0041759
76.9600000,1.3548227,0.0352008,-9.6825699,0.0037124,0.0107816,-0.0015198
76.9700000,1.3666561,-0.0087032,-9.6736580,0.0021448,0.0062334,0.0042866
76.9800000,1.4495800,0.0549278,-9.6947651,-0.0011142,0.0129874,0.0003911
76.9900000,1.4124837,-0.0313059,-9.6596485,0.0035308,0.0071733,0.0007917
77.0000000,1.3755561,-0.0820389,-9.6626533,-0.0012771,0.0060018,-0.0023944
77.0100000,1.1978052,0.0699967,-9.6661378,-0.0002023,0.0034793,0.0021184
77.0200000,1.3060732,0.0676644,-9.6513968,0.0058152,0.0054212,-0.0019350
77.0300000,1.3139116,-0.0302851,-9.6921687,-0.0004788,0.0029875,0.0074668
77.0400000,1.3638622,0.0445723,-9.6611084,-0.0030340,0.0055885,-0.0008713
77.0500000,1.3205884,0.0144796,-9.6902496,-0.0040663,0.0111490,0.0030097
77.0600000,1.4087480,-0.0008774,-9.6278666,-0.0020162,0.0103041,-0.0029984
77.0700000,1.3396286,0.0252322,-9.6837961,-0.0004916,0.0033386,-0.0015150
77.0800000,1.3751705,0.0097156,-9.6684871,0.0067293,0.0093140,-0.0014331
77.0900000,1.3771478,-0.0137916,-9.7328820,0.0011983,0.0132467,-0.0014579
77.1000000,1.3395870,0.0055765,-9.7226855,0.0041933,0.0129325,0.0000537
77.1100000,1.2657680,-0.0763473,-9.6393647,0.0020994,0.0077082,-0.0016757
77.1200000,1.2743380,-0.0371429,-9.6946043,-0.0032344,0.0136673,-0.0003823
77.1300000,1.3531046,0.0475403,-9.7073949,0.0035780,0.0074625,0.0010792
77.1400000,1.3424852,0.0296169,-9.7040813,0.0036187,0.0143105,0.0012413
77.1500000,1.4084244,-0.0293444,-9.7103130,0.0020294,0.0098017,-0.0016365
77.1600000,1.3586158,0.0583717,-9.7151554,-0.0026698,0.0127662,0.0042515
77.1700000,1.3471465,0.0668845,-9.6326514,-0.0000670,0.0064996,-0.0022570
77.1800000,1.4706626,0.0093784,-9.7112829,-0.0046443,0.0085365,-0.0003692
77.1900000,1.2759158,0.0214501,-9.5846599,0.0049230,0.0073986,-0.0012976
77.2000000,1.3168143,-0.1166576,-9.7380277,-0.0023266,0.0080836,-0.0067171
77.2100000,1.3137542,0.0331786,-9.7234168,-0.0011747,0.0073869,-0.0033426
77.2200000,1.3895660,-0.0090255,-9.6634759,0.0017381,0.0083750,-0.0044969
77.2300000,1.3506112,0.0876973,-9.6564553,0.0035724,0.0101650,-0.0033235
77.2400000,1.4622094,-0.0349548,-9.6401691,0.0002157,0.0049435,0.0052525
77.2500000,1.3207605,-0.0820501,-9.6641145,-0.0013113,0.0006983,0.0027616
77.2600000,1.3385285,0.0009043,-9.7220209,-0.0015928,0.0100158,-0.0031459
77.2700000,1.4803945,-0.0307599,-9.7305589,0.0043549,0.0081688,0.0037244
77.2800000,1.4134546,-0.0256906,-9.6077843,0.0029840,0.0082467,-0.0054486
77.2900000,1.2984759,-0.0442340,-9.6922760,-0.0015792,0.0096464,0.0035225
77.3000000,1.3122594,-0.0428563,-9.6142493,-0.0073034,0.0081385,-0.0049550
77.3100000,1.3881574,0.0504794,-9.7060714,0.0029309,0.0054973,-0.0011783
77.3200000,1.3360390,0.0048457,-9.6843403,-0.0000390,0.0039414,0.0002282
77.3300000,1.3265853,-0.0315209,-9.5877201,-0.0019468,0.0003542,-0.0016781
77.3400000,1.4160092,0.0226238,-9.6716798,0.0004147,0.0039315,0.0056217
77.3500000,1.3406721,-0.0122353,-9.6572381,0.0020293,0.0103945,-0.0039931
77.3600000,1.3308873,-0.0230892,-9.7020386,-0.0028731,0.0104910,0.0066769
77.3700000,1.3610439,0.0964092,-9.6855052,-0.0019346,0.0050567,-0.0004487
77.3800000,1.3836304,-0.0253564,-9.6599982,0.0000656,0.0032490,-0.0003268
77.3900000,1.2815361,0.0106419,-9.6278145,0.0032389,0.0048295,0.0049332
77.4000000,1.4507683,-0.0798970,-9.6348890,-0.0016729,0.0041613,0.0012353
77.4100000,1.3077038,-0.0214023,-9.6305082,0.0026484,0.0107325,0.0013117
77.4200000,1.2822756,0.0209052,-9.7059925,0.0034820,0.0053876,0.0073734
77.4300000,1.3231647,0.0369229,-9.6946867,0.0024213,0.0056950,-0.0034010
77.4400000,1.3626383,0.0726067,-9.6858588,-0.0004116,0.0080049,0.0015762
77.4500000,1.4034784,0.0386782,-9.6658661,-0.0020967,0.0110261,0.0005040
77.4600000,1.3211592,0.0240737,-9.7353543,-0.0005403,0.0098703,-0.0018246
77.4700000,1.3386621,-0.0647141,-9.6869125,-0.0019710,0.0076234,0.0002356
77.4800000,1.2453065,0.0184328,-9.7241934,-0.0007296,0.0110633,0.0054568
77.4900000,1.3915297,-0.0203325,-9.7375901,0.0052145,0.0053977,0.0001539
77.5000000,1.4033267,0.0000631,-9.6731418,-0.0056033,0.0077706,0.0033949
77.5100000,1.2934715,0.0575210,-9.6586098,0.0016582,0.0077645,0.0034107
77.5200000,1.3313306,-0.0245488,-9.6138016,-0.0017109,0.0068073,0.0001398
77.5300000,1.3763414,-0.0207529,-9.6478029,-0.0018963,0.0050909,0.0005957
77.5400000,1.3995384,0.0176343,-9.6383615,-0.0015416,0.0089463,-0.0006273
77.5500000,1.3389532,0.0478964,-9.6787535,-0.0006862,0.0048446,0.0019632
77.5600000,1.3788223,-0.0484796,-9.6029916,-0.0019687,0.0101905,-0.0045199
77.5700000,1.4279613,0.0022424,-9.6954950,0.0036200,0.0095748,-0.0016580
77.5800000,1.2849927,0.0203678,-9.6045017,0.0026988,0.0056128,-0.0092723
77.5900000,1.2766118,0.0200514,-9.5873108,-0.0017894,0.0052343,0.0015949
77.6000000,1.3492798,-0.0020242,-9.5333557,-0.0025414,0.0025329,0.0033800
77.6100000,1.3042172,-0.0470786,-9.5805922,-0.0035030,0.0155405,-0.0022410
77.6200000,1.3856024,-0.0068346,-9.7089395,-0.0003500,0.0059916,0.0033483
77.6300000,1.2888025,-0.0148825,-9.6250631,0.0093626,0.0028480,0.0012276
77.6400000,1.2981986,-0.0652048,-9.7273574,0.0075383,0.0093540,0.0045934
77.6500000,1.3729665,-0.0056419,-9.6439681,0.0014215,0.0066376,0.0019241
77.6600000,1.3355840,-0.0120163,-9.6620552,-0.0007114,0.0080582,-0.0004948
77.6700000,1.3296112,-0.0150831,-9.6929381,0.0014126,0.0096145,0.0027414
77.6800000,1.3353811,-0.0725763,-9.6870447,-0.0019362,0.0092726,-0.0058205
77.6900000,1.3628070,-0.0278590,-9.6350016,0.0016515,0.0076306,-0.0000417
77.7000000,1.3373393,-0.0812898,-9.6655426,-0.0003762,0.0091860,-0.0018067
77.7100000,1.3258923,-0.0005808,-9.6004466,0.0006841,0.0094018,0.0017749
77.7200000,1.3571412,-0.0697076,-9.7314152,0.0036351,0.0075380,-0.0020710
77.7300000,1.3485649,-0.0741857,-9.6272788,-0.0058967,0.0080862,-0.0044660
77.7400000,1.4320792,-0.0314311,-9.6599713,-0.0018691,0.0085123,0.0016087
77.7500000,1.3420773,0.0394062,-9.7091420,-0.0006616,0.0052079,0.0013256
77.7600000,1.3984112,0.0281399,-9.6505296,-0.0075084,0.0035718,0.0041031
77.7700000,1.3370897,0.0100054,-9.6986959,-0.0000323,0.0106949,-0.0026158
77.7800000,1.3493140,0.0665331,-9.6567829,-0.0009963,0.0142776,-0.0025248
77.7900000,1.3722778,-0.0229409,-9.6617860,0.0012547,0.0062875,0.0009566
77.8000000,1.3146675,-0.0465483,-9.6720949,0.0002304,0.0063414,0.0021035
77.8100000,1.4377205,-0.0489024,-9.6777138,0.0035190,0.0069113,-0.0027648
77.8200000,1.3781070,0.0034268,-9.7133152,0.0021647,0.0059166,-0.0007673
77.8300000,1.4414070,0.0435025,-9.6859008,-0.0022706,0.0108041,0.0021338
77.8400000,1.3428502,-0.0696544,-9.6921330,-0.0028131,0.0113505,-0.0047242
77.8500000,1.4079833,0.0228645,-9.7015543,0.0031467,0.0086710,-0.0040186
77.8600000,1.3267228,0.0117544,-9.7411791,-0.0012096,0.0091682,0.0012647
77.8700000,1.3774281,-0.0285320,-9.6595912,-0.0018254,0.0088391,-0.0002081
77.8800000,1.3104428,-0.1194420,-9.7286861,0.0003516,0.0162742,0.0012790
77.8900000,1.2648370,0.0439852,-9.7100297,-0.0005350,0.0081300,-0.0019605
77.9000000,1.4282035,0.0042680,-9.6566572,-0.0063055,0.0134112,0.0041134
77.9100000,1.2513683,-0.0428636,-9.7264220,0.0010124,0.0100462,0.0034062
77.9200000,1.3186052,-0.0766048,-9.6869288,-0.0014256,0.0067737,0.0005374
77.9300000,1.4107283,0.0024232,-9.6815804,-0.0005846,0.0053458,0.0017075
77.9400000,1.3184089,0.0204808,-9.6914028,-0.0007188,0.0103581,-0.0003779
77.9500000,1.3634766,0.0098342,-9.6222848,-0.0006057,0.0037381,0.0028237
77.9600000,1.4102514,0.0420556,-9.7231223,0.0042004,0.0092997,-0.0016730
77.9700000,1.4245086,-0.0499267,-9.6209497,-0.0008077,0.0145372,-0.0003390
77.9800000,1.3282484,0.0403498,-9.6094378,-0.0032786,0.0114044,0.0053042
77.9900000,1.3098356,0.0381012,-9.7382098,0.0026006,0.0068573,-0.0011055
78.0000000,1.3292486,0.0636428,-9.6418270,-0.0051991,0.0130115,-0.0003606
78.0100000,1.3680340,-0.0757784,-9.5877216,0.0003015,0.0104197,-0.0017311
78.0200000,1.3886027,-0.0351227,-9.6701575,0.0018840,0.0083738,0.0004379
78.0300000,1.3306280,-0.0535311,-9.6060211,-0.0030078,0.0029660,-0.0007351
78.0400000,1.3727854,0.0426067,-9.5052309,0.0017396,0.0124399,0.0077518
78.0500000,1.3803820,0.0038672,-9.6057076,-0.0012700,0.0093670,0.0015751
78.0600000,1.3615873,0.0188972,-9.6256239,-0.0008241,0.0130483,0.0016723
78.0700000,1.3808828,-0.0538709,-9.6344709,0.0026402,0.0085235,-0.0012439
78.0800000,1.3163010,0.0820581,-9.6199428,-0.0033785,0.0131997,-0.0025915
78.0900000,1.3187061,-0.0386370,-9.6476614,0.0017418,0.0054448,0.0025102
78.1000000,1.3704109,0.0509208,-9.6229916,0.0023594,0.0039231,-0.0016226
78.1100000,1.3411529,-0.0268893,-9.6999862,0.0071430,0.0036767,-0.0013204
78.1200000,1.3421059,-0.0273123,-9.6836459,0.0009043,0.0094244,0.0036654
78.1300000,1.4063873,0.0367247,-9.6236596,0.0073606,0.0021046,-0.0041015
78.1400000,1.2849018,0.1195967,-9.6854343,-0.0018220,0.0102336,-0.0028978
78.1500000,1.3147335,-0.0354434,-9.6407542,0.0021257,0.0080316,0.0008879
78.1600000,1.3263881,-0.0068816,-9.6749796,0.0001214,0.0145052,-0.0003491
78.1700000,1.3725389,-0.0599673,-9.7292577,-0.0015796,0.0043984,0.0013997
78.1800000,1.4256837,-0.0118837,-9.7745211,0.0041835,0.0054208,0.0017515
78.1900000,1.3061507,0.0378360,-9.6036578,-0.0011343,0.0056128,-0.0033516
78.2000000,1.3595222,-0.0644431,-9.6962380,-0.0040673,0.0052500,-0.0027479
78.2100000,1.2731957,-0.0376445,-9.7076150,0.0061517,0.0038227,0.0003374
78.2200000,1.3133746,-0.0058506,-9.7455159,-0.0023527,0.0086807,0.0026142
78.2300000,1.3369784,-0.0306925,-9.6768923,-0.0029248,0.0048033,-0.0035388
78.2400000,1.4200022,0.0210020,-9.6475024,-0.0023814,0.0013613,0.0052046
78.2500000,1.4236823,-0.0419178,-9.6599079,-0.0013309,0.0133516,0.0028875
78.2600000,1.2992715,0.0362356,-9.7427204,0.0014692,0.0093129,0.0010990
78.2700000,1.3244097,-0.0517434,-9.7018300,-0.0012901,0.0078314,0.0022195
78.2800000,1.3287397,0.0455155,-9.7035209,-0.0021445,0.0071834,-0.0014582
78.2900000,1.3114810,-0.0125062,-9.6629601,-0.0017959,0.0096583,0.0060723
78.3000000,1.3852235,-0.0454098,-9.7125870,-0.0020010,0.0030372,-0.0033432
78.3100000,1.2708439,-0.0277064,-9.6984341,-0.0015497,0.0084599,0.0020355
78.3200000,1.4125835,-0.0400416,-9.6976504,-0.0009095,0.0083653,0.0008981
78.3300000,1.3669652,0.0113121,-9.7119712,0.0028583,0.0093247,-0.0011702
78.3400000,1.4087329,-0.0267211,-9.6505915,0.0034367,0.0082968,0.0025867
78.3500000,1.3273587,0.0261675,-9.6761104,0.0031210,0.0051627,-0.0012066
78.3600000,1.2688011,0.0160040,-9.6390773,-0.0055455,0.0085725,-0.0016178
78.3700000,1.3766220,0.0136048,-9.6968362,-0.0061305,0.0120397,0.0015358
78.3800000,1.3020442,0.0504802,-9.7283358,-0.0007975,0.0068009,-0.0008226
78.3900000,1.3862400,0.0357995,-9.7133985,-0.0028292,0.0122021,-0.0007559
78.4000000,1.3474577,0.0229386,-9.7729797,0.0006715,0.0085354,-0.0039072
78.4100000,1.3478533,-0.0034716,-9.6236790,0.0021656,0.0068857,0.0021190
78.4200000,1.3900587,0.0559051,-9.6887237,0.0013699,0.0105444,0.0020714
78.4300000,1.2953016,0.0141712,-9.7164016,-0.0042537,0.0121505,-0.0017527
78.4400000,1.3511216,-0.0468935,-9.6673264,-0.0026333,0.0096935,0.0016359
78.4500000,1.3421631,-0.0168457,-9.7166692,0.0024972,0.0103048,0.0011140
78.4600000,1.4496537,-0.0338099,-9.7181957,0.0003443,0.0136956,0.0021310
78.4700000,1.4006471,-0.0838257,-9.6793176,0.0017656,0.0076480,0.0019596
78.4800000,1.3160576,-0.0580147,-9.7434775,-0.0020942,0.0082843,-0.0020763
78.4900000,1.3018838,0.0024035,-9.6717776,-0.0037531,0.0063629,-0.0027716
78.5000000,1.2822457,0.0079147,-9.6339009,0.0023961,0.0081709,0.0021926
78.5100000,1.3773833,-0.0130391,-9.6604704,0.0030989,0.0087166,-0.0042761
78.5200000,1.2504208,0.0144350,-9.6107313,0.0020335,0.0067079,-0.0033560
78.5300000,1.3258122,0.0810806,-9.6677741,-0.0028251,0.0098893,-0.0014965
78.5400000,1.3650617,-0.0678776,-9.7024851,0.0010105,0.0066693,-0.0002620
78.5500000,1.2996235,-0.0449398,-9.6641594,0.0034237,0.0119743,-0.0039203
78.5600000,1.2904660,0.0239178,-9.6374796,-0.0001011,0.0054870,-0.0004702
78.5700000,1.3509039,0.0008864,-9.6481001,-0.0032316,0.0070135,-0.0016174
78.5800000,1.3293079,-0.0125915,-9.7126354,0.0002994,0.0109639,-0.0008733
78.5900000,1.2856502,-0.1012515,-9.7167745,0.0079302,0.0128166,0.0012889
78.6000000,1.2861082,0.1124419,-9.7026962,-0.0014453,0.0065445,0.0022268
78.6100000,1.3252978,0.0533955,-9.7909854,-0.0021572,0.0091263,0.0035751
78.6200000,1.2988538,-0.0019987,-9.6149097,0.0024757,0.0090047,-0.0043439
78.6300000,1.2553694,0.0373596,-9.6297631,-0.0010285,0.0070822,-0.0022488
78.6400000,1.3309077,0.0697021,-9.7189891,-0.0033941,0.0111256,-0.0013260
78.6500000,1.3613692,-0.0531911,-9.6591724,-0.0018400,0.0105179,-0.0012657
78.6600000,1.3851417,0.0492633,-9.7597919,0.0033724,0.0102072,0.0059865
78.6700000,1.3111072,0.0655833,-9.6145923,0.0029760,0.0089826,-0.0008386
78.6800000,1.3190153,0.0400520,-9.6949505,-0.0011090,0.0037069,0.0034864
78.6900000,1.3104521,0.0137657,-9.6878510,-0.0065861,0.0132415,-0.0008836
78.7000000,1.3447851,-0.0063520,-9.6682440,-0.0010320,0.0078535,-0.0029164
78.7100000,1.2951472,0.0411712,-9.6388470,0.0005028,0.0098958,0.0002660
78.7200000,1.3400737,-0.0172734,-9.6664503,-0.0031187,0.0104838,0.0022242
78.7300000,1.2529965,-0.0128047,-9.6279348,0.0031527,0.0094541,0.0004802
78.7400000,1.3381226,0.0147245,-9.6799081,0.0040731,0.0103250,-0.0050257
78.7500000,1.3645561,-0.0042474,-9.6343693,0.0004459,0.0118202,-0.0052080
78.7600000,1.3004496,-0.0261164,-9.7462990,-0.0001534,0.0054367,0.0028754
78.7700000,1.3290926,0.1170437,-9.7178386,0.0007646,0.0047328,-0.0019328
78.7800000,1.4108642,-0.0085865,-9.6861388,-0.0023451,0.0049855,0.0017728
78.7900000,1.2944085,0.0221519,-9.6988402,-0.0065283,0.0124540,-0.0021561
78.8000000,1.4021706,-0.0501715,-9.6083663,0.0026520,0.0077091,-0.0003873
78.8100000,1.3970956,-0.0655379,-9.7512309,-0.0012002,0.0111667,0.0017726
78.8200000,1.3552965,0.0018191,-9.6222421,0.0017049,0.0046321,-0.0011835
78.8300000,1.3550300,0.0046251,-9.6546815,0.0008303,0.0068190,0.0050994
78.8400000,1.3261097,-0.0382735,-9.6706361,-0.0002737,0.0096638,-0.0038971
78.8500000,1.4150148,-0.0674927,-9.6228143,-0.0047673,0.0062226,0.0037842
78.8600000,1.3483024,-0.0122647,-9.6411272,0.0013753,0.0072419,0.0000914
78.8700000,1.2503755,-0.0136788,-9.6127112,0.0018992,0.0107300,-0.0064666
78.8800000,1.3365319,-0.0637870,-9.7400796,-0.0040728,0.0090020,0.0045422
78.8900000,1.3230339,0.0720967,-9.6541626,-0.0052004,0.0093764,0.0022288
78.9000000,1.2809844,0.0063906,-9.6512872,0.0023369,0.0083991,0.0021782
78.9100000,1.3331029,-0.0474040,-9.7880952,-0.0071562,0.0092777,-0.0030992
78.9200000,1.2496593,0.0180533,-9.6408997,-0.0021097,0.0121960,0.0026318
78.9300000,1.3565229,0.0513494,-9.6351806,0.0019093,0.0095305,-0.0049918
78.9400000,1.2145658,0.0870637,-9.6087191,-0.0007763,0.0095752,-0.0000021
78.9500000,1.3913009,-0.0932064,-9.6258886,-0.0005877,0.0061199,0.0029594
78.9600000,1.2969372,-0.0640146,-9.6862440,-0.0024890,0.0109303,0.0063159
78.9700000,1.2908842,-0.0057306,-9.6727745,-0.0027711,0.0082016,-0.0031092
78.9800000,1.3192647,-0.0488245,-9.6417376,0.0032915,0.0059905,-0.0014088
78.9900000,1.2442047,0.0104065,-9.6815001,-0.0023447,0.0058353,-0.0047183
79.0000000,1.3316226,-0.0267118,-9.6753010,-0.0002055,0.0082789,-0.0009307
79.0100000,1.2522006,-0.0208129,-9.5992480,0.0023963,0.0126941,0.0044518
79.0200000,1.3193097,0.0517084,-9.5894871,0.0030058,0.0011563,-0.0006317
79.0300000,1.3965899,0.0377830,-9.7177598,0.0017745,0.0089626,0.0033265
79.0400000,1.4372697,-0.0512971,-9.6563244,-0.0012719,0.0053365,0.0015307
79.0500000,1.3353358,-0.0814088,-9.6982772,0.0039133,0.0069950,-0.0041057
79.0600000,1.3343199,0.0209918,-9.6937527,0.0013792,0.0092488,-0.0003252
79.0700000,1.3264946,-0.0304979,-9.6762935,-0.0046514,0.0069662,-0.0001706
79.0800000,1.3503306,-0.0630828,-9.6907612,0.0038850,0.0086518,0.0028251
79.0900000,1.3309244,-0.0499754,-9.5893878,0.0035212,0.0136251,-0.0003022
79.1000000,1.3509177,0.0432573,-9.7100898,0.0020229,0.0132250,-0.0006668
79.1100000,1.3385017,0.0146103,-9.7405896,-0.0016310,0.0061334,-0.0030517
79.1200000,1.3229293,-0.0251996,-9.7118375,-0.0001414,0.0081130,0.0032935
79.1300000,1.2919013,-0.0940561,-9.6334341,-0.0028367,0.0093462,0.0012133
79.1400000,1.3739092,0.0238805,-9.6869224,0.0019402,0.0094196,-0.0007781
79.1500000,1.3221231,-0.0646525,-9.7724139,-0.0034365,0.0095810,-0.0036420
79.1600000,1.3454317,0.0606309,-9.6419501,-0.0021307,0.0089621,-0.0005306
79.1700000,1.3788196,-0.0152057,-9.6452678,0.0014783,0.0088292,0.0023772
79.1800000,1.2860147,0.0552746,-9.7685816,0.0009525,0.0141192,-0.0005220
79.1900000,1.3808949,-0.0195849,-9.5908721,-0.0039090,0.0088293,-0.0040943
79.2000000,1.4167816,-0.0896574,-9.7026103,-0.0011741,0.0083208,0.0045145
79.2100000,1.3239941,0.0487500,-9.6837112,0.0029258,0.0140978,-0.0041705
79.2200000,1.3699066,0.0744207,-9.6617200,0.0044159,0.0017847,0.0016866
79.2300000,1.2893950,0.0662536,-9.6172480,-0.0039417,0.0095923,0.0012654
79.2400000,1.3147191,0.0514724,-9.6937226,0.0030157,0.0102414,0.0039680
79.2500000,1.2877376,-0.0419907,-9.7423068,-0.0006929,0.0041584,-0.0013740
79.2600000,1.2201413,-0.0095294,-9.6797156,-0.0042519,0.0066983,-0.0009741
79.2700000,1.2846467,0.0823517,-9.6911483,0.0047362,0.0112769,0.0006240
79.2800000,1.3652192,0.0088606,-9.6399013,0.0019409,0.0086103,-0.0025352
79.2900000,1.3329150,0.0483704,-9.6877765,-0.0059119,0.0053420,0.0011497
79.3000000,1.2339071,0.0383378,-9.6820456,0.0011068,0.0098871,-0.0044484
79.3100000,1.2257921,-0.0209693,-9.6512943,0.0003296,0.0057177,0.0018873
79.3200000,1.3823936,-0.0450405,-9.6985663,0.0005726,0.0084815,-0.0004133
79.3300000,1.2634211,-0.0811914,-9.7004605,0.0020761,0.0085226,0.0004398
79.3400000,1.1961575,-0.0235836,-9.6162294,-0.0003979,0.0061858,-0.0046811
79.3500000,1.2920738,0.0589002,-9.6997745,-0.0003016,0.0044368,0.0029784
79.3600000,1.2823077,-0.0823637,-9.6097609,-0.0096366,0.0049163,-0.0025197
79.3700000,1.3434927,0.0118382,-9.6651696,0.0003358,0.0114344,-0.0068160
79.3800000,1.3074876,-0.0730705,-9.7489646,0.0008603,0.0071669,0.0029953
79.3900000,1.2589288,-0.0132713,-9.6712965,0.0025784,0.0033524,-0.0019894
79.4000000,1.3245883,0.0121444,-9.5389653,0.0078511,0.0078855,0.0000207
79.4100000,1.3477734,0.0304992,-9.6348988,-0.0025553,0.0087862,0.0013967
79.4200000,1.3624314,-0.0364670,-9.6010901,-0.0014565,0.0071513,-0.0035141
79.4300000,1.3422842,-0.0671652,-9.6452492,0.0006827,0.0083218,0.0010522
79.4400000,1.2636189,-0.0431057,-9.6843715,0.0017890,0.0119716,0.0004427
79.4500000,1.3991098,-0.0256911,-9.6032146,-0.0004876,0.0143245,0.0000629
79.4600000,1.2161323,-0.0156347,-9.7460755,-0.0032586,0.0086826,-0.0044960
79.4700000,1.3122071,-0.0904568,-9.6021900,0.0025551,0.0088147,0.0020771
79.4800000,1.2937428,0.0109466,-9.6485847,0.0020326,0.0042539,0.0049978
79.4900000,1.3041132,0.0870256,-9.5558295,-0.0010522,0.0114851,0.0011172
79.5000000,1.3781211,-0.0395820,-9.6764698,-0.0003373,0.0081804,-0.0024259
79.5100000,1.3491922,-0.0875028,-9.6339185,-0.0027321,0.0149272,-0.0027639
79.5200000,1.3378390,-0.0003192,-9.7022788,0.0017523,0.0066884,-0.0005409
79.5300000,1.3490290,0.0165351,-9.7964093,-0.0035417,0.0066856,-0.0066715
79.5400000,1.4175202,0.0762396,-9.7075250,0.0027771,0.0093693,-0.0026910
79.5500000,1.3692402,-0.0086193,-9.6363802,0.0048806,0.0060648,-0.0039736
79.5600000,1.3198493,0.0638861,-9.6803454,0.0065870,0.0059356,0.0073470
79.5700000,1.3129537,0.0691534,-9.6091472,0.0058024,0.0047452,0.0015934
79.5800000,1.2689833,-0.0695895,-9.6624937,0.0034272,0.0064092,0.0044715
79.5900000,1.3005124,0.0836359,-9.7479580,0.0024876,0.0050881,-0.0038561
79.6000000,1.2689639,0.0369348,-9.6643767,0.0013116,0.0095931,-0.0007906
79.6100000,1.3276637,-0.0812468,-9.6903678,-0.0025241,0.0047886,-0.0018384
79.6200000,1.3397053,0.0460517,-9.7162121,0.0029563,0.0085311,-0.0007521
79.6300000,1.2787515,0.0418218,-9.6855569,-0.0058752,0.0031557,0.0050704
79.6400000,1.2753153,-0.0077153,-9.6788362,-0.0003556,0.0061063,0.0031764
79.6500000,1.3540373,-0.0206437,-9.5702438,0.0011141,0.0067404,-0.0026711
79.6600000,1.3049176,-0.0148380,-9.6097388,-0.0003026,0.0068301,-0.0057745
79.6700000,1.3014136,-0.0936332,-9.7148659,-0.0034568,0.0079324,0.0020986
79.6800000,1.3313715,0.0819599,-9.6554379,0.0000461,0.0030265,0.0047375
79.6900000,1.3491888,0.0693153,-9.6648461,0.0007256,0.0058428,-0.0002858
79.7000000,1.3185627,0.1083764,-9.6439805,-0.0013406,0.0061331,0.0012989
79.7100000,1.3287490,0.0532075,-9.6188552,0.0013684,0.0088872,-0.0006420
79.7200000,1.3339756,-0.0748070,-9.6790080,0.0030904,0.0055464,-0.0035055
79.7300000,1.3563100,0.0210383,-9.7159180,0.0037121,0.0096177,0.0016557
79.7400000,1.3892782,0.0102569,-9.7350553,-0.0029676,0.0077062,-0.0007665
79.7500000,1.4746710,-0.0969096,-9.7158949,-0.0011817,0.0097192,-0.0027291
79.7600000,1.2862879,-0.1064746,-9.6581611,0.0058614,0.0064269,0.0037418
79.7700000,1.2994607,0.0113389,-9.6219888,-0.0008213,0.0071185,-0.0029726
79.7800000,1.2926711,-0.0045275,-9.6455201,0.0042384,0.0043642,0.0014444
79.7900000,1.3491840,0.0374969,-9.6991013,-0.0012824,0.0061048,0.0042823
79.8000000,1.3032495,-0.0365578,-9.6641957,0.0003574,0.0092769,-0.0012883
79.8100000,1.3539921,-0.0426921,-9.7244055,0.0026083,0.0119990,0.0024140
79.8200000,1.3886776,-0.0105980,-9.7462305,-0.0045737,0.0040193,-0.0024595
79.8300000,1.3347739,0.0578660,-9.5922333,-0.0001709,0.0128800,-0.0042660
79.8400000,1.3398271,-0.0316537,-9.6676630,0.0015626,0.0058915,0.0021347
79.8500000,1.3888007,0.0183327,-9.6125407,-0.0024352,0.0080203,-0.0013111
79.8600000,1.2825533,-0.0103730,-9.7292582,-0.0023151,0.0054460,0.0012482
79.8700000,1.4063818,-0.0154770,-9.7012232,0.0000372,0.0116497,-0.0016303
79.8800000,1.3268711,0.0132795,-9.6220330,0.0056728,0.0127690,-0.0048294
79.8900000,1.3344386,-0.0317893,-9.6540198,0.0006791,0.0056143,-0.0021349
79.9000000,1.2775755,0.0167663,-9.6516691,-0.0049432,0.0069658,0.0029926
79.9100000,1.3659790,-0.0860670,-9.6432287,-0.0001592,0.0043778,-0.0030524
79.9200000,1.2987023,-0.0372598,-9.6588729,0.0004255,0.0029267,-0.0017370
79.9300000,1.2328384,-0.0133373,-9.7256625,0.0000809,0.0097833,0.0010750
79.9400000,1.2885081,-0.0259907,-9.6505105,0.0012924,0.0084895,-0.0017206
79.9500000,1.3213104,-0.0385593,-9.6974257,-0.0041718,0.0101226,-0.0003797
79.9600000,1.3350147,0.0457190,-9.6815289,0.0008875,0.0024764,-0.0000095
79.9700000,1.4498257,0.0138429,-9.6416994,-0.0006654,0.0062491,-0.0020511
79.9800000,1.3047693,0.0084969,-9.6822748,0.0028487,0.0101774,0.0028513
79.9900000,1.2673804,-0.0006457,-9.6936556,-0.0008691,0.0044754,0.0064898
